wl,Ag_k,PDMS_k
0.40,2.090000,0.00000140
0.41,2.203000,0.00000138
0.42,2.310000,0.00000138
0.43,2.413000,0.00000140
0.44,2.513000,0.00000140
0.45,2.609000,0.00000141
0.46,2.703000,0.00000142
0.47,2.795000,0.00000143
0.48,2.886000,0.00000143
0.49,2.974000,0.00000146
0.50,3.062000,0.00000146
0.51,3.148000,0.00000147
0.52,3.233000,0.00000148
0.53,3.318000,0.00000148
0.54,3.401000,0.00000149
0.55,3.484000,0.00000151
0.56,3.566000,0.00000150
0.57,3.648000,0.00000153
0.58,3.728000,0.00000155
0.59,3.809000,0.00000154
0.60,3.889000,0.00000157
0.61,3.968000,0.00000157
0.62,4.048000,0.00000157
0.63,4.126000,0.00000158
0.64,4.205000,0.00000158
0.65,4.283000,0.00000159
0.66,4.361000,0.00000158
0.67,4.438000,0.00000159
0.68,4.516000,0.00000160
0.69,4.593000,0.00000160
0.70,4.669000,0.00000161
0.71,4.746000,0.00000162
0.72,4.823000,0.00000163
0.73,4.899000,0.00000164
0.74,4.975000,0.00000169
0.75,5.051000,0.00000166
0.76,5.126000,0.00000165
0.77,5.202000,0.00000167
0.78,5.278000,0.00000167
0.79,5.353000,0.00000167
0.80,5.428000,0.00000169
0.81,5.503000,0.00000170
0.82,5.578000,0.00000172
0.83,5.653000,0.00000173
0.84,5.728000,0.00000162
0.85,5.802000,0.00000176
0.86,5.877000,0.00000170
0.87,5.951000,0.00000222
0.88,6.026000,0.00000234
0.89,6.100000,0.00000239
0.90,6.174000,0.00000232
0.91,6.248000,0.00000231
0.92,6.322000,0.00000279
0.93,6.396000,0.00000260
0.94,6.470000,0.00000258
0.95,6.544000,0.00000232
0.96,6.618000,0.00000278
0.97,6.691000,0.00000263
0.98,6.765000,0.00000245
0.99,6.838000,0.00000256
1.00,6.912000,0.00000288
1.01,6.985000,0.00000226
1.02,7.059000,0.00000261
1.03,7.132000,0.00000254
1.04,7.206000,0.00000244
1.05,7.279000,0.00000238
1.06,7.352000,0.00000247
1.07,7.425000,0.00000252
1.08,7.498000,0.00000257
1.09,7.571000,0.00000276
1.10,7.645000,0.00000270
1.11,7.718000,0.00000240
1.12,7.791000,0.00000266
1.13,7.863000,0.00000285
1.14,7.936000,0.00000342
1.15,8.009000,0.00000481
1.16,8.082000,0.00000484
1.17,8.155000,0.00000534
1.18,8.228000,0.00001100
1.19,8.300000,0.00001460
1.20,8.373000,0.00000475
1.21,8.446000,0.00000387
1.22,8.518000,0.00000370
1.23,8.591000,0.00000300
1.24,8.664000,0.00000289
1.25,8.736000,0.00000300
1.26,8.809000,0.00000304
1.27,8.875000,0.00000316
1.28,8.948000,0.00000319
1.29,9.020500,0.00000311
1.30,9.094500,0.00000314
1.31,9.168500,0.00000311
1.32,9.243000,0.00000312
1.33,9.309000,0.00000325
1.34,9.384500,0.00000354
1.35,9.451000,0.00000413
1.36,9.524000,0.00000543
1.37,9.586000,0.00000945
1.38,9.670000,0.00000979
1.39,9.734000,0.00001140
1.40,9.820000,0.00001420
1.41,9.886000,0.00001240
1.42,9.953000,0.00000787
1.43,10.030000,0.00000699
1.44,10.100000,0.00000605
1.45,10.180000,0.00000511
1.46,10.255000,0.00000512
1.47,10.325000,0.00000510
1.48,10.400000,0.00000303
1.49,10.470000,0.00000534
1.50,10.530000,0.00000584
1.51,10.610000,0.00000690
1.52,10.680000,0.00000780
1.53,10.755000,0.00000785
1.54,10.830000,0.00000798
1.55,10.890000,0.00000783
1.56,10.970000,0.00000728
1.57,11.045000,0.00000595
1.58,11.110000,0.00000523
1.59,11.185000,0.00000501
1.60,11.250000,0.00000504
1.61,11.330000,0.00000517
1.62,11.395000,0.00000553
1.63,11.475000,0.00000614
1.64,11.540000,0.00000767
1.65,11.620000,0.00000977
1.66,11.685000,0.00001020
1.67,11.755000,0.00001080
1.68,11.835000,0.00001810
1.69,11.900000,0.00007250
1.70,11.970000,0.00005970
1.71,12.035000,0.00003220
1.72,12.125000,0.00002160
1.73,12.190000,0.00003960
1.74,12.260000,0.00007030
1.75,12.330000,0.00007410
1.76,12.400000,0.00003460
1.77,12.486667,0.00002280
1.78,12.575000,0.00002780
1.79,12.650000,0.00002360
1.80,12.720000,0.00001260
1.81,12.790000,0.00000926
1.82,12.860000,0.00000887
1.83,12.910000,0.00001390
1.84,12.975000,0.00001970
1.85,13.045000,0.00002290
1.86,13.120000,0.00001350
1.87,13.190000,0.00000820
1.88,13.265000,0.00000743
1.89,13.340000,0.00000787
1.90,13.400000,0.00000845
1.91,13.475000,0.00000883
1.92,13.550000,0.00000957
1.93,13.636667,0.00001010
1.94,13.700000,0.00001080
1.95,13.760000,0.00001110
1.96,13.835000,0.00001250
1.97,13.920000,0.00001450
1.98,13.975000,0.00001420
1.99,14.066667,0.00001400
2.00,14.130000,0.00001310
2.01,14.180000,0.00001200
2.02,14.290000,0.00001230
2.03,14.357500,0.00001030
2.04,14.425000,0.00001010
2.05,14.495000,0.00000095
2.06,14.565000,0.00000881
2.07,14.635000,0.00000839
2.08,14.705000,0.00000830
2.09,14.780000,0.00000851
2.10,14.855000,0.00000899
2.11,14.925000,0.00000964
2.12,14.995000,0.00001050
2.13,15.057500,0.00001200
2.14,15.120000,0.00001420
2.15,15.200000,0.00001730
2.16,15.277500,0.00001960
2.17,15.355000,0.00002380
2.18,15.417500,0.00002980
2.19,15.480000,0.00003830
2.20,15.565000,0.00004460
2.21,15.632500,0.00005460
2.22,15.700000,0.00006480
2.23,15.780000,0.00007020
2.24,15.860000,0.00007630
2.25,15.915000,0.00008030
2.26,15.970000,0.00008480
2.27,16.060000,0.00008590
2.28,16.140000,0.00008610
2.29,16.200000,0.00008630
2.30,16.260000,0.00008770
2.31,16.350000,0.00008900
2.32,16.440000,0.00008910
2.33,16.500000,0.00008670
2.34,16.560000,0.00008380
2.35,16.620000,0.00008490
2.36,16.680000,0.00008790
2.37,16.770000,0.00009290
2.38,16.860000,0.00009520
2.39,16.920000,0.00009550
2.40,16.985000,0.00009510
2.41,17.050000,0.00009400
2.42,17.120000,0.00009050
2.43,17.180000,0.00008790
2.44,17.275000,0.00009000
2.45,17.342500,0.00009570
2.46,17.410000,0.00009980
2.47,17.510000,0.00009930
2.48,17.580000,0.00009860
2.49,17.650000,0.00009800
2.50,17.710000,0.00009740
2.51,17.780000,0.00009510
2.52,17.850000,0.00009130
2.53,17.920000,0.00008860
2.54,17.990000,0.00008740
2.55,18.060000,0.00008690
2.56,18.140000,0.00008800
2.57,18.210000,0.00009200
2.58,18.280000,0.00009700
2.59,18.350000,0.00010000
2.60,18.430000,0.00010300
2.61,18.500000,0.00010600
2.62,18.580000,0.00010800
2.63,18.650000,0.00010800
2.64,18.690000,0.00010800
2.65,18.730000,0.00010800
2.66,18.810000,0.00010900
2.67,18.890000,0.00010900
2.68,18.960000,0.00010800
2.69,19.040000,0.00010950
2.70,19.120000,0.00011025
2.71,19.200000,0.00011100
2.72,19.280000,0.00011200
2.73,19.360000,0.00011400
2.74,19.405000,0.00011400
2.75,19.450000,0.00011400
2.76,19.530000,0.00011300
2.77,19.610000,0.00011500
2.78,19.700000,0.00011600
2.79,19.780000,0.00011600
2.80,19.825000,0.00011700
2.81,19.870000,0.00011800
2.82,19.960000,0.00011900
2.83,20.040000,0.00011950
2.84,20.130000,0.00012000
2.85,20.220000,0.00012100
2.86,20.265000,0.00012100
2.87,20.310000,0.00012150
2.88,20.400000,0.00012125
2.89,20.490000,0.00012100
2.90,20.535000,0.00012100
2.91,20.580000,0.00012100
2.92,20.680000,0.00012200
2.93,20.770000,0.00012200
2.94,20.815000,0.00012200
2.95,20.860000,0.00012200
2.96,20.960000,0.00012400
2.97,21.060000,0.00012400
2.98,21.105000,0.00012300
2.99,21.150000,0.00012500
3.00,21.250000,0.00012525
3.01,21.350000,0.00012550
3.02,21.400000,0.00012525
3.03,21.450000,0.00012500
3.04,21.550000,0.00012700
3.05,21.600000,0.00013000
3.06,21.650000,0.00013150
3.07,21.750000,0.00013225
3.08,21.805000,0.00013300
3.09,21.860000,0.00013300
3.10,21.960000,0.00013400
3.11,22.015000,0.00013500
3.12,22.070000,0.00013800
3.13,22.170000,0.00013900
3.14,22.225000,0.00014000
3.15,22.280000,0.00014000
3.16,22.390000,0.00013950
3.17,22.445000,0.00013900
3.18,22.500000,0.00013700
3.19,22.610000,0.00013800
3.20,22.665000,0.00014000
3.21,22.720000,0.00014200
3.22,22.840000,0.00014550
3.23,22.895000,0.00014500
3.24,22.950000,0.00014550
3.25,23.010000,0.00014600
3.26,23.070000,0.00014700
3.27,23.180000,0.00015000
3.28,23.240000,0.00015050
3.29,23.300000,0.00015100
3.30,23.360000,0.00014800
3.31,23.420000,0.00014700
3.32,23.540000,0.00014900
3.33,23.600000,0.00100000
3.34,23.660000,0.00453500
3.35,23.720000,0.00807000
3.36,23.780000,0.01860000
3.37,23.840000,0.03190000
3.38,23.900000,0.03480000
3.39,24.030000,0.01830000
3.40,24.095000,0.00836000
3.41,24.160000,0.00355000
3.42,24.220000,0.00344000
3.43,24.280000,0.00333000
3.44,24.345000,0.00463000
3.45,24.410000,0.00456000
3.46,24.540000,0.00300000
3.47,24.605000,0.00145000
3.48,24.670000,0.00060650
3.49,24.740000,0.00016300
3.50,24.810000,0.00016400
3.51,24.875000,0.00016500
3.52,24.940000,0.00016700
3.53,25.010000,0.00016600
3.54,25.080000,0.00016500
3.55,25.145000,0.00016700
3.56,25.210000,0.00017000
3.57,25.280000,0.00016900
3.58,25.350000,0.00017000
3.59,25.420000,0.00017100
3.60,25.490000,0.00017000
3.61,25.560000,0.00016900
3.62,25.630000,0.00017000
3.63,25.705000,0.00017100
3.64,25.780000,0.00017300
3.65,25.850000,0.00017600
3.66,25.920000,0.00017500
3.67,25.995000,0.00017400
3.68,26.070000,0.00017500
3.69,26.145000,0.00017800
3.70,26.220000,0.00018000
3.71,26.295000,0.00018100
3.72,26.370000,0.00018200
3.73,26.420000,0.00018150
3.74,26.470000,0.00018100
3.75,26.520000,0.00017800
3.76,26.595000,0.00017900
3.77,26.670000,0.00018200
3.78,26.750000,0.00017000
3.79,26.830000,0.00014300
3.80,26.905000,0.00011900
3.81,26.980000,0.00010200
3.82,27.060000,0.00008860
3.83,27.140000,0.00007940
3.84,27.193333,0.00007610
3.85,27.246667,0.00007280
3.86,27.300000,0.00006830
3.87,27.385000,0.00006530
3.88,27.470000,0.00006360
3.89,27.550000,0.00006300
3.90,27.630000,0.00006360
3.91,27.686667,0.00006460
3.92,27.743333,0.00006560
3.93,27.800000,0.00006920
3.94,27.885000,0.00007420
3.95,27.970000,0.00008170
3.96,28.026667,0.00009420
3.97,28.083333,0.00010460
3.98,28.140000,0.00011500
3.99,28.225000,0.00014600
4.00,28.310000,0.00017800
4.01,28.366667,0.00016500
4.02,28.423333,0.00014700
4.03,28.480000,0.00012900
4.04,28.570000,0.00010200
4.05,28.660000,0.00008450
4.06,28.720000,0.00007400
4.07,28.780000,0.00007070
4.08,28.840000,0.00006740
4.09,28.930000,0.00006320
4.10,29.020000,0.00006050
4.11,29.080000,0.00005975
4.12,29.140000,0.00005900
4.13,29.200000,0.00005870
4.14,29.295000,0.00005930
4.15,29.390000,0.00006070
4.16,29.453333,0.00006175
4.17,29.516667,0.00006280
4.18,29.580000,0.00006530
4.19,29.643333,0.00006770
4.20,29.706667,0.00006880
4.21,29.770000,0.00006990
4.22,29.833333,0.00007220
4.23,29.896667,0.00007415
4.24,29.960000,0.00007610
4.25,30.060000,0.00008060
4.26,30.160000,0.00008410
4.27,30.223333,0.00008640
4.28,30.286667,0.00008870
4.29,30.350000,0.00009500
4.30,30.420000,0.00009900
4.31,30.490000,0.00010300
4.32,30.560000,0.00011100
4.33,30.626667,0.00011550
4.34,30.693333,0.00012000
4.35,30.760000,0.00013100
4.36,30.826667,0.00014500
4.37,30.893333,0.00015200
4.38,30.960000,0.00015900
4.39,31.030000,0.00017300
4.40,31.100000,0.00018000
4.41,31.170000,0.00018700
4.42,31.240000,0.00019800
4.43,31.310000,0.00020350
4.44,31.380000,0.00020900
4.45,31.453333,0.00021900
4.46,31.526667,0.00022250
4.47,31.600000,0.00022600
4.48,31.673333,0.00022600
4.49,31.746667,0.00022600
4.50,31.820000,0.00022700
4.51,31.893333,0.00022550
4.52,31.966667,0.00022400
4.53,32.040000,0.00022500
4.54,32.113333,0.00022900
4.55,32.186667,0.00023300
4.56,32.260000,0.00023700
4.57,32.317500,0.00023650
4.58,32.375000,0.00023600
4.59,32.432500,0.00023550
4.60,32.490000,0.00023500
4.61,32.566667,0.00023300
4.62,32.643333,0.00023250
4.63,32.720000,0.00023200
4.64,32.796667,0.00023300
4.65,32.873333,0.00023400
4.66,32.950000,0.00023600
4.67,33.007500,0.00023500
4.68,33.065000,0.00023400
4.69,33.122500,0.00023450
4.70,33.180000,0.00023500
4.71,33.260000,0.00024000
4.72,33.340000,0.00023900
4.73,33.420000,0.00023800
4.74,33.503333,0.00023850
4.75,33.586667,0.00023900
4.76,33.670000,0.00024050
4.77,33.730000,0.00024200
4.78,33.790000,0.00024500
4.79,33.850000,0.00024700
4.80,33.910000,0.00024900
4.81,33.972500,0.00024900
4.82,34.035000,0.00024900
4.83,34.097500,0.00024700
4.84,34.160000,0.00024500
4.85,34.246667,0.00024500
4.86,34.333333,0.00024700
4.87,34.420000,0.00024900
4.88,34.482500,0.00024800
4.89,34.545000,0.00024700
4.90,34.607500,0.00024850
4.91,34.670000,0.00025000
4.92,34.735000,0.00025150
4.93,34.800000,0.00025300
4.94,34.865000,0.00025550
4.95,34.930000,0.00025800
4.96,34.997500,0.00025950
4.97,35.065000,0.00026100
4.98,35.132500,0.00026200
4.99,35.200000,0.00026300
5.00,35.290000,0.00025800
5.01,35.380000,0.00025650
5.02,35.470000,0.00025500
5.03,35.537500,0.00025950
5.04,35.605000,0.00026400
5.05,35.672500,0.00026200
5.06,35.740000,0.00026000
5.07,35.810000,0.00025900
5.08,35.880000,0.00025800
5.09,35.950000,0.00026000
5.10,36.020000,0.00026200
5.11,36.090000,0.00026250
5.12,36.160000,0.00026300
5.13,36.230000,0.00026400
5.14,36.300000,0.00026500
5.15,36.372500,0.00026250
5.16,36.445000,0.00026000
5.17,36.517500,0.00026000
5.18,36.590000,0.00026000
5.19,36.648000,0.00026233
5.20,36.706000,0.00026467
5.21,36.764000,0.00026700
5.22,36.822000,0.00027350
5.23,36.880000,0.00028000
5.24,36.952500,0.00027600
5.25,37.025000,0.00027200
5.26,37.097500,0.00027050
5.27,37.170000,0.00026900
5.28,37.245000,0.00027250
5.29,37.320000,0.00027600
5.30,37.395000,0.00027500
5.31,37.470000,0.00027400
5.32,37.532000,0.00027250
5.33,37.594000,0.00027100
5.34,37.656000,0.00026967
5.35,37.718000,0.00026833
5.36,37.780000,0.00026700
5.37,37.857500,0.00027450
5.38,37.935000,0.00028200
5.39,38.012500,0.00028100
5.40,38.090000,0.00028000
5.41,38.152000,0.00028050
5.42,38.214000,0.00028100
5.43,38.276000,0.00027967
5.44,38.338000,0.00027833
5.45,38.400000,0.00027700
5.46,38.480000,0.00027700
5.47,38.560000,0.00027700
5.48,38.640000,0.00027650
5.49,38.720000,0.00027600
5.50,38.786000,0.00027800
5.51,38.852000,0.00028000
5.52,38.918000,0.00028200
5.53,38.984000,0.00028300
5.54,39.050000,0.00028400
5.55,39.116000,0.00028150
5.56,39.182000,0.00027900
5.57,39.248000,0.00027967
5.58,39.314000,0.00028033
5.59,39.380000,0.00028100
5.60,39.462500,0.00027900
5.61,39.545000,0.00027700
5.62,39.627500,0.00027767
5.63,39.710000,0.00027833
5.64,39.778000,0.00027900
5.65,39.846000,0.00028500
5.66,39.914000,0.00029100
5.67,39.982000,0.00029067
5.68,40.050000,0.00029033
5.69,40.108333,0.00029000
5.70,40.166667,0.00028450
5.71,40.225000,0.00027900
5.72,40.283333,0.00027833
5.73,40.341667,0.00027767
5.74,40.400000,0.00027700
5.75,40.472000,0.00027950
5.76,40.544000,0.00028200
5.77,40.616000,0.00028633
5.78,40.688000,0.00029067
5.79,40.760000,0.00029500
5.80,40.832000,0.00029300
5.81,40.904000,0.00029100
5.82,40.976000,0.00028800
5.83,41.048000,0.00028500
5.84,41.120000,0.00028200
5.85,41.192000,0.00027967
5.86,41.264000,0.00027733
5.87,41.336000,0.00027500
5.88,41.408000,0.00028000
5.89,41.480000,0.00028500
5.90,41.541667,0.00028800
5.91,41.603333,0.00029100
5.92,41.665000,0.00029400
5.93,41.726667,0.00029833
5.94,41.788333,0.00030267
5.95,41.850000,0.00030700
5.96,41.926000,0.00030500
5.97,42.002000,0.00030300
5.98,42.078000,0.00030000
5.99,42.154000,0.00029700
6.00,42.230000,0.00029400
6.01,42.295000,0.00036333
6.02,42.360000,0.00043267
6.03,42.425000,0.00050200
6.04,42.490000,0.00046767
6.05,42.555000,0.00043333
6.06,42.620000,0.00039900
6.07,42.698000,0.00034533
6.08,42.776000,0.00029167
6.09,42.854000,0.00023800
6.10,42.932000,0.00036100
6.11,43.010000,0.00048400
6.12,43.076667,0.00068600
6.13,43.143333,0.00088800
6.14,43.210000,0.00109000
6.15,43.276667,0.00113000
6.16,43.343333,0.00117000
6.17,43.410000,0.00121000
6.18,43.478333,0.00112367
6.19,43.546667,0.00103733
6.20,43.615000,0.00095100
6.21,43.683333,0.00103400
6.22,43.751667,0.00111700
6.23,43.820000,0.00120000
6.24,43.890000,0.00116667
6.25,43.960000,0.00113333
6.26,44.030000,0.00110000
6.27,44.100000,0.00092533
6.28,44.170000,0.00075067
6.29,44.240000,0.00057600
6.30,44.310000,0.00049700
6.31,44.380000,0.00041800
6.32,44.450000,0.00033900
6.33,44.520000,0.00033033
6.34,44.590000,0.00032167
6.35,44.660000,0.00031300
6.36,44.721429,0.00033325
6.37,44.782857,0.00035350
6.38,44.844286,0.00037375
6.39,44.905714,0.00039400
6.40,44.967143,0.00041600
6.41,45.028571,0.00043800
6.42,45.090000,0.00046000
6.43,45.163333,0.00054433
6.44,45.236667,0.00062867
6.45,45.310000,0.00071300
6.46,45.383333,0.00071433
6.47,45.456667,0.00071567
6.48,45.530000,0.00071700
6.49,45.594286,0.00064167
6.50,45.658571,0.00056633
6.51,45.722857,0.00049100
6.52,45.787143,0.00049800
6.53,45.851429,0.00050500
6.54,45.915714,0.00051200
6.55,45.980000,0.00051900
6.56,46.056667,0.00043267
6.57,46.133333,0.00034633
6.58,46.210000,0.00026000
6.59,46.286667,0.00036800
6.60,46.363333,0.00047600
6.61,46.440000,0.00058400
6.62,46.505714,0.00063200
6.63,46.571429,0.00068000
6.64,46.637143,0.00072800
6.65,46.702857,0.00077600
6.66,46.768571,0.00071833
6.67,46.834286,0.00066067
6.68,46.900000,0.00060300
6.69,46.968571,0.00059950
6.70,47.037143,0.00059600
6.71,47.105714,0.00059250
6.72,47.174286,0.00058900
6.73,47.242857,0.00061867
6.74,47.311429,0.00064833
6.75,47.380000,0.00067800
6.76,47.448571,0.00086350
6.77,47.517143,0.00104900
6.78,47.585714,0.00123450
6.79,47.654286,0.00142000
6.80,47.722857,0.00180333
6.81,47.791429,0.00218667
6.82,47.860000,0.00257000
6.83,47.931429,0.00301500
6.84,48.002857,0.00346000
6.85,48.074286,0.00390500
6.86,48.145714,0.00435000
6.87,48.217143,0.00509333
6.88,48.288571,0.00583667
6.89,48.360000,0.00658000
6.90,48.422500,0.00669500
6.91,48.485000,0.00681000
6.92,48.547500,0.00692500
6.93,48.610000,0.00704000
6.94,48.672500,0.00690000
6.95,48.735000,0.00676000
6.96,48.797500,0.00662000
6.97,48.860000,0.00648000
6.98,48.934286,0.00701250
6.99,49.008571,0.00754500
7.00,49.082857,0.00807750
7.01,49.157143,0.00861000
7.02,49.231429,0.01030667
7.03,49.305714,0.01200333
7.04,49.380000,0.01370000
7.05,49.445000,0.01477500
7.06,49.510000,0.01585000
7.07,49.575000,0.01692500
7.08,49.640000,0.01800000
7.09,49.705000,0.01767500
7.10,49.770000,0.01735000
7.11,49.835000,0.01702500
7.12,49.900000,0.01670000
7.13,49.967500,0.01555000
7.14,50.035000,0.01440000
7.15,50.102500,0.01325000
7.16,50.170000,0.01210000
7.17,50.237500,0.01092500
7.18,50.305000,0.00975000
7.19,50.372500,0.00857500
7.20,50.440000,0.00740000
7.21,50.508750,0.00675750
7.22,50.577500,0.00611500
7.23,50.646250,0.00547250
7.24,50.715000,0.00483000
7.25,50.783750,0.00449000
7.26,50.852500,0.00415000
7.27,50.921250,0.00381000
7.28,50.990000,0.00347000
7.29,51.060000,0.00337000
7.30,51.130000,0.00327000
7.31,51.200000,0.00317000
7.32,51.270000,0.00307000
7.33,51.340000,0.00302000
7.34,51.410000,0.00297000
7.35,51.480000,0.00292000
7.36,51.550000,0.00287000
7.37,51.613333,0.00291800
7.38,51.676667,0.00296600
7.39,51.740000,0.00301400
7.40,51.803333,0.00306200
7.41,51.866667,0.00311000
7.42,51.930000,0.00311250
7.43,51.993333,0.00311500
7.44,52.056667,0.00311750
7.45,52.120000,0.00312000
7.46,52.185556,0.00298750
7.47,52.251111,0.00285500
7.48,52.316667,0.00272250
7.49,52.382222,0.00259000
7.50,52.447778,0.00257600
7.51,52.513333,0.00256200
7.52,52.578889,0.00254800
7.53,52.644444,0.00253400
7.54,52.710000,0.00252000
7.55,52.785000,0.00288000
7.56,52.860000,0.00324000
7.57,52.935000,0.00360000
7.58,53.010000,0.00396000
7.59,53.085000,0.00448250
7.60,53.160000,0.00500500
7.61,53.235000,0.00552750
7.62,53.310000,0.00605000
7.63,53.377778,0.00639400
7.64,53.445556,0.00673800
7.65,53.513333,0.00708200
7.66,53.581111,0.00742600
7.67,53.648889,0.00777000
7.68,53.716667,0.00809200
7.69,53.784444,0.00841400
7.70,53.852222,0.00873600
7.71,53.920000,0.00905800
7.72,53.982000,0.00938000
7.73,54.044000,0.01071000
7.74,54.106000,0.01204000
7.75,54.168000,0.01337000
7.76,54.230000,0.01470000
7.77,54.292000,0.01762000
7.78,54.354000,0.02054000
7.79,54.416000,0.02346000
7.80,54.478000,0.02638000
7.81,54.540000,0.02930000
7.82,54.611111,0.05764000
7.83,54.682222,0.08598000
7.84,54.753333,0.11432000
7.85,54.824444,0.14266000
7.86,54.895556,0.17100000
7.87,54.966667,0.21100000
7.88,55.037778,0.25100000
7.89,55.108889,0.29100000
7.90,55.180000,0.33100000
7.91,55.246000,0.33120000
7.92,55.312000,0.33140000
7.93,55.378000,0.33160000
7.94,55.444000,0.33180000
7.95,55.510000,0.33200000
7.96,55.576000,0.30040000
7.97,55.642000,0.26880000
7.98,55.708000,0.23720000
7.99,55.774000,0.20560000
8.00,55.840000,0.17400000
8.01,55.907000,0.15000000
8.02,55.974000,0.12600000
8.03,56.041000,0.10200000
8.04,56.108000,0.07800000
8.05,56.175000,0.05400000
8.06,56.242000,0.04866000
8.07,56.309000,0.04332000
8.08,56.376000,0.03798000
8.09,56.443000,0.03264000
8.10,56.510000,0.02730000
8.11,56.579000,0.02670000
8.12,56.648000,0.02610000
8.13,56.717000,0.02550000
8.14,56.786000,0.02490000
8.15,56.855000,0.02430000
8.16,56.924000,0.02510000
8.17,56.993000,0.02590000
8.18,57.062000,0.02670000
8.19,57.131000,0.02750000
8.20,57.200000,0.02830000
8.21,57.263636,0.02951667
8.22,57.327273,0.03073333
8.23,57.390909,0.03195000
8.24,57.454545,0.03316667
8.25,57.518182,0.03438333
8.26,57.581818,0.03560000
8.27,57.645455,0.03746000
8.28,57.709091,0.03932000
8.29,57.772727,0.04118000
8.30,57.836364,0.04304000
8.31,57.900000,0.04490000
8.32,57.965455,0.04636000
8.33,58.030909,0.04782000
8.34,58.096364,0.04928000
8.35,58.161818,0.05074000
8.36,58.227273,0.05220000
8.37,58.292727,0.05318333
8.38,58.358182,0.05416667
8.39,58.423636,0.05515000
8.40,58.489091,0.05613333
8.41,58.554545,0.05711667
8.42,58.620000,0.05810000
8.43,58.687273,0.05912000
8.44,58.754545,0.06014000
8.45,58.821818,0.06116000
8.46,58.889091,0.06218000
8.47,58.956364,0.06320000
8.48,59.023636,0.06398333
8.49,59.090909,0.06476667
8.50,59.158182,0.06555000
8.51,59.225455,0.06633333
8.52,59.292727,0.06711667
8.53,59.360000,0.06790000
8.54,59.428182,0.06914000
8.55,59.496364,0.07038000
8.56,59.564545,0.07162000
8.57,59.632727,0.07286000
8.58,59.700909,0.07410000
8.59,59.769091,0.07576667
8.60,59.837273,0.07743333
8.61,59.905455,0.07910000
8.62,59.973636,0.08076667
8.63,60.041818,0.08243333
8.64,60.110000,0.08410000
8.65,60.175000,0.08708333
8.66,60.240000,0.09006667
8.67,60.305000,0.09305000
8.68,60.370000,0.09603333
8.69,60.435000,0.09901667
8.70,60.500000,0.10200000
8.71,60.565000,0.10683333
8.72,60.630000,0.11166667
8.73,60.695000,0.11650000
8.74,60.760000,0.12133333
8.75,60.825000,0.12616667
8.76,60.890000,0.13100000
8.77,60.955833,0.13833333
8.78,61.021667,0.14566667
8.79,61.087500,0.15300000
8.80,61.153333,0.16033333
8.81,61.219167,0.16766667
8.82,61.285000,0.17500000
8.83,61.350833,0.18583333
8.84,61.416667,0.19666667
8.85,61.482500,0.20750000
8.86,61.548333,0.21833333
8.87,61.614167,0.22916667
8.88,61.680000,0.24000000
8.89,61.748333,0.25616667
8.90,61.816667,0.27233333
8.91,61.885000,0.28850000
8.92,61.953333,0.30466667
8.93,62.021667,0.32083333
8.94,62.090000,0.33700000
8.95,62.158333,0.35900000
8.96,62.226667,0.38100000
8.97,62.295000,0.40300000
8.98,62.363333,0.42500000
8.99,62.431667,0.44700000
9.00,62.500000,0.46900000
9.01,62.563846,0.49116667
9.02,62.627692,0.51333333
9.03,62.691538,0.53550000
9.04,62.755385,0.55766667
9.05,62.819231,0.57983333
9.06,62.883077,0.60200000
9.07,62.946923,0.61428571
9.08,63.010769,0.62657143
9.09,63.074615,0.63885714
9.10,63.138462,0.65114286
9.11,63.202308,0.66342857
9.12,63.266154,0.67571429
9.13,63.330000,0.68800000
9.14,63.396154,0.69083333
9.15,63.462308,0.69366667
9.16,63.528462,0.69650000
9.17,63.594615,0.69933333
9.18,63.660769,0.70216667
9.19,63.726923,0.70500000
9.20,63.793077,0.70014286
9.21,63.859231,0.69528571
9.22,63.925385,0.69042857
9.23,63.991538,0.68557143
9.24,64.057692,0.68071429
9.25,64.123846,0.67585714
9.26,64.190000,0.67100000
9.27,64.257692,0.66314286
9.28,64.325385,0.65528571
9.29,64.393077,0.64742857
9.30,64.460769,0.63957143
9.31,64.528462,0.63171429
9.32,64.596154,0.62385714
9.33,64.663846,0.61600000
9.34,64.731538,0.60700000
9.35,64.799231,0.59800000
9.36,64.866923,0.58900000
9.37,64.934615,0.58000000
9.38,65.002308,0.57100000
9.39,65.070000,0.56200000
9.40,65.135000,0.55585714
9.41,65.200000,0.54971429
9.42,65.265000,0.54357143
9.43,65.330000,0.53742857
9.44,65.395000,0.53128571
9.45,65.460000,0.52514286
9.46,65.525000,0.51900000
9.47,65.590000,0.51500000
9.48,65.655000,0.51100000
9.49,65.720000,0.50700000
9.50,65.785000,0.50300000
9.51,65.850000,0.49900000
9.52,65.915000,0.49500000
9.53,65.980000,0.49100000
9.54,66.046429,0.48985714
9.55,66.112857,0.48871429
9.56,66.179286,0.48757143
9.57,66.245714,0.48642857
9.58,66.312143,0.48528571
9.59,66.378571,0.48414286
9.60,66.445000,0.48300000
9.61,66.511429,0.48414286
9.62,66.577857,0.48528571
9.63,66.644286,0.48642857
9.64,66.710714,0.48757143
9.65,66.777143,0.48871429
9.66,66.843571,0.48985714
9.67,66.910000,0.49100000
9.68,66.974000,0.49162500
9.69,67.038000,0.49225000
9.70,67.102000,0.49287500
9.71,67.166000,0.49350000
9.72,67.230000,0.49412500
9.73,67.294000,0.49475000
9.74,67.358000,0.49537500
9.75,67.422000,0.49600000
9.76,67.486000,0.48985714
9.77,67.550000,0.48371429
9.78,67.614000,0.47757143
9.79,67.678000,0.47142857
9.80,67.742000,0.46528571
9.81,67.806000,0.45914286
9.82,67.870000,0.45300000
9.83,67.935333,0.43600000
9.84,68.000667,0.41900000
9.85,68.066000,0.40200000
9.86,68.131333,0.38500000
9.87,68.196667,0.36800000
9.88,68.262000,0.35100000
9.89,68.327333,0.33400000
9.90,68.392667,0.31650000
9.91,68.458000,0.29900000
9.92,68.523333,0.28150000
9.93,68.588667,0.26400000
9.94,68.654000,0.24650000
9.95,68.719333,0.22900000
9.96,68.784667,0.21150000
9.97,68.850000,0.19400000
9.98,68.913125,0.18300000
9.99,68.976250,0.17200000
10.00,69.039375,0.16100000
10.01,69.102500,0.15000000
10.02,69.165625,0.13900000
10.03,69.228750,0.12800000
10.04,69.291875,0.11700000
10.05,69.355000,0.10600000
10.06,69.418125,0.10068750
10.07,69.481250,0.09537500
10.08,69.544375,0.09006250
10.09,69.607500,0.08475000
10.10,69.670625,0.07943750
10.11,69.733750,0.07412500
10.12,69.796875,0.06881250
10.13,69.860000,0.06350000
10.14,69.925000,0.06082500
10.15,69.990000,0.05815000
10.16,70.055000,0.05547500
10.17,70.120000,0.05280000
10.18,70.185000,0.05012500
10.19,70.250000,0.04745000
10.20,70.315000,0.04477500
10.21,70.380000,0.04210000
10.22,70.445000,0.04073750
10.23,70.510000,0.03937500
10.24,70.575000,0.03801250
10.25,70.640000,0.03665000
10.26,70.705000,0.03528750
10.27,70.770000,0.03392500
10.28,70.835000,0.03256250
10.29,70.900000,0.03120000
10.30,70.966875,0.03045000
10.31,71.033750,0.02970000
10.32,71.100625,0.02895000
10.33,71.167500,0.02820000
10.34,71.234375,0.02745000
10.35,71.301250,0.02670000
10.36,71.368125,0.02595000
10.37,71.435000,0.02520000
10.38,71.501875,0.02465000
10.39,71.568750,0.02410000
10.40,71.635625,0.02355000
10.41,71.702500,0.02300000
10.42,71.769375,0.02245000
10.43,71.836250,0.02190000
10.44,71.903125,0.02135000
10.45,71.970000,0.02080000
10.46,72.034706,0.02052222
10.47,72.099412,0.02024444
10.48,72.164118,0.01996667
10.49,72.228824,0.01968889
10.50,72.293529,0.01941111
10.51,72.358235,0.01913333
10.52,72.422941,0.01885556
10.53,72.487647,0.01857778
10.54,72.552353,0.01830000
10.55,72.617059,0.01827500
10.56,72.681765,0.01825000
10.57,72.746471,0.01822500
10.58,72.811176,0.01820000
10.59,72.875882,0.01817500
10.60,72.940588,0.01815000
10.61,73.005294,0.01812500
10.62,73.070000,0.01810000
10.63,73.133333,0.01811111
10.64,73.196667,0.01812222
10.65,73.260000,0.01813333
10.66,73.323333,0.01814444
10.67,73.386667,0.01815556
10.68,73.450000,0.01816667
10.69,73.513333,0.01817778
10.70,73.576667,0.01818889
10.71,73.640000,0.01820000
10.72,73.703333,0.01855556
10.73,73.766667,0.01891111
10.74,73.830000,0.01926667
10.75,73.893333,0.01962222
10.76,73.956667,0.01997778
10.77,74.020000,0.02033333
10.78,74.083333,0.02068889
10.79,74.146667,0.02104444
10.80,74.210000,0.02140000
10.81,74.275000,0.02250000
10.82,74.340000,0.02360000
10.83,74.405000,0.02470000
10.84,74.470000,0.02580000
10.85,74.535000,0.02690000
10.86,74.600000,0.02800000
10.87,74.665000,0.02910000
10.88,74.730000,0.03020000
10.89,74.795000,0.03130000
10.90,74.860000,0.03227778
10.91,74.925000,0.03325556
10.92,74.990000,0.03423333
10.93,75.055000,0.03521111
10.94,75.120000,0.03618889
10.95,75.185000,0.03716667
10.96,75.250000,0.03814444
10.97,75.315000,0.03912222
10.98,75.380000,0.04010000
10.99,75.443158,0.04022000
11.00,75.506316,0.04034000
11.01,75.569474,0.04046000
11.02,75.632632,0.04058000
11.03,75.695789,0.04070000
11.04,75.758947,0.04082000
11.05,75.822105,0.04094000
11.06,75.885263,0.04106000
11.07,75.948421,0.04118000
11.08,76.011579,0.04130000
11.09,76.074737,0.04188889
11.10,76.137895,0.04247778
11.11,76.201053,0.04306667
11.12,76.264211,0.04365556
11.13,76.327368,0.04424444
11.14,76.390526,0.04483333
11.15,76.453684,0.04542222
11.16,76.516842,0.04601111
11.17,76.580000,0.04660000
11.18,76.642500,0.04869000
11.19,76.705000,0.05078000
11.20,76.767500,0.05287000
11.21,76.830000,0.05496000
11.22,76.892500,0.05705000
11.23,76.955000,0.05914000
11.24,77.017500,0.06123000
11.25,77.080000,0.06332000
11.26,77.142500,0.06541000
11.27,77.205000,0.06750000
11.28,77.267500,0.07195000
11.29,77.330000,0.07640000
11.30,77.392500,0.08085000
11.31,77.455000,0.08530000
11.32,77.517500,0.08975000
11.33,77.580000,0.09420000
11.34,77.642500,0.09865000
11.35,77.705000,0.10310000
11.36,77.767500,0.10755000
11.37,77.830000,0.11200000
11.38,77.894000,0.11750000
11.39,77.958000,0.12300000
11.40,78.022000,0.12850000
11.41,78.086000,0.13400000
11.42,78.150000,0.13950000
11.43,78.214000,0.14500000
11.44,78.278000,0.15050000
11.45,78.342000,0.15600000
11.46,78.406000,0.16150000
11.47,78.470000,0.16700000
11.48,78.534000,0.16960000
11.49,78.598000,0.17220000
11.50,78.662000,0.17480000
11.51,78.726000,0.17740000
11.52,78.790000,0.18000000
11.53,78.854000,0.18260000
11.54,78.918000,0.18520000
11.55,78.982000,0.18780000
11.56,79.046000,0.19040000
11.57,79.110000,0.19300000
11.58,79.172857,0.19381818
11.59,79.235714,0.19463636
11.60,79.298571,0.19545455
11.61,79.361429,0.19627273
11.62,79.424286,0.19709091
11.63,79.487143,0.19790909
11.64,79.550000,0.19872727
11.65,79.612857,0.19954545
11.66,79.675714,0.20036364
11.67,79.738571,0.20118182
11.68,79.801429,0.20200000
11.69,79.864286,0.20400000
11.70,79.927143,0.20600000
11.71,79.990000,0.20800000
11.72,80.052857,0.21000000
11.73,80.115714,0.21200000
11.74,80.178571,0.21400000
11.75,80.241429,0.21600000
11.76,80.304286,0.21800000
11.77,80.367143,0.22000000
11.78,80.430000,0.22200000
11.79,80.492273,0.22245455
11.80,80.554545,0.22290909
11.81,80.616818,0.22336364
11.82,80.679091,0.22381818
11.83,80.741364,0.22427273
11.84,80.803636,0.22472727
11.85,80.865909,0.22518182
11.86,80.928182,0.22563636
11.87,80.990455,0.22609091
11.88,81.052727,0.22654545
11.89,81.115000,0.22700000
11.90,81.177273,0.22854545
11.91,81.239545,0.23009091
11.92,81.301818,0.23163636
11.93,81.364091,0.23318182
11.94,81.426364,0.23472727
11.95,81.488636,0.23627273
11.96,81.550909,0.23781818
11.97,81.613182,0.23936364
11.98,81.675455,0.24090909
11.99,81.737727,0.24245455
12.00,81.800000,0.24400000
12.01,81.861304,0.25300000
12.02,81.922609,0.26200000
12.03,81.983913,0.27100000
12.04,82.045217,0.28000000
12.05,82.106522,0.28900000
12.06,82.167826,0.29800000
12.07,82.229130,0.30700000
12.08,82.290435,0.31600000
12.09,82.351739,0.32500000
12.10,82.413043,0.33400000
12.11,82.474348,0.34300000
12.12,82.535652,0.35516667
12.13,82.596957,0.36733333
12.14,82.658261,0.37950000
12.15,82.719565,0.39166667
12.16,82.780870,0.40383333
12.17,82.842174,0.41600000
12.18,82.903478,0.42816667
12.19,82.964783,0.44033333
12.20,83.026087,0.45250000
12.21,83.087391,0.46466667
12.22,83.148696,0.47683333
12.23,83.210000,0.48900000
12.24,83.273478,0.50158333
12.25,83.336957,0.51416667
12.26,83.400435,0.52675000
12.27,83.463913,0.53933333
12.28,83.527391,0.55191667
12.29,83.590870,0.56450000
12.30,83.654348,0.57708333
12.31,83.717826,0.58966667
12.32,83.781304,0.60225000
12.33,83.844783,0.61483333
12.34,83.908261,0.62741667
12.35,83.971739,0.64000000
12.36,84.035217,0.64736364
12.37,84.098696,0.65472727
12.38,84.162174,0.66209091
12.39,84.225652,0.66945455
12.40,84.289130,0.67681818
12.41,84.352609,0.68418182
12.42,84.416087,0.69154545
12.43,84.479565,0.69890909
12.44,84.543043,0.70627273
12.45,84.606522,0.71363636
12.46,84.670000,0.72100000
12.47,84.730400,0.71238462
12.48,84.790800,0.70376923
12.49,84.851200,0.69515385
12.50,84.911600,0.68653846
12.51,84.972000,0.67792308
12.52,85.032400,0.66930769
12.53,85.092800,0.66069231
12.54,85.153200,0.65207692
12.55,85.213600,0.64346154
12.56,85.274000,0.63484615
12.57,85.334400,0.62623077
12.58,85.394800,0.61761538
12.59,85.455200,0.60900000
12.60,85.515600,0.58833333
12.61,85.576000,0.56766667
12.62,85.636400,0.54700000
12.63,85.696800,0.52633333
12.64,85.757200,0.50566667
12.65,85.817600,0.48500000
12.66,85.878000,0.46433333
12.67,85.938400,0.44366667
12.68,85.998800,0.42300000
12.69,86.059200,0.40233333
12.70,86.119600,0.38166667
12.71,86.180000,0.36100000
12.72,86.242400,0.34541667
12.73,86.304800,0.32983333
12.74,86.367200,0.31425000
12.75,86.429600,0.29866667
12.76,86.492000,0.28308333
12.77,86.554400,0.26750000
12.78,86.616800,0.25191667
12.79,86.679200,0.23633333
12.80,86.741600,0.22075000
12.81,86.804000,0.20516667
12.82,86.866400,0.18958333
12.83,86.928800,0.17400000
12.84,86.991200,0.16846154
12.85,87.053600,0.16292308
12.86,87.116000,0.15738462
12.87,87.178400,0.15184615
12.88,87.240800,0.14630769
12.89,87.303200,0.14076923
12.90,87.365600,0.13523077
12.91,87.428000,0.12969231
12.92,87.490400,0.12415385
12.93,87.552800,0.11861538
12.94,87.615200,0.11307692
12.95,87.677600,0.10753846
12.96,87.740000,0.10200000
12.97,87.800000,0.10104615
12.98,87.860000,0.10009231
12.99,87.920000,0.09913846
13.00,87.980000,0.09818462
13.01,88.040000,0.09723077
13.02,88.100000,0.09627692
13.03,88.160000,0.09532308
13.04,88.220000,0.09436923
13.05,88.280000,0.09341538
13.06,88.340000,0.09246154
13.07,88.400000,0.09150769
13.08,88.460000,0.09055385
13.09,88.520000,0.08960000
13.10,88.580000,0.08925714
13.11,88.640000,0.08891429
13.12,88.700000,0.08857143
13.13,88.760000,0.08822857
13.14,88.820000,0.08788571
13.15,88.880000,0.08754286
13.16,88.940000,0.08720000
13.17,89.000000,0.08685714
13.18,89.060000,0.08651429
13.19,89.120000,0.08617143
13.20,89.180000,0.08582857
13.21,89.240000,0.08548571
13.22,89.300000,0.08514286
13.23,89.360000,0.08480000
13.24,89.421852,0.08310000
13.25,89.483704,0.08140000
13.26,89.545556,0.07970000
13.27,89.607407,0.07800000
13.28,89.669259,0.07630000
13.29,89.731111,0.07460000
13.30,89.792963,0.07290000
13.31,89.854815,0.07120000
13.32,89.916667,0.06950000
13.33,89.978519,0.06780000
13.34,90.040370,0.06610000
13.35,90.102222,0.06440000
13.36,90.164074,0.06270000
13.37,90.225926,0.06123571
13.38,90.287778,0.05977143
13.39,90.349630,0.05830714
13.40,90.411481,0.05684286
13.41,90.473333,0.05537857
13.42,90.535185,0.05391429
13.43,90.597037,0.05245000
13.44,90.658889,0.05098571
13.45,90.720741,0.04952143
13.46,90.782593,0.04805714
13.47,90.844444,0.04659286
13.48,90.906296,0.04512857
13.49,90.968148,0.04366429
13.50,91.030000,0.04220000
13.51,91.090000,0.04167857
13.52,91.150000,0.04115714
13.53,91.210000,0.04063571
13.54,91.270000,0.04011429
13.55,91.330000,0.03959286
13.56,91.390000,0.03907143
13.57,91.450000,0.03855000
13.58,91.510000,0.03802857
13.59,91.570000,0.03750714
13.60,91.630000,0.03698571
13.61,91.690000,0.03646429
13.62,91.750000,0.03594286
13.63,91.810000,0.03542143
13.64,91.870000,0.03490000
13.65,91.930000,0.03480000
13.66,91.990000,0.03470000
13.67,92.050000,0.03460000
13.68,92.110000,0.03450000
13.69,92.170000,0.03440000
13.70,92.230000,0.03430000
13.71,92.290000,0.03420000
13.72,92.350000,0.03410000
13.73,92.410000,0.03400000
13.74,92.470000,0.03390000
13.75,92.530000,0.03380000
13.76,92.590000,0.03370000
13.77,92.650000,0.03360000
13.78,92.710000,0.03350000
13.79,92.770000,0.03340000
13.80,92.830000,0.03375333
13.81,92.890000,0.03410667
13.82,92.950000,0.03446000
13.83,93.010000,0.03481333
13.84,93.070000,0.03516667
13.85,93.130000,0.03552000
13.86,93.190000,0.03587333
13.87,93.250000,0.03622667
13.88,93.310000,0.03658000
13.89,93.370000,0.03693333
13.90,93.430000,0.03728667
13.91,93.490000,0.03764000
13.92,93.550000,0.03799333
13.93,93.610000,0.03834667
13.94,93.670000,0.03870000
13.95,93.730000,0.03957333
13.96,93.790000,0.04044667
13.97,93.850000,0.04132000
13.98,93.910000,0.04219333
13.99,93.970000,0.04306667
14.00,94.030000,0.04394000
14.01,94.090000,0.04481333
14.02,94.150000,0.04568667
14.03,94.210000,0.04656000
14.04,94.270000,0.04743333
14.05,94.330000,0.04830667
14.06,94.390000,0.04918000
14.07,94.450000,0.05005333
14.08,94.510000,0.05092667
14.09,94.570000,0.05180000
14.10,94.630000,0.05253333
14.11,94.690000,0.05326667
14.12,94.750000,0.05400000
14.13,94.810000,0.05473333
14.14,94.870000,0.05546667
14.15,94.930000,0.05620000
14.16,94.990000,0.05693333
14.17,95.050000,0.05766667
14.18,95.110000,0.05840000
14.19,95.170000,0.05913333
14.20,95.230000,0.05986667
14.21,95.290000,0.06060000
14.22,95.350000,0.06133333
14.23,95.410000,0.06206667
14.24,95.470000,0.06280000
14.25,95.530000,0.06288750
14.26,95.590000,0.06297500
14.27,95.650000,0.06306250
14.28,95.710000,0.06315000
14.29,95.770000,0.06323750
14.30,95.830000,0.06332500
14.31,95.890000,0.06341250
14.32,95.950000,0.06350000
14.33,96.010000,0.06358750
14.34,96.070000,0.06367500
14.35,96.130000,0.06376250
14.36,96.190000,0.06385000
14.37,96.250000,0.06393750
14.38,96.310000,0.06402500
14.39,96.370000,0.06411250
14.40,96.430000,0.06420000
14.41,96.488788,0.06397500
14.42,96.547576,0.06375000
14.43,96.606364,0.06352500
14.44,96.665152,0.06330000
14.45,96.723939,0.06307500
14.46,96.782727,0.06285000
14.47,96.841515,0.06262500
14.48,96.900303,0.06240000
14.49,96.959091,0.06217500
14.50,97.017879,0.06195000
14.51,97.076667,0.06172500
14.52,97.135455,0.06150000
14.53,97.194242,0.06127500
14.54,97.253030,0.06105000
14.55,97.311818,0.06082500
14.56,97.370606,0.06060000
14.57,97.429394,0.06015294
14.58,97.488182,0.05970588
14.59,97.546970,0.05925882
14.60,97.605758,0.05881176
14.61,97.664545,0.05836471
14.62,97.723333,0.05791765
14.63,97.782121,0.05747059
14.64,97.840909,0.05702353
14.65,97.899697,0.05657647
14.66,97.958485,0.05612941
14.67,98.017273,0.05568235
14.68,98.076061,0.05523529
14.69,98.134848,0.05478824
14.70,98.193636,0.05434118
14.71,98.252424,0.05389412
14.72,98.311212,0.05344706
14.73,98.370000,0.05300000
14.74,98.429706,0.05263529
14.75,98.489412,0.05227059
14.76,98.549118,0.05190588
14.77,98.608824,0.05154118
14.78,98.668529,0.05117647
14.79,98.728235,0.05081176
14.80,98.787941,0.05044706
14.81,98.847647,0.05008235
14.82,98.907353,0.04971765
14.83,98.967059,0.04935294
14.84,99.026765,0.04898824
14.85,99.086471,0.04862353
14.86,99.146176,0.04825882
14.87,99.205882,0.04789412
14.88,99.265588,0.04752941
14.89,99.325294,0.04716471
14.90,99.385000,0.04680000
14.91,99.444706,0.04640000
14.92,99.504412,0.04600000
14.93,99.564118,0.04560000
14.94,99.623824,0.04520000
14.95,99.683529,0.04480000
14.96,99.743235,0.04440000
14.97,99.802941,0.04400000
14.98,99.862647,0.04360000
14.99,99.922353,0.04320000
15.00,99.982059,0.04280000
15.01,100.041765,0.04240000
15.02,100.101471,0.04200000
15.03,100.161176,0.04160000
15.04,100.220882,0.04120000
15.05,100.280588,0.04080000
15.06,100.340294,0.04040000
15.07,100.400000,0.04000000
15.08,100.458333,0.03936111
15.09,100.516667,0.03872222
15.10,100.575000,0.03808333
15.11,100.633333,0.03744444
15.12,100.691667,0.03680556
15.13,100.750000,0.03616667
15.14,100.808333,0.03552778
15.15,100.866667,0.03488889
15.16,100.925000,0.03425000
15.17,100.983333,0.03361111
15.18,101.041667,0.03297222
15.19,101.100000,0.03233333
15.20,101.158333,0.03169444
15.21,101.216667,0.03105556
15.22,101.275000,0.03041667
15.23,101.333333,0.02977778
15.24,101.391667,0.02913889
15.25,101.450000,0.02850000
15.26,101.508333,0.02801111
15.27,101.566667,0.02752222
15.28,101.625000,0.02703333
15.29,101.683333,0.02654444
15.30,101.741667,0.02605556
15.31,101.800000,0.02556667
15.32,101.858333,0.02507778
15.33,101.916667,0.02458889
15.34,101.975000,0.02410000
15.35,102.033333,0.02361111
15.36,102.091667,0.02312222
15.37,102.150000,0.02263333
15.38,102.208333,0.02214444
15.39,102.266667,0.02165556
15.40,102.325000,0.02116667
15.41,102.383333,0.02067778
15.42,102.441667,0.02018889
15.43,102.500000,0.01970000
15.44,102.555263,0.01968421
15.45,102.610526,0.01966842
15.46,102.665789,0.01965263
15.47,102.721053,0.01963684
15.48,102.776316,0.01962105
15.49,102.831579,0.01960526
15.50,102.886842,0.01958947
15.51,102.942105,0.01957368
15.52,102.997368,0.01955789
15.53,103.052632,0.01954211
15.54,103.107895,0.01952632
15.55,103.163158,0.01951053
15.56,103.218421,0.01949474
15.57,103.273684,0.01947895
15.58,103.328947,0.01946316
15.59,103.384211,0.01944737
15.60,103.439474,0.01943158
15.61,103.494737,0.01941579
15.62,103.550000,0.01940000
15.63,103.605263,0.01951579
15.64,103.660526,0.01963158
15.65,103.715789,0.01974737
15.66,103.771053,0.01986316
15.67,103.826316,0.01997895
15.68,103.881579,0.02009474
15.69,103.936842,0.02021053
15.70,103.992105,0.02032632
15.71,104.047368,0.02044211
15.72,104.102632,0.02055789
15.73,104.157895,0.02067368
15.74,104.213158,0.02078947
15.75,104.268421,0.02090526
15.76,104.323684,0.02102105
15.77,104.378947,0.02113684
15.78,104.434211,0.02125263
15.79,104.489474,0.02136842
15.80,104.544737,0.02148421
15.81,104.600000,0.02160000
15.82,104.658974,0.02155263
15.83,104.717949,0.02150526
15.84,104.776923,0.02145789
15.85,104.835897,0.02141053
15.86,104.894872,0.02136316
15.87,104.953846,0.02131579
15.88,105.012821,0.02126842
15.89,105.071795,0.02122105
15.90,105.130769,0.02117368
15.91,105.189744,0.02112632
15.92,105.248718,0.02107895
15.93,105.307692,0.02103158
15.94,105.366667,0.02098421
15.95,105.425641,0.02093684
15.96,105.484615,0.02088947
15.97,105.543590,0.02084211
15.98,105.602564,0.02079474
15.99,105.661538,0.02074737
16.00,105.720513,0.02070000
16.01,105.779487,0.02059500
16.02,105.838462,0.02049000
16.03,105.897436,0.02038500
16.04,105.956410,0.02028000
16.05,106.015385,0.02017500
16.06,106.074359,0.02007000
16.07,106.133333,0.01996500
16.08,106.192308,0.01986000
16.09,106.251282,0.01975500
16.10,106.310256,0.01965000
16.11,106.369231,0.01954500
16.12,106.428205,0.01944000
16.13,106.487179,0.01933500
16.14,106.546154,0.01923000
16.15,106.605128,0.01912500
16.16,106.664103,0.01902000
16.17,106.723077,0.01891500
16.18,106.782051,0.01881000
16.19,106.841026,0.01870500
16.20,106.900000,0.01860000
16.21,106.957143,0.01872381
16.22,107.014286,0.01884762
16.23,107.071429,0.01897143
16.24,107.128571,0.01909524
16.25,107.185714,0.01921905
16.26,107.242857,0.01934286
16.27,107.300000,0.01946667
16.28,107.357143,0.01959048
16.29,107.414286,0.01971429
16.30,107.471429,0.01983810
16.31,107.528571,0.01996190
16.32,107.585714,0.02008571
16.33,107.642857,0.02020952
16.34,107.700000,0.02033333
16.35,107.757143,0.02045714
16.36,107.814286,0.02058095
16.37,107.871429,0.02070476
16.38,107.928571,0.02082857
16.39,107.985714,0.02095238
16.40,108.042857,0.02107619
16.41,108.100000,0.02120000
16.42,108.157143,0.02133810
16.43,108.214286,0.02147619
16.44,108.271429,0.02161429
16.45,108.328571,0.02175238
16.46,108.385714,0.02189048
16.47,108.442857,0.02202857
16.48,108.500000,0.02216667
16.49,108.557143,0.02230476
16.50,108.614286,0.02244286
16.51,108.671429,0.02258095
16.52,108.728571,0.02271905
16.53,108.785714,0.02285714
16.54,108.842857,0.02299524
16.55,108.900000,0.02313333
16.56,108.957143,0.02327143
16.57,109.014286,0.02340952
16.58,109.071429,0.02354762
16.59,109.128571,0.02368571
16.60,109.185714,0.02382381
16.61,109.242857,0.02396190
16.62,109.300000,0.02410000
16.63,109.355814,0.02405714
16.64,109.411628,0.02401429
16.65,109.467442,0.02397143
16.66,109.523256,0.02392857
16.67,109.579070,0.02388571
16.68,109.634884,0.02384286
16.69,109.690698,0.02380000
16.70,109.746512,0.02375714
16.71,109.802326,0.02371429
16.72,109.858140,0.02367143
16.73,109.913953,0.02362857
16.74,109.969767,0.02358571
16.75,110.025581,0.02354286
16.76,110.081395,0.02350000
16.77,110.137209,0.02345714
16.78,110.193023,0.02341429
16.79,110.248837,0.02337143
16.80,110.304651,0.02332857
16.81,110.360465,0.02328571
16.82,110.416279,0.02324286
16.83,110.472093,0.02320000
16.84,110.527907,0.02323913
16.85,110.583721,0.02327826
16.86,110.639535,0.02331739
16.87,110.695349,0.02335652
16.88,110.751163,0.02339565
16.89,110.806977,0.02343478
16.90,110.862791,0.02347391
16.91,110.918605,0.02351304
16.92,110.974419,0.02355217
16.93,111.030233,0.02359130
16.94,111.086047,0.02363043
16.95,111.141860,0.02366957
16.96,111.197674,0.02370870
16.97,111.253488,0.02374783
16.98,111.309302,0.02378696
16.99,111.365116,0.02382609
17.00,111.420930,0.02386522
17.01,111.476744,0.02390435
17.02,111.532558,0.02394348
17.03,111.588372,0.02398261
17.04,111.644186,0.02402174
17.05,111.700000,0.02406087
17.06,111.756522,0.02410000
17.07,111.813043,0.02440000
17.08,111.869565,0.02470000
17.09,111.926087,0.02500000
17.10,111.982609,0.02530000
17.11,112.039130,0.02560000
17.12,112.095652,0.02590000
17.13,112.152174,0.02620000
17.14,112.208696,0.02650000
17.15,112.265217,0.02680000
17.16,112.321739,0.02710000
17.17,112.378261,0.02740000
17.18,112.434783,0.02770000
17.19,112.491304,0.02800000
17.20,112.547826,0.02830000
17.21,112.604348,0.02860000
17.22,112.660870,0.02890000
17.23,112.717391,0.02920000
17.24,112.773913,0.02950000
17.25,112.830435,0.02980000
17.26,112.886957,0.03010000
17.27,112.943478,0.03040000
17.28,113.000000,0.03070000
17.29,113.056522,0.03090417
17.30,113.113043,0.03110833
17.31,113.169565,0.03131250
17.32,113.226087,0.03151667
17.33,113.282609,0.03172083
17.34,113.339130,0.03192500
17.35,113.395652,0.03212917
17.36,113.452174,0.03233333
17.37,113.508696,0.03253750
17.38,113.565217,0.03274167
17.39,113.621739,0.03294583
17.40,113.678261,0.03315000
17.41,113.734783,0.03335417
17.42,113.791304,0.03355833
17.43,113.847826,0.03376250
17.44,113.904348,0.03396667
17.45,113.960870,0.03417083
17.46,114.017391,0.03437500
17.47,114.073913,0.03457917
17.48,114.130435,0.03478333
17.49,114.186957,0.03498750
17.50,114.243478,0.03519167
17.51,114.300000,0.03539583
17.52,114.353061,0.03560000
17.53,114.406122,0.03572917
17.54,114.459184,0.03585833
17.55,114.512245,0.03598750
17.56,114.565306,0.03611667
17.57,114.618367,0.03624583
17.58,114.671429,0.03637500
17.59,114.724490,0.03650417
17.60,114.777551,0.03663333
17.61,114.830612,0.03676250
17.62,114.883673,0.03689167
17.63,114.936735,0.03702083
17.64,114.989796,0.03715000
17.65,115.042857,0.03727917
17.66,115.095918,0.03740833
17.67,115.148980,0.03753750
17.68,115.202041,0.03766667
17.69,115.255102,0.03779583
17.70,115.308163,0.03792500
17.71,115.361224,0.03805417
17.72,115.414286,0.03818333
17.73,115.467347,0.03831250
17.74,115.520408,0.03844167
17.75,115.573469,0.03857083
17.76,115.626531,0.03870000
17.77,115.679592,0.03875000
17.78,115.732653,0.03880000
17.79,115.785714,0.03885000
17.80,115.838776,0.03890000
17.81,115.891837,0.03895000
17.82,115.944898,0.03900000
17.83,115.997959,0.03905000
17.84,116.051020,0.03910000
17.85,116.104082,0.03915000
17.86,116.157143,0.03920000
17.87,116.210204,0.03925000
17.88,116.263265,0.03930000
17.89,116.316327,0.03935000
17.90,116.369388,0.03940000
17.91,116.422449,0.03945000
17.92,116.475510,0.03950000
17.93,116.528571,0.03955000
17.94,116.581633,0.03960000
17.95,116.634694,0.03965000
17.96,116.687755,0.03970000
17.97,116.740816,0.03975000
17.98,116.793878,0.03980000
17.99,116.846939,0.03985000
18.00,116.900000,0.03990000
18.01,116.953846,0.03991154
18.02,117.007692,0.03992308
18.03,117.061538,0.03993462
18.04,117.115385,0.03994615
18.05,117.169231,0.03995769
18.06,117.223077,0.03996923
18.07,117.276923,0.03998077
18.08,117.330769,0.03999231
18.09,117.384615,0.04000385
18.10,117.438462,0.04001538
18.11,117.492308,0.04002692
18.12,117.546154,0.04003846
18.13,117.600000,0.04005000
18.14,117.653846,0.04006154
18.15,117.707692,0.04007308
18.16,117.761538,0.04008462
18.17,117.815385,0.04009615
18.18,117.869231,0.04010769
18.19,117.923077,0.04011923
18.20,117.976923,0.04013077
18.21,118.030769,0.04014231
18.22,118.084615,0.04015385
18.23,118.138462,0.04016538
18.24,118.192308,0.04017692
18.25,118.246154,0.04018846
18.26,118.300000,0.04020000
18.27,118.353846,0.04029231
18.28,118.407692,0.04038462
18.29,118.461538,0.04047692
18.30,118.515385,0.04056923
18.31,118.569231,0.04066154
18.32,118.623077,0.04075385
18.33,118.676923,0.04084615
18.34,118.730769,0.04093846
18.35,118.784615,0.04103077
18.36,118.838462,0.04112308
18.37,118.892308,0.04121538
18.38,118.946154,0.04130769
18.39,119.000000,0.04140000
18.40,119.053846,0.04149231
18.41,119.107692,0.04158462
18.42,119.161538,0.04167692
18.43,119.215385,0.04176923
18.44,119.269231,0.04186154
18.45,119.323077,0.04195385
18.46,119.376923,0.04204615
18.47,119.430769,0.04213846
18.48,119.484615,0.04223077
18.49,119.538462,0.04232308
18.50,119.592308,0.04241538
18.51,119.646154,0.04250769
18.52,119.700000,0.04260000
18.53,119.753704,0.04264444
18.54,119.807407,0.04268889
18.55,119.861111,0.04273333
18.56,119.914815,0.04277778
18.57,119.968519,0.04282222
18.58,120.022222,0.04286667
18.59,120.075926,0.04291111
18.60,120.129630,0.04295556
18.61,120.183333,0.04300000
18.62,120.237037,0.04304444
18.63,120.290741,0.04308889
18.64,120.344444,0.04313333
18.65,120.398148,0.04317778
18.66,120.451852,0.04322222
18.67,120.505556,0.04326667
18.68,120.559259,0.04331111
18.69,120.612963,0.04335556
18.70,120.666667,0.04340000
18.71,120.720370,0.04344444
18.72,120.774074,0.04348889
18.73,120.827778,0.04353333
18.74,120.881481,0.04357778
18.75,120.935185,0.04362222
18.76,120.988889,0.04366667
18.77,121.042593,0.04371111
18.78,121.096296,0.04375556
18.79,121.150000,0.04380000
18.80,121.203704,0.04381111
18.81,121.257407,0.04382222
18.82,121.311111,0.04383333
18.83,121.364815,0.04384444
18.84,121.418519,0.04385556
18.85,121.472222,0.04386667
18.86,121.525926,0.04387778
18.87,121.579630,0.04388889
18.88,121.633333,0.04390000
18.89,121.687037,0.04391111
18.90,121.740741,0.04392222
18.91,121.794444,0.04393333
18.92,121.848148,0.04394444
18.93,121.901852,0.04395556
18.94,121.955556,0.04396667
18.95,122.009259,0.04397778
18.96,122.062963,0.04398889
18.97,122.116667,0.04400000
18.98,122.170370,0.04401111
18.99,122.224074,0.04402222
19.00,122.277778,0.04403333
19.01,122.331481,0.04404444
19.02,122.385185,0.04405556
19.03,122.438889,0.04406667
19.04,122.492593,0.04407778
19.05,122.546296,0.04408889
19.06,122.600000,0.04410000
19.07,122.651724,0.04415517
19.08,122.703448,0.04421034
19.09,122.755172,0.04426552
19.10,122.806897,0.04432069
19.11,122.858621,0.04437586
19.12,122.910345,0.04443103
19.13,122.962069,0.04448621
19.14,123.013793,0.04454138
19.15,123.065517,0.04459655
19.16,123.117241,0.04465172
19.17,123.168966,0.04470690
19.18,123.220690,0.04476207
19.19,123.272414,0.04481724
19.20,123.324138,0.04487241
19.21,123.375862,0.04492759
19.22,123.427586,0.04498276
19.23,123.479310,0.04503793
19.24,123.531034,0.04509310
19.25,123.582759,0.04514828
19.26,123.634483,0.04520345
19.27,123.686207,0.04525862
19.28,123.737931,0.04531379
19.29,123.789655,0.04536897
19.30,123.841379,0.04542414
19.31,123.893103,0.04547931
19.32,123.944828,0.04553448
19.33,123.996552,0.04558966
19.34,124.048276,0.04564483
19.35,124.100000,0.04570000
19.36,124.151724,0.04566552
19.37,124.203448,0.04563103
19.38,124.255172,0.04559655
19.39,124.306897,0.04556207
19.40,124.358621,0.04552759
19.41,124.410345,0.04549310
19.42,124.462069,0.04545862
19.43,124.513793,0.04542414
19.44,124.565517,0.04538966
19.45,124.617241,0.04535517
19.46,124.668966,0.04532069
19.47,124.720690,0.04528621
19.48,124.772414,0.04525172
19.49,124.824138,0.04521724
19.50,124.875862,0.04518276
19.51,124.927586,0.04514828
19.52,124.979310,0.04511379
19.53,125.031034,0.04507931
19.54,125.082759,0.04504483
19.55,125.134483,0.04501034
19.56,125.186207,0.04497586
19.57,125.237931,0.04494138
19.58,125.289655,0.04490690
19.59,125.341379,0.04487241
19.60,125.393103,0.04483793
19.61,125.444828,0.04480345
19.62,125.496552,0.04476897
19.63,125.548276,0.04473448
19.64,125.600000,0.04470000
19.65,125.684211,0.04461000
19.66,125.768421,0.04452000
19.67,125.852632,0.04443000
19.68,125.936842,0.04434000
19.69,126.021053,0.04425000
19.70,126.105263,0.04416000
19.71,126.189474,0.04407000
19.72,126.273684,0.04398000
19.73,126.357895,0.04389000
19.74,126.442105,0.04380000
19.75,126.526316,0.04371000
19.76,126.610526,0.04362000
19.77,126.694737,0.04353000
19.78,126.778947,0.04344000
19.79,126.863158,0.04335000
19.80,126.947368,0.04326000
19.81,127.031579,0.04317000
19.82,127.115789,0.04308000
19.83,127.200000,0.04299000
19.84,127.284211,0.04290000
19.85,127.368421,0.04281000
19.86,127.452632,0.04272000
19.87,127.536842,0.04263000
19.88,127.621053,0.04254000
19.89,127.705263,0.04245000
19.90,127.789474,0.04236000
19.91,127.873684,0.04227000
19.92,127.957895,0.04218000
19.93,128.042105,0.04209000
19.94,128.126316,0.04200000
19.95,128.210526,0.04200000
19.96,128.294737,0.04200000
19.97,128.378947,0.04200000
19.98,128.463158,0.04200000
19.99,128.547368,0.04200000
20.00,128.631579,0.04200000

