wl,Al2O3_n
3.10152e-06,0.999999995239093
3.12186e-06,0.999999995179402
3.14233e-06,0.99999999511749
3.16294e-06,0.999999995054282
3.18369e-06,0.999999994990002
3.20457e-06,0.99999999492473
3.22558e-06,0.999999994858502
3.24674e-06,0.999999994791332
3.26803e-06,0.999999994723221
3.28946e-06,0.999999994654173
3.31104e-06,0.999999994584187
3.33275e-06,0.999999994513256
3.35461e-06,0.999999994441371
3.37661e-06,0.999999994368522
3.39875e-06,0.999999994294699
3.42104e-06,0.999999994219889
3.44348e-06,0.999999994144082
3.46606e-06,0.999999994067265
3.4888e-06,0.999999993989424
3.51168e-06,0.999999993910548
3.53471e-06,0.999999993830629
3.55789e-06,0.999999993749655
3.58122e-06,0.999999993667611
3.60471e-06,0.999999993584482
3.62835e-06,0.999999993500255
3.65215e-06,0.999999993414914
3.6761e-06,0.999999993328444
3.70021e-06,0.999999993240831
3.72448e-06,0.999999993152058
3.7489e-06,0.99999999306211
3.77349e-06,0.999999992970977
3.79824e-06,0.999999992878647
3.82315e-06,0.9999999927851
3.84822e-06,0.999999992690321
3.87346e-06,0.999999992594292
3.89886e-06,0.999999992496997
3.92443e-06,0.999999992398419
3.95017e-06,0.999999992298539
3.97608e-06,0.999999992197341
4.00215e-06,0.999999992094804
4.0284e-06,0.999999991990918
4.05482e-06,0.999999991885668
4.08141e-06,0.999999991779034
4.10818e-06,0.999999991670996
4.13512e-06,0.999999991561536
4.16224e-06,0.999999991450634
4.18954e-06,0.999999991338271
4.21702e-06,0.999999991224427
4.24467e-06,0.999999991109081
4.27251e-06,0.999999990992209
4.30053e-06,0.999999990873799
4.32874e-06,0.999999990753836
4.35713e-06,0.999999990632296
4.3857e-06,0.999999990509158
4.41447e-06,0.999999990384399
4.44342e-06,0.999999990257997
4.47256e-06,0.999999990129931
4.50189e-06,0.999999990000177
4.53142e-06,0.999999989868712
4.56113e-06,0.999999989735511
4.59105e-06,0.999999989600555
4.62116e-06,0.999999989463828
4.65147e-06,0.999999989325305
4.68197e-06,0.999999989184961
4.71268e-06,0.99999998904277
4.74358e-06,0.999999988898708
4.77469e-06,0.999999988752749
4.80601e-06,0.999999988604867
4.83753e-06,0.999999988455037
4.86925e-06,0.999999988303228
4.90119e-06,0.999999988149419
4.93333e-06,0.999999987993589
4.96569e-06,0.999999987835714
4.99825e-06,0.999999987675764
5.03103e-06,0.999999987513709
5.06403e-06,0.999999987349522
5.09724e-06,0.999999987183174
5.13067e-06,0.999999987014635
5.16432e-06,0.999999986843876
5.19819e-06,0.999999986670864
5.23228e-06,0.99999998649557
5.2666e-06,0.999999986317972
5.30114e-06,0.999999986138043
5.3359e-06,0.99999998595575
5.3709e-06,0.999999985771059
5.40612e-06,0.999999985583938
5.44158e-06,0.999999985394355
5.47726e-06,0.999999985202275
5.51319e-06,0.999999985007665
5.54934e-06,0.999999984810488
5.58574e-06,0.99999998461071
5.62237e-06,0.999999984408303
5.65925e-06,0.999999984203242
5.69636e-06,0.999999983995486
5.73372e-06,0.999999983784998
5.77132e-06,0.999999983571741
5.80917e-06,0.999999983355677
5.84727e-06,0.999999983136769
5.88562e-06,0.999999982914978
5.92422e-06,0.999999982690264
5.96307e-06,0.999999982462583
6.00218e-06,0.999999982231905
6.04155e-06,0.999999981998201
6.08117e-06,0.999999981761427
6.12105e-06,0.999999981521539
6.16119e-06,0.999999981278496
6.2016e-06,0.999999981032254
6.24227e-06,0.999999980782771
6.28321e-06,0.999999980530002
6.32442e-06,0.999999980273902
6.3659e-06,0.999999980014424
6.40765e-06,0.999999979751527
6.44967e-06,0.99999997948518
6.49197e-06,0.999999979215334
6.53455e-06,0.99999997894194
6.5774e-06,0.99999997866495
6.62054e-06,0.999999978384315
6.66396e-06,0.999999978099986
6.70767e-06,0.999999977811913
6.75166e-06,0.999999977520045
6.79594e-06,0.999999977224328
6.84051e-06,0.999999976924713
6.88537e-06,0.999999976621161
6.93053e-06,0.999999976313625
6.97598e-06,0.999999976002045
7.02173e-06,0.999999975686367
7.06778e-06,0.999999975366535
7.11413e-06,0.999999975042493
7.16079e-06,0.999999974714186
7.20775e-06,0.999999974381553
7.25502e-06,0.999999974044535
7.30261e-06,0.999999973703072
7.3505e-06,0.999999973357121
7.39871e-06,0.999999973006628
7.44723e-06,0.999999972651528
7.49607e-06,0.999999972291758
7.54523e-06,0.999999971927254
7.59472e-06,0.999999971557953
7.64453e-06,0.99999997118379
7.69466e-06,0.999999970804699
7.74513e-06,0.999999970420611
7.79592e-06,0.999999970031456
7.84705e-06,0.999999969637181
7.89851e-06,0.999999969237732
7.95031e-06,0.999999968833032
8.00246e-06,0.99999996842301
8.05494e-06,0.999999968007594
8.10777e-06,0.99999996758671
8.16094e-06,0.999999967160285
8.21446e-06,0.999999966728244
8.26833e-06,0.999999966290511
8.32256e-06,0.999999965847001
8.37714e-06,0.999999965397652
8.43208e-06,0.999999964942406
8.48738e-06,0.999999964481177
8.54305e-06,0.999999964013883
8.59908e-06,0.99999996354044
8.65547e-06,0.999999963060767
8.71224e-06,0.99999996257478
8.76938e-06,0.999999962082393
8.82689e-06,0.999999961583518
8.88478e-06,0.999999961078062
8.94305e-06,0.999999960565949
9.0017e-06,0.999999960047109
9.06074e-06,0.999999959521453
9.12016e-06,0.999999958988885
9.17997e-06,0.99999995844931
9.24018e-06,0.999999957902635
9.30078e-06,0.999999957348764
9.36178e-06,0.999999956787599
9.42317e-06,0.999999956219041
9.48497e-06,0.999999955642986
9.54718e-06,0.999999955059338
9.60979e-06,0.999999954468019
9.67282e-06,0.999999953868934
9.73626e-06,0.999999953261972
9.80011e-06,0.999999952647026
9.86438e-06,0.999999952023987
9.92908e-06,0.999999951392746
9.99419e-06,0.999999950753194
1.00597e-05,0.999999950105217
1.01257e-05,0.999999949448697
1.01921e-05,0.999999948783519
1.0259e-05,0.999999948109593
1.03262e-05,0.999999947426819
1.0394e-05,0.999999946735068
1.04621e-05,0.999999946034218
1.05308e-05,0.999999945324145
1.05998e-05,0.999999944604725
1.06693e-05,0.999999943875833
1.07393e-05,0.999999943137341
1.08097e-05,0.999999942389114
1.08806e-05,0.999999941631015
1.0952e-05,0.999999940862939
1.10238e-05,0.999999940084782
1.10961e-05,0.999999939296394
1.11689e-05,0.999999938497637
1.12421e-05,0.999999937688368
1.13159e-05,0.999999936868448
1.13901e-05,0.999999936037731
1.14648e-05,0.999999935196073
1.154e-05,0.999999934343324
1.16157e-05,0.99999993347932
1.16918e-05,0.99999993260394
1.17685e-05,0.999999931717067
1.18457e-05,0.999999930818538
1.19234e-05,0.99999992990819
1.20016e-05,0.999999928985863
1.20803e-05,0.999999928051397
1.21595e-05,0.999999927104626
1.22393e-05,0.999999926145386
1.23195e-05,0.999999925173506
1.24003e-05,0.999999924188802
1.24817e-05,0.999999923191125
1.25635e-05,0.99999992218034
1.26459e-05,0.999999921156275
1.27289e-05,0.999999920118742
1.28123e-05,0.999999919067557
1.28964e-05,0.999999918002536
1.29809e-05,0.999999916923493
1.30661e-05,0.999999915830237
1.31518e-05,0.999999914722576
1.3238e-05,0.999999913600304
1.33248e-05,0.999999912463234
1.34122e-05,0.999999911311218
1.35002e-05,0.99999991014407
1.35887e-05,0.999999908961575
1.36778e-05,0.999999907763521
1.37676e-05,0.999999906549699
1.38578e-05,0.999999905319895
1.39487e-05,0.999999904073893
1.40402e-05,0.999999902811474
1.41323e-05,0.999999901532406
1.4225e-05,0.999999900236461
1.43183e-05,0.99999989892347
1.44122e-05,0.99999989759324
1.45067e-05,0.99999989624552
1.46018e-05,0.999999894880068
1.46976e-05,0.999999893496644
1.4794e-05,0.999999892095006
1.4891e-05,0.999999890674907
1.49887e-05,0.999999889236098
1.5087e-05,0.999999887778317
1.51859e-05,0.999999886301284
1.52855e-05,0.99999988480481
1.53858e-05,0.999999883288698
1.54867e-05,0.999999881752654
1.55882e-05,0.999999880196403
1.56905e-05,0.999999878619668
1.57934e-05,0.999999877022175
1.58969e-05,0.999999875403641
1.60012e-05,0.999999873763781
1.61061e-05,0.9999998721023
1.62118e-05,0.999999870418877
1.63181e-05,0.999999868713278
1.64251e-05,0.999999866985288
1.65328e-05,0.999999865234589
1.66413e-05,0.999999863460862
1.67504e-05,0.99999986166379
1.68603e-05,0.999999859843059
1.69708e-05,0.999999857998346
1.70821e-05,0.999999856129327
1.71942e-05,0.999999854235665
1.73069e-05,0.999999852316997
1.74204e-05,0.999999850373034
1.75347e-05,0.999999848403534
1.76497e-05,0.999999846408164
1.77654e-05,0.999999844386551
1.7882e-05,0.999999842338333
1.79992e-05,0.999999840263149
1.81173e-05,0.999999838160632
1.82361e-05,0.99999983603041
1.83557e-05,0.999999833872102
1.84761e-05,0.999999831685297
1.85973e-05,0.999999829469632
1.87192e-05,0.999999827224842
1.8842e-05,0.999999824950583
1.89656e-05,0.999999822646418
1.90899e-05,0.999999820311933
1.92151e-05,0.999999817946713
1.93412e-05,0.999999815550339
1.9468e-05,0.999999813122389
1.95957e-05,0.999999810662425
1.97242e-05,0.999999808169989
1.98536e-05,0.99999980564462
1.99838e-05,0.999999803086027
2.01148e-05,0.99999980049387
2.02467e-05,0.999999797867634
2.03795e-05,0.999999795206843
2.05132e-05,0.999999792511022
2.06477e-05,0.999999789779693
2.07831e-05,0.999999787012371
2.09194e-05,0.999999784208562
2.10566e-05,0.999999781367749
2.11947e-05,0.99999977848935
2.13337e-05,0.999999775573045
2.14736e-05,0.999999772618513
2.16145e-05,0.999999769625151
2.17562e-05,0.999999766592407
2.18989e-05,0.999999763519738
2.20425e-05,0.999999760406597
2.21871e-05,0.99999975725243
2.23326e-05,0.999999754056671
2.24791e-05,0.999999750818732
2.26265e-05,0.999999747537951
2.27749e-05,0.999999744213917
2.29243e-05,0.999999740846282
2.30746e-05,0.99999973743442
2.32259e-05,0.999999733977681
2.33783e-05,0.999999730475439
2.35316e-05,0.999999726927068
2.36859e-05,0.999999723331933
2.38413e-05,0.999999719689388
2.39976e-05,0.99999971599876
2.4155e-05,0.999999712259305
2.43134e-05,0.99999970847048
2.44729e-05,0.999999704631917
2.46334e-05,0.999999700742986
2.47949e-05,0.999999696802921
2.49575e-05,0.999999692810996
2.51212e-05,0.999999688766494
2.5286e-05,0.999999684668688
2.54518e-05,0.99999968051684
2.56187e-05,0.999999676310181
2.57868e-05,0.999999672047874
2.59559e-05,0.999999667729197
2.61261e-05,0.99999966335377
2.62974e-05,0.999999658920994
2.64699e-05,0.999999654429955
2.66435e-05,0.999999649879816
2.68182e-05,0.99999964526975
2.69941e-05,0.999999640598926
2.71712e-05,0.999999635866498
2.73494e-05,0.999999631071593
2.75287e-05,0.999999626213269
2.77093e-05,0.999999621290559
2.7891e-05,0.999999616303079
2.80739e-05,0.999999611250319
2.8258e-05,0.99999960613118
2.84434e-05,0.999999600944691
2.86299e-05,0.999999595689901
2.88177e-05,0.999999590365857
2.90067e-05,0.999999584971591
2.91969e-05,0.999999579506107
2.93884e-05,0.999999573968349
2.95811e-05,0.999999568357053
2.97751e-05,0.999999562671809
2.99704e-05,0.99999955691224
3.0167e-05,0.999999551077064
3.03648e-05,0.999999545165145
3.0564e-05,0.999999539175385
3.07644e-05,0.999999533106689
3.09662e-05,0.999999526957946
3.11693e-05,0.999999520728016
3.13737e-05,0.999999514415689
3.15794e-05,0.999999508019534
3.17865e-05,0.999999501538922
3.1995e-05,0.999999494973511
3.22048e-05,0.999999488322047
3.24161e-05,0.999999481583159
3.26286e-05,0.999999474755571
3.28426e-05,0.999999467838023
3.3058e-05,0.99999946082924
3.32748e-05,0.999999453727916
3.34931e-05,0.99999944653267
3.37127e-05,0.999999439241886
3.39338e-05,0.99999943185461
3.41564e-05,0.999999424370576
3.43804e-05,0.99999941678866
3.46059e-05,0.999999409107202
3.48328e-05,0.999999401324722
3.50613e-05,0.999999393439778
3.52912e-05,0.999999385450928
3.55227e-05,0.999999377356707
3.57556e-05,0.999999369155605
3.59901e-05,0.999999360845981
3.62262e-05,0.999999352426374
3.64638e-05,0.999999343896002
3.67029e-05,0.999999335253711
3.69436e-05,0.999999326497698
3.71859e-05,0.999999317626312
3.74298e-05,0.999999308637922
3.76753e-05,0.999999299530883
3.79223e-05,0.999999290303512
3.8171e-05,0.999999280954061
3.84214e-05,0.999999271480615
3.86734e-05,0.999999261881106
3.8927e-05,0.999999252155154
3.91823e-05,0.99999924230211
3.94393e-05,0.999999232319628
3.96979e-05,0.999999222205737
3.99583e-05,0.999999211958534
4.02203e-05,0.999999201576127
4.04841e-05,0.999999191056599
4.07496e-05,0.99999918039799
4.10169e-05,0.999999169598239
4.12859e-05,0.999999158654947
4.15567e-05,0.999999147567125
4.18292e-05,0.999999136333403
4.21035e-05,0.999999124951313
4.23797e-05,0.999999113418974
4.26576e-05,0.999999101734355
4.29374e-05,0.99999908989549
4.3219e-05,0.999999077900296
4.35024e-05,0.99999906574678
4.37877e-05,0.99999905343277
4.40749e-05,0.999999040956013
4.43639e-05,0.999999028314211
4.46549e-05,0.999999015505245
4.49478e-05,0.99999900252682
4.52425e-05,0.999998989376669
4.55393e-05,0.999998976052334
4.58379e-05,0.999998962551605
4.61385e-05,0.999998948872185
4.64411e-05,0.999998935011108
4.67457e-05,0.999998920964828
4.70523e-05,0.999998906732397
4.73609e-05,0.99999889231357
4.76715e-05,0.999998877705371
4.79841e-05,0.999998862904731
4.82988e-05,0.99999884790888
4.86156e-05,0.9999988327154
4.89344e-05,0.999998817321535
4.92554e-05,0.999998801724578
4.95784e-05,0.999998785921669
4.99035e-05,0.999998769910233
5.02308e-05,0.999998753687403
5.05603e-05,0.999998737250479
5.08918e-05,0.999998720596488
5.12256e-05,0.999998703722612
5.15616e-05,0.999998686625774
5.18997e-05,0.999998669303138
5.22401e-05,0.999998651751852
5.25827e-05,0.99999863396876
5.29276e-05,0.999998615950922
5.32747e-05,0.999998597695082
5.36241e-05,0.999998579198197
5.39758e-05,0.999998560456893
5.43298e-05,0.999998541467979
5.46861e-05,0.99999852222801
5.50447e-05,0.999998502733814
5.54057e-05,0.999998482981877
5.57691e-05,0.999998462969044
5.61349e-05,0.99999844269172
5.6503e-05,0.999998422146592
5.68736e-05,0.999998401329928
5.72466e-05,0.999998380238285
5.7622e-05,0.999998358867789
5.79999e-05,0.999998337214801
5.83803e-05,0.999998315275444
5.87632e-05,0.999998293045969
5.91486e-05,0.999998270522808
5.95365e-05,0.999998247701874
5.99269e-05,0.999998224579446
6.032e-05,0.999998201151276
6.07156e-05,0.999998177413455
6.11138e-05,0.999998153361646
6.15146e-05,0.999998128991932
6.1918e-05,0.999998104299876
6.23241e-05,0.999998079281579
6.27328e-05,0.999998053932455
6.31442e-05,0.999998028248188
6.35584e-05,0.999998002223913
6.39752e-05,0.999997975855506
6.43948e-05,0.999997949138072
6.48171e-05,0.999997922067362
6.52422e-05,0.999997894638543
6.56701e-05,0.999997866846894
6.61008e-05,0.999997838687741
6.65343e-05,0.999997810155908
6.69706e-05,0.999997781246712
6.74099e-05,0.999997751954832
6.7852e-05,0.999997722275501
6.82969e-05,0.999997692203224
6.87449e-05,0.999997661733111
6.91957e-05,0.999997630859566
6.96495e-05,0.999997599577866
7.01063e-05,0.99999756788217
7.05661e-05,0.999997535767026
7.10289e-05,0.999997503226232
7.14947e-05,0.999997470254865
7.19636e-05,0.999997436846808
7.24356e-05,0.999997402996692
7.29106e-05,0.999997368697979
7.33888e-05,0.999997333945273
7.38701e-05,0.999997298732758
7.43546e-05,0.999997263053911
7.48422e-05,0.999997226902826
7.53331e-05,0.999997190272774
7.58271e-05,0.999997153157916
7.63244e-05,0.999997115551249
7.6825e-05,0.999997077446717
7.73288e-05,0.999997038837125
7.7836e-05,0.999996999716411
7.83465e-05,0.999996960077118
7.88603e-05,0.999996919912909
7.93775e-05,0.999996879216067
7.98981e-05,0.999996837980395
8.04221e-05,0.999996796198024
8.09495e-05,0.999996753862465
8.14804e-05,0.999996710965515
8.20148e-05,0.999996667500379
8.25527e-05,0.999996623458863
8.30941e-05,0.999996578833503
8.3639e-05,0.999996533616921
8.41876e-05,0.999996487800562
8.47397e-05,0.999996441377222
8.52954e-05,0.999996394338002
8.58548e-05,0.999996346675499
8.64179e-05,0.999996298380581
8.69847e-05,0.999996249445887
8.75551e-05,0.999996199861895
8.81294e-05,0.999996149620833
8.87073e-05,0.999996098712806
8.92891e-05,0.999996047129989
8.98747e-05,0.999995994862171
9.04641e-05,0.999995941901614
9.10574e-05,0.999995888237863
9.16546e-05,0.999995833862834
9.22557e-05,0.999995778765569
9.28608e-05,0.999995722937405
9.34698e-05,0.999995666368613
9.40828e-05,0.999995609048769
9.46998e-05,0.999995550969071
9.53209e-05,0.999995492118042
9.5946e-05,0.999995432486534
9.65753e-05,0.999995372062762
9.72087e-05,0.999995310837491
9.78462e-05,0.99999524879861
9.84879e-05,0.999995185937009
9.91338e-05,0.999995122240058
9.9784e-05,0.999995057698077
0.000100438,0.999994992297902
0.000101097,0.999994926030094
0.00010176,0.99999485888114
0.000102428,0.999994790841318
0.000103099,0.999994721896524
0.000103775,0.999994652036602
0.000104456,0.999994581247852
0.000105141,0.999994509518491
0.000105831,0.999994436837176
0.000106525,0.999994363189318
0.000107223,0.999994288563952
0.000107927,0.99999421294593
0.000108634,0.999994136324054
0.000109347,0.999994058682636
0.000110064,0.999993980010356
0.000110786,0.999993900290987
0.000111512,0.999993819513269
0.000112244,0.999993737660326
0.00011298,0.999993654720454
0.000113721,0.999993570676027
0.000114467,0.999993485515491
0.000115217,0.999993399220635
0.000115973,0.999993311779457
0.000116734,0.999993223172618
0.000117499,0.999993133387538
0.00011827,0.999993042409108
0.000119045,0.99999295021947
0.000119826,0.99999285680506
0.000120612,0.999992762146416
0.000121403,0.999992666230235
0.000122199,0.999992569036124
0.000123001,0.999992470550255
0.000123807,0.999992370751654
0.000124619,0.999992269627004
0.000125437,0.999992167154343
0.000126259,0.999992063319387
0.000127087,0.999991958099142
0.000127921,0.999991851480185
0.00012876,0.999991743438903
0.000129604,0.99999163396118
0.000130454,0.999991523021952
0.00013131,0.999991410606841
0.000132171,0.999991296692576
0.000133038,0.99999118126066
0.00013391,0.999991064294043
0.000134789,0.99999094576719
0.000135673,0.999990825663818
0.000136562,0.999990703957807
0.000137458,0.999990580633412
0.000138359,0.999990455663093
0.000139267,0.999990329030393
0.00014018,0.999990200706679
0.0001411,0.999990070675857
0.000142025,0.999989938908095
0.000142956,0.99998980538717
0.000143894,0.999989670081887
0.000144838,0.999989532976387
0.000145788,0.999989394038199
0.000146744,0.99998925325114
0.000147706,0.999989110580763
0.000148675,0.99998896600888
0.00014965,0.999988819511321
0.000150631,0.999988671057757
0.000151619,0.999988520629114
0.000152614,0.999988368190578
0.000153614,0.999988213722808
0.000154622,0.999988057189889
0.000155636,0.999987898572913
0.000156657,0.999987737834496
0.000157684,0.999987574956221
0.000158718,0.999987409899007
0.000159759,0.999987242644629
0.000160807,0.999987073152138
0.000161862,0.999986901403288
0.000162923,0.999986727355041
0.000163992,0.999986550989405
0.000165067,0.999986372260966
0.00016615,0.999986191150899
0.000167239,0.999986007618657
0.000168336,0.999985821635251
0.00016944,0.999985633175647
0.000170551,0.99998544219466
0.00017167,0.999985248670844
0.000172796,0.999985052556803
0.000173929,0.999984853830882
0.00017507,0.999984652443815
0.000176218,0.999984448375056
0.000177374,0.999984241572844
0.000178537,0.999984032016621
0.000179708,0.999983819652018
0.000180886,0.999983604459416
0.000182073,0.999983386381827
0.000183267,0.999983165400459
0.000184469,0.999982941455449
0.000185679,0.999982714527606
0.000186896,0.999982484552213
0.000188122,0.999982251507185
0.000189356,0.999982015356272
0.000190598,0.99998177604488
0.000191848,0.999981533546976
0.000193106,0.99998128780016
0.000194372,0.999981038781247
0.000195647,0.999980786424684
0.00019693,0.999980530707783
0.000198222,0.99998027156203
0.000199522,0.999980008966745
0.00020083,0.999979742849891
0.000202147,0.999979473191633
0.000203473,0.999979199915542
0.000204808,0.99997892299974
0.000206151,0.999978642362166
0.000207503,0.999978357990557
0.000208864,0.999978069803666
0.000210234,0.999977777777564
0.000211612,0.99997748183649
0.000213,0.999977181938282
0.000214397,0.999976878050929
0.000215803,0.999976570090575
0.000217218,0.999976258032732
0.000218643,0.999975941789807
0.000220077,0.999975621338476
0.00022152,0.999975296587392
0.000222973,0.99997496751689
0.000224436,0.999974634031278
0.000225907,0.999974296115065
0.000227389,0.999973953666457
0.00022888,0.999973606665856
0.000230381,0.999973255003725
0.000231892,0.999972898667064
0.000233413,0.999972537541369
0.000234944,0.999972171615265
0.000236485,0.999971800764833
0.000238036,0.999971424970617
0.000239597,0.999971044179707
0.000241168,0.99997065829339
0.00024275,0.999970267285515
0.000244342,0.999969871037992
0.000245944,0.999969469529659
0.000247557,0.999969062637975
0.000249181,0.999968650347679
0.000250815,0.999968232529512
0.00025246,0.999967809172869
0.000254116,0.999967380139456
0.000255782,0.999966945416057
0.00025746,0.999966504855447
0.000259148,0.999966058457358
0.000260848,0.999965606068964
0.000262559,0.999965147688628
0.000264281,0.999964683149807
0.000266014,0.999964212447861
0.000267759,0.99996373544884
0.000269515,0.999963252092427
0.000271282,0.999962762346434
0.000273061,0.999962266053373
0.000274852,0.999961763204315
0.000276655,0.999961253631021
0.000278469,0.999960737324256
0.000280295,0.999960214108487
0.000282134,0.99995968398428
0.000283984,0.999959146765905
0.000285847,0.999958602460721
0.000287721,0.999958050871207
0.000289608,0.999957492009803
0.000291508,0.999956925665843
0.000293419,0.999956351860558
0.000295344,0.999955770369614
0.000297281,0.999955181221346
0.00029923,0.999954584171934
0.000301193,0.999953979227493
0.000303168,0.999953366315564
0.000305156,0.999952745254829
0.000307158,0.999952116041335
0.000309172,0.999951478456923
0.0003112,0.9999508325292
0.000313241,0.99995017801151
0.000315295,0.9999495149104
0.000317363,0.999948842973416
0.000319444,0.999948162239632
0.000321539,0.99994747244239
0.000323648,0.999946773626093
0.000325771,0.999946065505187
0.000327907,0.999945348136056
0.000330058,0.999944621213797
0.000332222,0.999943884806266
0.000334401,0.999943138583644
0.000336594,0.99994238260887
0.000338802,0.999941616638739
0.000341024,0.999940840599978
0.00034326,0.999940054498528
0.000345512,0.99993925801489
0.000347778,0.999938451183118
0.000350059,0.999937633687234
0.000352354,0.999936805599789
0.000354665,0.999935966578441
0.000356991,0.999935116700382
0.000359332,0.999934255600648
0.000361689,0.999933383375717
0.000364061,0.999932499636803
0.000366449,0.999931604499952
0.000368852,0.999930697550207
0.000371271,0.99992977892764
0.000373706,0.99992884818977
0.000376157,0.999927905501174
0.000378624,0.999926950389746
0.000381107,0.99992598293445
0.000383607,0.99992500303867
0.000386122,0.99992401037432
0.000388655,0.999923005040156
0.000391204,0.99992198659643
0.000393769,0.99992095517144
0.000396352,0.99991991030589
0.000398951,0.999918852163613
0.000401568,0.999917780255151
0.000404201,0.999916694773001
0.000406852,0.999915595192292
0.00040952,0.999914481724351
0.000412206,0.999913353804126
0.00041491,0.999912211664507
0.000417631,0.999911054695841
0.00042037,0.999909883200989
0.000423127,0.999908696547437
0.000425902,0.999907494975094
0.000428695,0.999906278026495
0.000431506,0.999905045644164
0.000434336,0.999903797958724
0.000437185,0.999902534366569
0.000440052,0.999901255103894
0.000442938,0.999899959550302
0.000445843,0.999898647992131
0.000448767,0.999897319774536
0.00045171,0.999895975240416
0.000454673,0.999894613694499
0.000457655,0.999893235538154
0.000460656,0.999891840016188
0.000463677,0.999890427494362
0.000466718,0.999888997142034
0.000469779,0.999887549471881
0.00047286,0.999886083640549
0.000475961,0.999884600131669
0.000479083,0.999883097959432
0.000482225,0.999881577547829
0.000485387,0.999880038919549
0.000488571,0.999878481459058
0.000491775,0.999876905571111
0.000495,0.99987531043542
0.000498247,0.999873696563879
0.000501514,0.999872063096886
0.000504803,0.999870410636256
0.000508114,0.999868738234217
0.000511446,0.999867046469964
0.000514801,0.999865334337655
0.000518177,0.999863602552298
0.000521575,0.999861850062866
0.000524996,0.999860077709402
0.000528439,0.999858284390023
0.000531905,0.999856470928097
0.000535393,0.999854636067541
0.000538905,0.99985278066053
0.000542439,0.999850903980075
0.000545996,0.999849006163421
0.000549577,0.999847087818275
0.000553182,0.99984514787403
0.00055681,0.999843187205944
0.000560461,0.999841204707364
0.000564137,0.999839201333052
0.000567837,0.999837175993486
0.000571561,0.999835129951222
0.000575309,0.999833061956678
0.000579082,0.999830973019706
0.00058288,0.999828861822963
0.000586703,0.999826729901251
0.000590551,0.999824576012918
0.000594424,0.9998224017934
0.000598322,0.999820206006951
0.000602246,0.999817990487424
0.000606196,0.999815754370377
0.000610172,0.999813498110233
0.000614173,0.999811222283421
0.000618201,0.999808923753524
0.000622256,0.999806600164305
0.000626337,0.999804252983171
0.000630444,0.999801886770034
0.000634579,0.999799500403274
0.000638741,0.999797095772015
0.00064293,0.999794671696743
0.000647147,0.999792230651579
0.000651391,0.999789771553928
0.000655663,0.999787297294807
0.000659963,0.999784806867958
0.000664291,0.999782303560075
0.000668648,0.999779786470624
0.000673033,0.999777259412199
0.000677447,0.999774721651708
0.00068189,0.999772177503791
0.000686362,0.999769628085874
0.000690863,0.999767076817851
0.000695394,0.999764529134446
0.000699955,0.999761985541764
0.000704546,0.999759451779064
0.000709166,0.999756930141424
0.000713817,0.999754428868288
0.000718499,0.999751950391516
0.000723211,0.99974950130636
0.000727954,0.999747087469014
0.000732728,0.999744722309595
0.000737534,0.999742417259442
0.000742371,0.99974019441231
0.000747239,0.999738074843127
0.00075214,0.999736093731123
0.000757073,0.999734291821407
0.000762038,0.999732735938186
0.000767036,0.999731519028713
0.000772066,0.999730803623891
0.00077713,0.99973088565635
0.000782226,0.99973242228555
0.000787356,0.999737633964228
0.00079252,0.999741623570616
0.000797718,0.999736145447239
0.00080295,0.999724457997916
0.000808216,0.999713879176588
0.000813516,0.999705758047525
0.000818851,0.999698633895666
0.000824222,0.999692001713169
0.000829627,0.999685672153841
0.000835068,0.999679615737505
0.000840545,0.999673769719138
0.000846058,0.999668051106793
0.000851606,0.999662409411106
0.000857191,0.999656807578724
0.000862813,0.999651215085647
0.000868472,0.999645603438511
0.000874168,0.999639940971553
0.000879901,0.999634181086659
0.000885671,0.999628215827498
0.00089148,0.999622240638569
0.000897327,0.999616449510258
0.000903212,0.999610732779877
0.000909135,0.999605049506178
0.000915098,0.999599376300635
0.000921099,0.999593696957239
0.00092714,0.999587998917627
0.000933221,0.999582271700633
0.000939341,0.99957650607124
0.000945501,0.999570693535889
0.000951702,0.999564825994659
0.000957944,0.999558895468322
0.000964227,0.999552893852627
0.00097055,0.999546812664409
0.000976915,0.999540642743675
0.000983322,0.999534373863719
0.000989771,0.999527994170981
0.000996263,0.999521489308403
0.0010028,0.99951484091555
0.00100937,0.999508023773335
0.00101599,0.999500999514006
0.00102266,0.999493699154573
0.00102936,0.999485945445595
0.00103611,0.999477840915226
0.00104291,0.999469930825414
0.00104975,0.99946238043651
0.00105663,0.999454993926337
0.00106356,0.999447695894142
0.00107054,0.999440444250579
0.00107756,0.999433211031399
0.00108463,0.99942597556064
0.00109174,0.999418721362139
0.0010989,0.999411434538581
0.00110611,0.999404102821697
0.00111336,0.999396714962068
0.00112066,0.999389260301372
0.00112801,0.99938172844402
0.00113541,0.999374108978915
0.00114286,0.999366391217632
0.00115035,0.999358563921052
0.0011579,0.999350614985495
0.00116549,0.999342531051585
0.00117313,0.999334296981609
0.00118083,0.999325895116424
0.00118857,0.999317304153141
0.00119637,0.999308497335823
0.00120421,0.999299439302789
0.00121211,0.999290080007474
0.00122006,0.999280341172318
0.00122806,0.999270078157641
0.00123612,0.999258906867731
0.00124422,0.999247141451815
0.00125238,0.99923590654769
0.0012606,0.999225443208985
0.00126886,0.999215374137365
0.00127719,0.999205552831543
0.00128556,0.999195897994399
0.00129399,0.9991863563582
0.00130248,0.999176889298533
0.00131102,0.999167466758295
0.00131962,0.999158064061637
0.00132827,0.999148660063185
0.00133699,0.99913923598311
0.00134575,0.999129774621597
0.00135458,0.99912025979377
0.00136346,0.999110675895784
0.00137241,0.999101007547909
0.00138141,0.999091239278837
0.00139047,0.999081355224948
0.00139959,0.999071338822556
0.00140877,0.999061172471734
0.001418,0.999050837147728
0.0014273,0.999040311929647
0.00143666,0.999029573404774
0.00144609,0.999018594887377
0.00145557,0.999007345357697
0.00146512,0.998995787968238
0.00147473,0.998983877856983
0.0014844,0.998971558797579
0.00149413,0.998958757777298
0.00150393,0.998945375581453
0.0015138,0.998931268817952
0.00152372,0.998916210556144
0.00153372,0.998899782667302
0.00154378,0.99888091121202
0.0015539,0.998859887363098
0.00156409,0.998840386444715
0.00157435,0.998823961549541
0.00158467,0.998809229836643
0.00159507,0.998795686992043
0.00160553,0.998783067206182
0.00161606,0.998771205356283
0.00162666,0.998759988699671
0.00163732,0.998749335402921
0.00164806,0.998739183508627
0.00165887,0.998729484677404
0.00166975,0.998720200375438
0.0016807,0.998711299423981
0.00169172,0.998702756358694
0.00170282,0.998694550296931
0.00171399,0.998686664138426
0.00172523,0.998679083993853
0.00173654,0.99867179877523
0.00174793,0.998664799905749
0.00175939,0.998658081121435
0.00177093,0.998651638346729
0.00178255,0.998645469632755
0.00179424,0.99863957515191
0.00180601,0.998633957246338
0.00181785,0.998628620531291
0.00182977,0.998623572057781
0.00184177,0.998618821542785
0.00185385,0.998614381679879
0.00186601,0.998610268549354
0.00187825,0.998606502155375
0.00189057,0.9986031071301
0.00190296,0.998600113663206
0.00191544,0.998597558743984
0.00192801,0.998595487849348
0.00194065,0.998593957288085
0.00195338,0.998593037545757
0.00196619,0.998592818220501
0.00197908,0.998593415618691
0.00199206,0.998594985085105
0.00200513,0.998597742467206
0.00201828,0.998602005218924
0.00203152,0.998608282848126
0.00204484,0.99861752643901
0.00205825,0.998632223281386
0.00207175,0.99865123782461
0.00208534,0.998666440526622
0.00209901,0.998674905321867
0.00211278,0.998679598407913
0.00212663,0.998681632393634
0.00214058,0.998681618858552
0.00215462,0.998679966364031
0.00216875,0.998676990797219
0.00218297,0.998672972991363
0.00219729,0.998668203539104
0.0022117,0.998663039884254
0.00222621,0.998658022945244
0.00224081,0.998654264642847
0.0022555,0.998653651312782
0.0022703,0.99865072584532
0.00228519,0.998640828266549
0.00230017,0.998626500339791
0.00231526,0.998608572581227
0.00233044,0.998587423975486
0.00234573,0.998563234458461
0.00236111,0.998536064790455
0.0023766,0.998505883184398
0.00239218,0.998472566119568
0.00240787,0.99843587691268
0.00242366,0.998395410035618
0.00243956,0.998350456938492
0.00245556,0.998299621568884
0.00247166,0.998239083720048
0.00248787,0.998171602653034
0.00250419,0.998109092466878
0.00252061,0.998054797377833
0.00253714,0.998004672125547
0.00255378,0.997957205658948
0.00257053,0.997911593555239
0.00258739,0.997867333050415
0.00260436,0.997824078605643
0.00262144,0.997781576957583
0.00263863,0.997739633447434
0.00265594,0.997698092770782
0.00267335,0.997656827144659
0.00269089,0.997615728608373
0.00270853,0.997574703772667
0.0027263,0.997533670087969
0.00274418,0.99749255308797
0.00276218,0.997451284273127
0.00278029,0.997409799416187
0.00279852,0.997368037139668
0.00281688,0.997325937654061
0.00283535,0.99728344156556
0.00285395,0.997240488668199
0.00287266,0.997197016628225
0.0028915,0.997152959445668
0.00291047,0.997108245531643
0.00292956,0.997062795152985
0.00294877,0.99701651683233
0.00296811,0.996969301970772
0.00298757,0.996921016286902
0.00300717,0.996871485118217
0.00302689,0.9968204656042
0.00304674,0.996767586279335
0.00306672,0.996712183551696
0.00308684,0.996652607936722
0.00310708,0.996588992580873
0.00312746,0.996527127853996
0.00314797,0.996469760067464
0.00316861,0.996414612339522
0.00318939,0.996360848172929
0.00321031,0.996308017826338
0.00323137,0.996255833321549
0.00325256,0.996204089909484
0.00327389,0.99615263117696
0.00329536,0.996101331028196
0.00331697,0.99605008332156
0.00333873,0.995998795358989
0.00336062,0.995947383430187
0.00338266,0.995895769440165
0.00340485,0.995843877984988
0.00342718,0.99579163329889
0.00344966,0.995738955254896
0.00347228,0.995685752697799
0.00349505,0.995631909210381
0.00351797,0.995577242000567
0.00354105,0.995521299475332
0.00356427,0.995464820004251
0.00358765,0.99540859844638
0.00361117,0.995352214930884
0.00363486,0.995295466656843
0.0036587,0.995238228596873
0.00368269,0.99518040373999
0.00370684,0.995121907206926
0.00373115,0.995062659150387
0.00375563,0.99500258074668
0.00378026,0.994941591405158
0.00380505,0.994879606402125
0.00383,0.994816534502011
0.00385512,0.994752275230773
0.0038804,0.994686715441022
0.00390585,0.994619724671874
0.00393147,0.99455114850923
0.00395725,0.994480798548198
0.00398321,0.994408436280885
0.00400933,0.994333745286761
0.00403562,0.994256278431071
0.00406209,0.994175342959239
0.00408873,0.994089688925862
0.00411555,0.993996184572162
0.00414254,0.993895154608883
0.00416971,0.99379759944001
0.00419705,0.993708680518297
0.00422458,0.993624100563498
0.00425229,0.99354228542777
0.00428017,0.993462392721611
0.00430824,0.993383886265766
0.0043365,0.993306387540149
0.00436494,0.99322960973704
0.00439357,0.993153323798225
0.00442238,0.993077339012105
0.00445138,0.993001491012388
0.00448058,0.992925633844245
0.00450996,0.992849634386272
0.00453954,0.992773368172277
0.00456931,0.992696716030733
0.00459928,0.992619561146716
0.00462944,0.992541786233386
0.00465981,0.992463270508647
0.00469037,0.992383886107087
0.00472113,0.992303493384012
0.00475209,0.99222193419303
0.00478326,0.992139021400063
0.00481463,0.992054520973515
0.0048462,0.991968117888339
0.00487799,0.991879340881347
0.00490998,0.991787352722923
0.00494218,0.991690011369419
0.00497459,0.991588698698875
0.00500722,0.991489815969178
0.00504006,0.991395101697606
0.00507311,0.991302282110546
0.00510638,0.991210468494181
0.00513987,0.991119158113856
0.00517358,0.991028012852901
0.00520751,0.990936780100225
0.00524166,0.990845257000121
0.00527604,0.990753271751498
0.00531064,0.990660672754182
0.00534547,0.990567321774979
0.00538053,0.990473089333583
0.00541582,0.990377851377711
0.00545133,0.990281486726383
0.00548709,0.990183874966595
0.00552307,0.99008489459694
0.00555929,0.989984421268269
0.00559575,0.989882325997805
0.00563245,0.989778473238696
0.00566939,0.989672718674845
0.00570657,0.98956490657912
0.005744,0.989454866514595
0.00578167,0.989342409058216
0.00581959,0.989227320054821
0.00585776,0.989109352608231
0.00589617,0.988988215463976
0.00593484,0.988863555366388
0.00597377,0.988734928735646
0.00601294,0.988601752882892
0.00605238,0.98846321367216
0.00609207,0.9883180653518
0.00613203,0.988164090491038
0.00617224,0.987995821830408
0.00621272,0.987813363991253
0.00625347,0.987636035937058
0.00629448,0.98747328802062
0.00633576,0.987317382875588
0.00637731,0.987165438030652
0.00641914,0.98701585865287
0.00646124,0.986867574119945
0.00650361,0.986719767350464
0.00654627,0.986571748353929
0.0065892,0.986422879760749
0.00663241,0.98627251956856
0.00667591,0.986119960616234
0.00671969,0.985964342876016
0.00676376,0.985804486792321
0.00680812,0.985638477401762
0.00685277,0.985462057071265
0.00689772,0.985272066829996
0.00694295,0.985085604478095
0.00698849,0.984914222847018
0.00703432,0.984750286234044
0.00708045,0.984591023582103
0.00712689,0.984434930314928
0.00717363,0.984281020311765
0.00722068,0.984128568444428
0.00726803,0.98397699637655
0.0073157,0.983825812589226
0.00736368,0.983674576072653
0.00741197,0.983522870705809
0.00746058,0.983370283301314
0.00750951,0.983216379625182
0.00755876,0.983060670333148
0.00760834,0.98290254848623
0.00765823,0.982741138471166
0.00770846,0.982574728664951
0.00775901,0.982401785439269
0.0078099,0.98222831314503
0.00786112,0.982058436605881
0.00791268,0.981889027403169
0.00796457,0.981718696126809
0.0080168,0.981546420639995
0.00806938,0.981371200891091
0.0081223,0.981191815588385
0.00817557,0.981006381135755
0.00822919,0.980810660672408
0.00828316,0.980604121351775
0.00833748,0.9804013393742
0.00839216,0.980209883743001
0.0084472,0.980023709258805
0.0085026,0.979840593159949
0.00855837,0.979659387696074
0.0086145,0.979479488091476
0.00867099,0.979300754016126
0.00872786,0.979123742111644
0.0087851,0.978950707559936
0.00884272,0.978791117036641
0.00890071,0.978621202909826
0.00895908,0.978400388536649
0.00901784,0.978142356315403
0.00907698,0.977881082338502
0.00913651,0.977620051881954
0.00919643,0.977344624428364
0.00925675,0.977037431191122
0.00931746,0.976732370604092
0.00937856,0.976460308917621
0.00944007,0.976202029611505
0.00950198,0.975947271157771
0.0095643,0.975694903080512
0.00962703,0.975456072494129
0.00969016,0.97523350688785
0.00975371,0.975019836060072
0.00981768,0.974804750206613
0.00988207,0.974611232194846
0.00994688,0.974493080980863
0.0100121,0.974468061066281
0.0100778,0.974420672051262
0.0101439,0.974270451368992
0.0102104,0.974051924629187
0.0102774,0.973761170194597
0.0103448,0.973392319262355
0.0104126,0.973018159474849
0.0104809,0.972686757644699
0.0105496,0.972367245892746
0.0106188,0.972046486215859
0.0106885,0.971712780717031
0.0107586,0.971343846240056
0.0108291,0.970963302554035
0.0109001,0.970617004781481
0.0109716,0.970300077501294
0.0110436,0.969996091020399
0.011116,0.969694633691391
0.0111889,0.969383179001021
0.0112623,0.96903237878542
0.0113362,0.968689624822726
0.0114105,0.96841192427126
0.0114853,0.968177057144101
0.0115607,0.967970603520934
0.0116365,0.967783075745114
0.0117128,0.967603034129924
0.0117896,0.967402808613275
0.0118669,0.967223822808077
0.0119448,0.967135416877122
0.0120231,0.967133948159941
0.012102,0.96720762739585
0.0121813,0.967357845650312
0.0122612,0.967595061314544
0.0123416,0.967947519085567
0.0124226,0.968432874959553
0.012504,0.968981608717877
0.012586,0.969590834172058
0.0126686,0.970335405473912
0.0127517,0.971047569428956
0.0128353,0.971636251341009
0.0129195,0.972294062089473
0.0130042,0.972820211008138
0.0130895,0.972990466394151
0.0131753,0.972897875478561
0.0132618,0.972609677478436
0.0133487,0.972175608450316
0.0134363,0.971555200976453
0.0135244,0.970732338728608
0.0136131,0.969689532060485
0.0137024,0.968573181000983
0.0137922,0.96749252565387
0.0138827,0.966496122201421
0.0139737,0.965668737458139
0.0140654,0.964973972504157
0.0141576,0.964419797555146
0.0142505,0.964029939283811
0.0143439,0.963733020931635
0.014438,0.963459211694105
0.0145327,0.963179358845252
0.014628,0.962851091556219
0.014724,0.962463313350539
0.0148205,0.961996487626877
0.0149177,0.961398918635541
0.0150155,0.960729681181175
0.015114,0.959974585769353
0.0152131,0.959513144071404
0.0153129,0.959763962866133
0.0154133,0.961232320986373
0.0155144,0.963972451560921
0.0156162,0.966466078106926
0.0157186,0.967240170453504
0.0158217,0.966394232500272
0.0159255,0.965443832957035
0.0160299,0.966279444650767
0.016135,0.967361288962222
0.0162408,0.965584520446874
0.0163474,0.96253286085507
0.0164546,0.9602601966829
0.0165625,0.958454158930662
0.0166711,0.956885333818463
0.0167804,0.955506163598913
0.0168905,0.954267559578019
0.0170013,0.953118255245004
0.0171128,0.952029389998162
0.017225,0.950979600043258
0.017338,0.949960298048398
0.0174517,0.948963753362754
0.0175661,0.947975838152641
0.0176813,0.946974752586178
0.0177973,0.945979035122367
0.017914,0.94502199540212
0.0180315,0.944094744076713
0.0181498,0.943184118715078
0.0182688,0.942282524599803
0.0183886,0.94138397025498
0.0185092,0.940482848864737
0.0186306,0.939573119445615
0.0187528,0.938647193208065
0.0188758,0.937693306296954
0.0189996,0.936684413804834
0.0191242,0.935630899349597
0.0192496,0.934611661370463
0.0193758,0.933652797817752
0.0195029,0.932723122260028
0.0196308,0.931809601340535
0.0197596,0.930903979866471
0.0198892,0.929999732846623
0.0200196,0.929090794475775
0.0201509,0.928170651384149
0.020283,0.927231172291068
0.0204161,0.926260090686616
0.02055,0.925231861922755
0.0206847,0.924121427620269
0.0208204,0.923031840925968
0.0209569,0.922037661043669
0.0210944,0.921090583659465
0.0212327,0.920172641062679
0.021372,0.919273626445349
0.0215122,0.918386383326028
0.0216532,0.917505128343877
0.0217952,0.916624612651429
0.0219382,0.915739514206515
0.0220821,0.914843738080156
0.0222269,0.913929145983185
0.0223727,0.912982087912774
0.0225194,0.911966746785982
0.0226671,0.910940302988356
0.0228157,0.909976004881973
0.0229654,0.90904965743191
0.023116,0.908142857716746
0.0232676,0.907246023683254
0.0234202,0.906352435353913
0.0235738,0.905456527790417
0.0237284,0.904553115361812
0.023884,0.903636876404611
0.0240406,0.902701839340454
0.0241983,0.901740642657599
0.024357,0.900743115285308
0.0245168,0.899692689103295
0.0246775,0.898552248457541
0.0248394,0.897300863706734
0.0250023,0.896080196986772
0.0251663,0.89497974209575
0.0253313,0.893936461330436
0.0254975,0.892926643780361
0.0256647,0.89193672505957
0.025833,0.890957145677632
0.0260024,0.889980174159093
0.0261729,0.888998863374755
0.0263446,0.888006392027324
0.0265174,0.886995497590455
0.0266913,0.885957802592693
0.0268663,0.884882763781615
0.0270425,0.883755623943591
0.0272199,0.882552347453243
0.0273984,0.881220930480023
0.0275781,0.879698741368631
0.027759,0.878214011736243
0.027941,0.876941758277892
0.0281243,0.875775227079241
0.0283087,0.874675965255991
0.0284944,0.873622988959095
0.0286812,0.872602309468553
0.0288693,0.871603329337811
0.0290587,0.870617219289542
0.0292493,0.869636024715017
0.0294411,0.868652064876864
0.0296342,0.867657423596057
0.0298285,0.86664339376062
0.0300241,0.865599714193842
0.0302211,0.864513300685017
0.0304193,0.863365733792881
0.0306188,0.862127125359277
0.0308196,0.860734550131888
0.0310217,0.859084030875457
0.0312251,0.857475722856335
0.0314299,0.856162456139346
0.0316361,0.8549996289945
0.0318435,0.853936161850198
0.0320524,0.852944770046304
0.0322626,0.852007739653872
0.0324742,0.851112093654625
0.0326872,0.85024746591374
0.0329015,0.849404990210273
0.0331173,0.848576629871847
0.0333345,0.847754708802361
0.0335531,0.846931522189738
0.0337732,0.8460989448237
0.0339947,0.845247954508608
0.0342176,0.844367947492964
0.034442,0.843445604604365
0.0346679,0.842462733214511
0.0348953,0.841391411646841
0.0351241,0.840179941268077
0.0353545,0.838685847320723
0.0355864,0.837106633836299
0.0358198,0.835788108443806
0.0360547,0.834700075352815
0.0362911,0.833747776990408
0.0365291,0.832890379507934
0.0367687,0.832103647655179
0.0370099,0.831370757266304
0.0372526,0.830678800457143
0.0374969,0.830017129804361
0.0377428,0.829376450113442
0.0379903,0.82874825786507
0.0382395,0.828124454145369
0.0384903,0.827497043239013
0.0387427,0.826857864618273
0.0389968,0.826198319095073
0.0392526,0.825509049355222
0.03951,0.824779520961892
0.0397691,0.823997413463949
0.0400299,0.82314764560353
0.0402925,0.822210642931674
0.0405567,0.82115882846421
0.0408227,0.819948006774258
0.0410904,0.8184869944575
0.0413599,0.816629573071335
0.0416312,0.814788138570741
0.0419042,0.813305716042849
0.042179,0.811974010228145
0.0424556,0.810712136667336
0.0427341,0.809468988703798
0.0430143,0.808201757084602
0.0432965,0.806865824039674
0.0435804,0.805404206084853
0.0438662,0.803724462323087
0.0441539,0.801598763740474
0.0444435,0.799225664281016
0.044735,0.797202104153283
0.0450284,0.795605425905875
0.0453237,0.794225505736733
0.0456209,0.792967284831187
0.0459201,0.791764869086403
0.0462213,0.790559545857677
0.0465244,0.789287704487581
0.0468295,0.787866917298309
0.0471367,0.786166485599136
0.0474458,0.783898027995265
0.047757,0.780845783705505
0.0480702,0.778168058710815
0.0483854,0.776648776571219
0.0487028,0.775768857355788
0.0490222,0.775337808050382
0.0493437,0.775249007108203
0.0496673,0.775427896267148
0.049993,0.775812697328367
0.0503209,0.776343335336974
0.0506509,0.776950607022214
0.0509831,0.777537730238973
0.0513175,0.777930168529984
0.051654,0.777630517638119
0.0519928,0.777598225389505
0.0523338,0.778827254879826
0.052677,0.78083693336873
0.0530225,0.783450093121118
0.0533702,0.786579343772927
0.0537202,0.790173356815599
0.0540726,0.794199619401159
0.0544272,0.798637301598685
0.0547841,0.803474023296584
0.0551434,0.808704640606411
0.0555051,0.814331752252428
0.0558691,0.820369505006511
0.0562355,0.826863290817091
0.0566043,0.833769440315093
0.0569756,0.840996393381921
0.0573492,0.848569604101782
0.0577253,0.856560845700336
0.0581039,0.865052201313658
0.058485,0.874185895926081
0.0588685,0.884337122550656
0.0592546,0.895162004009137
0.0596432,0.905617536071203
0.0600344,0.915555834065936
0.0604281,0.925388922388344
0.0608244,0.935107895280109
0.0612233,0.944603784771992
0.0616249,0.953939913555394
0.062029,0.963116495698931
0.0624358,0.972446817353216
0.0628453,0.982210151010087
0.0632575,0.992378829869784
0.0636723,1.00300373163269
0.0640899,1.01402137176659
0.0645102,1.02548452718615
0.0649333,1.03780601948687
0.0653592,1.05117201342307
0.0657878,1.06420671867609
0.0662193,1.07606759926638
0.0666536,1.08736326735528
0.0670907,1.09832896217574
0.0675307,1.10911194466125
0.0679736,1.11984273544209
0.0684194,1.13069295400018
0.0688681,1.14207180543444
0.0693198,1.15326826373473
0.0697744,1.16353102519185
0.070232,1.17323657786749
0.0706926,1.18253824270874
0.0711563,1.19151882723365
0.0716229,1.20023559615703
0.0720927,1.20873856919336
0.0725655,1.21709388640468
0.0730414,1.22534375140572
0.0735204,1.23331726766859
0.0740026,1.24090231240515
0.0744879,1.24817807131261
0.0749764,1.25516850748159
0.0754681,1.26187803924016
0.0759631,1.26829597257558
0.0764613,1.27439117115342
0.0769627,1.28008912146066
0.0774675,1.28515252759768
0.0779756,1.29004676912029
0.0784869,1.29527054710952
0.0790017,1.30059893581581
0.0795198,1.30592968556451
0.0800413,1.31120232789312
0.0805663,1.31636552658488
0.0810947,1.32136178054744
0.0816265,1.32610879805234
0.0821618,1.33044805059238
0.0827007,1.33407284625616
0.0832431,1.33771375670854
0.083789,1.3420103879197
0.0843385,1.34654869311148
0.0848916,1.35110480930932
0.0854484,1.35532473096897
0.0860088,1.35967918269896
0.0865729,1.36475124788385
0.0871406,1.37028560747835
0.0877121,1.3760892453348
0.0882874,1.38195837587772
0.0888664,1.38789306221351
0.0894492,1.39420954921232
0.0900359,1.40107109424201
0.0906264,1.40845840514953
0.0912207,1.41639465366291
0.091819,1.42491273614904
0.0924212,1.43404900466259
0.0930273,1.44384149668318
0.0936374,1.45432785209049
0.0942515,1.46553554932629
0.0948696,1.47738514796687
0.0954918,1.49173490129412
0.0961181,1.506755353974
0.0967485,1.51755293805302
0.097383,1.52790741615163
0.0980216,1.54281992218963
0.0986645,1.55952009827188
0.0993116,1.57883719346789
0.0999629,1.60394356714473
0.100618,1.62656981571379
0.101278,1.64398195760258
0.101943,1.66275844142539
0.102611,1.68156143986328
0.103284,1.70034181940262
0.103962,1.72332772414821
0.104643,1.74524491509949
0.10533,1.7644429632377
0.10602,1.7862058036174
0.106716,1.8061150422732
0.107416,1.82346305610629
0.10812,1.84199508596449
0.108829,1.8595078069186
0.109543,1.87499846304409
0.110261,1.89113413826535
0.110984,1.90951577461387
0.111712,1.92608445216141
0.112445,1.94196968846597
0.113182,1.95913438253824
0.113925,1.97039223342914
0.114672,1.97921872603226
0.115424,1.98858651850685
0.116181,1.99392972929109
0.116943,1.99848822732208
0.11771,2.00452068603242
0.118482,2.0087527467741
0.119259,2.00947314590703
0.120041,2.00805576353198
0.120828,2.0037098924073
0.121621,1.99794424055376
0.122418,1.99296065196545
0.123221,1.98809290671592
0.124029,1.98370972959833
0.124843,1.98000474409751
0.125662,1.97708961019596
0.126486,1.97501667419097
0.127315,1.97379072918312
0.12815,1.9733772041565
0.128991,1.97370855321687
0.129837,1.97468937701375
0.130688,1.97619959268627
0.131545,1.97808997814805
0.132408,1.98010820113472
0.133276,1.98304972922886
0.13415,1.98585642378118
0.13503,1.98718289047478
0.135916,1.98917181178006
0.136807,1.99114075217199
0.137704,1.99307773351549
0.138608,1.99519219062928
0.139517,1.99740332584428
0.140432,2.00075004671684
0.141353,2.0054934223573
0.14228,2.01278594412596
0.143213,2.01883716311395
0.144152,2.02441097959779
0.145097,2.03128100210139
0.146049,2.03556934277247
0.147007,2.04457838912124
0.147971,2.04854867891172
0.148941,2.05186033374928
0.149918,2.05863629481803
0.150901,2.06115424650714
0.151891,2.06814465751015
0.152887,2.07354061429195
0.15389,2.07753078202554
0.154899,2.08074255106286
0.155915,2.08286102109726
0.156938,2.08491284705088
0.157967,2.08672170404011
0.159003,2.08800965909844
0.160046,2.08802023453334
0.161095,2.08747019478869
0.162152,2.08664863813066
0.163215,2.08516609146909
0.164286,2.08248019619353
0.165363,2.0793537094838
0.166448,2.07551295646975
0.167539,2.06993447128399
0.168638,2.06303640652228
0.169744,2.05677843239316
0.170857,2.05084002211152
0.171978,2.044139304277
0.173106,2.03701869589853
0.174241,2.02958091397297
0.175384,2.02002414419912
0.176534,2.00841708464353
0.177692,1.99825696893074
0.178857,1.98974322980335
0.18003,1.98076967062159
0.181211,1.97075806713981
0.182399,1.95990021876446
0.183595,1.94893872717885
0.1848,1.9381222719047
0.186012,1.92793064732212
0.187231,1.918913995898
0.188459,1.91080038770283
0.189695,1.90326308840965
0.190939,1.89620909421621
0.192192,1.8896282300164
0.193452,1.88344084121007
0.194721,1.87756257471263
0.195998,1.87197537415069
0.197283,1.86668549050217
0.198577,1.86165889318912
0.19988,1.85686383002162
0.20119,1.85227801068606
0.20251,1.84788440066067
0.203838,1.84367151919068
0.205175,1.83962430470475
0.20652,1.83571395734208
0.207875,1.83192413518798
0.209238,1.82825442847676
0.210611,1.82470030118482
0.211992,1.8212565351142
0.213382,1.81791790642186
0.214782,1.81467939766968
0.21619,1.81153627231594
0.217608,1.80848411660254
0.219035,1.80551880009995
0.220472,1.80263642486936
0.221918,1.79983334653849
0.223373,1.79710616812882
0.224838,1.79445169204372
0.226313,1.79186691258477
0.227797,1.78934903116734
0.229291,1.78689539517028
0.230794,1.78450351238783
0.232308,1.78217104171697
0.233832,1.77989575140942
0.235365,1.77767554650339
0.236909,1.77550844741183
0.238463,1.77339258409082
0.240026,1.77132618064149
0.241601,1.76930752890202
0.243185,1.76733501836975
0.24478,1.76540711971766
0.246385,1.76352237319032
0.248001,1.7616793887726
0.249628,1.75987684377014
0.251265,1.75811347602373
0.252913,1.75638806613864
0.254572,1.75469945894017
0.256241,1.75304655011071
0.257922,1.75142828571961
0.259613,1.74984365836055
0.261316,1.74829169810141
0.26303,1.74677146578335
0.264755,1.74528205992949
0.266491,1.74382262302864
0.268239,1.74239233201918
0.269998,1.74099039064806
0.271769,1.73961602700963
0.273551,1.73826851101366
0.275345,1.73694713157845
0.277151,1.73565120385659
0.278969,1.73438006842636
0.280798,1.73313309267775
0.28264,1.73190966689105
0.284493,1.73070919843479
0.286359,1.72953111415332
0.288237,1.72837485823917
0.290128,1.72723989975517
0.29203,1.72612572059228
0.293946,1.72503182182912
0.295873,1.7239577196693
0.297814,1.72290294592263
0.299767,1.72186704967581
0.301733,1.72084958744556
0.303712,1.71985013516768
0.305704,1.71886828406483
0.307709,1.71790363262578
0.309727,1.7169557937498
0.311758,1.71602438912001
0.313803,1.71510905351323
0.315861,1.71420943331991
0.317932,1.7133251828943
0.320017,1.71245596886086
0.322116,1.71160146556679
0.324229,1.71076135274232
0.326355,1.70993532737919
0.328495,1.70912309077087
0.33065,1.70832435026579
0.332818,1.70753882597714
0.335001,1.7067662384202
0.337198,1.70600632338212
0.339409,1.70525881855881
0.341635,1.70452347087279
0.343876,1.70380003196821
0.346131,1.7030882574511
0.348401,1.7023879147438
0.350686,1.70169877746865
0.352986,1.70102061919082
0.355301,1.70035322100758
0.357631,1.69969637218719
0.359977,1.69904986204213
0.362338,1.69841349547813
0.364714,1.69778707246614
0.367106,1.69717039780057
0.369514,1.69656328517768
0.371937,1.69596555057565
0.374376,1.69537701361591
0.376832,1.69479750022983
0.379303,1.69422683848776
0.381791,1.69366486123944
0.384294,1.69311140677119
0.386815,1.69256631200147
0.389352,1.69202942144027
0.391905,1.69150058255823
0.394475,1.69097964775716
0.397063,1.69046647118873
0.399667,1.68996090827348
0.402288,1.68946281931934
0.404926,1.68897206650403
0.407582,1.68848851720152
0.410255,1.68801204091683
0.412945,1.68754250785101
0.415654,1.68707979272515
0.41838,1.68662377257833
0.421124,1.68617432528928
0.423885,1.68573133503659
0.426665,1.68529468643307
0.429464,1.68486426543317
0.43228,1.68443996082156
0.435115,1.68402166193613
0.437969,1.68360926444171
0.440841,1.6832026641961
0.443732,1.68280175768034
0.446643,1.68240644382346
0.449572,1.68201662471406
0.45252,1.68163220325671
0.455488,1.68125308333117
0.458475,1.68087917281786
0.461482,1.6805103805543
0.464509,1.68014661708532
0.467555,1.67978779432247
0.470622,1.67943382768454
0.473708,1.67908463148656
0.476815,1.67874012048958
0.479942,1.67840021488387
0.48309,1.67806483451248
0.486258,1.67773389941865
0.489447,1.67740733256424
0.492657,1.67708505820657
0.495888,1.67676700085406
0.49914,1.67645308840017
0.502414,1.67614324761198
0.505709,1.67583740817714
0.509025,1.6755355023861
0.512364,1.67523745933358
0.515724,1.67494321196932
0.519106,1.6746526944172
0.522511,1.67436584160577
0.525937,1.67408258934428
0.529387,1.67380287384876
0.532859,1.67352663384718
0.536353,1.67325380941958
0.539871,1.6729843408078
0.543412,1.67271816764524
0.546975,1.67245523247593
0.550563,1.67219547800617
0.554173,1.67193884786608
0.557808,1.67168528691374
0.561466,1.67143474003763
0.565149,1.67118715408871
0.568855,1.67094247628078
0.572586,1.670700655058
0.576341,1.67046163802597
0.580121,1.67022537439307
0.583925,1.66999181650065
0.587755,1.66976091351391
0.59161,1.66953261662806
0.59549,1.66930687991846
0.599395,1.66908365515113
0.603326,1.66886289688135
0.607283,1.66864455888525
0.611266,1.66842859620127
0.615275,1.66821496473202
0.61931,1.66800361922044
0.623372,1.66779451883519
0.62746,1.6675876207057
0.631575,1.66738288075902
0.635717,1.66718025927246
0.639886,1.6669797146263
0.644083,1.66678120535896
0.648307,1.66658469369867
0.652559,1.66639013907344
0.656839,1.66619750187552
0.661146,1.66600674541616
0.665482,1.66581783115044
0.669847,1.66563072083797
0.67424,1.66544537792164
0.678662,1.66526176492258
0.683113,1.66507984706179
0.687593,1.66489958829869
0.692102,1.6647209524328
0.696641,1.66454390587076
0.70121,1.66436841279665
0.705809,1.66419443901992
0.710438,1.66402195150061
0.715097,1.66385091665401
0.719787,1.66368130093162
0.724508,1.6635130716202
0.729259,1.66334619659441
0.734042,1.6631806435888
0.738856,1.66301638143983
0.743702,1.66285337737942
0.748579,1.66269160094986
0.753489,1.66253102187924
0.75843,1.66237160848271
0.763404,1.6622133309137
0.768411,1.66205615908197
0.773451,1.6619000637427
0.778523,1.66174501536089
0.783629,1.6615909840289
0.788768,1.66143794140498
0.793941,1.66128585811505
0.799148,1.66113470514602
0.804389,1.66098445556641
0.809665,1.66083507976377
0.814975,1.66068654983949
0.82032,1.66053883948455
0.8257,1.66039192143116
0.831115,1.66024576754691
0.836566,1.66010034945951
0.842052,1.65995564087291
0.847575,1.65981161583549
0.853133,1.65966824776653
0.858729,1.65952550890883
0.86436,1.6593833733454
0.870029,1.6592418160794
0.875735,1.6591008099325
0.881478,1.65896032873814
0.88726,1.65882034773506
0.893078,1.6586808401494
0.898936,1.65854178124212
0.904831,1.65840314586085
0.910765,1.6582649076919
0.916738,1.65812704181479
0.922751,1.6579895229305
0.928802,1.65785232647955
0.934894,1.65771542728872
0.941025,1.65757879989841
0.947197,1.65744242040122
0.953409,1.65730626346628
0.959662,1.65717030390525
0.965955,1.65703451840969
0.972291,1.65689888099412
0.978667,1.65676336783741
0.985086,1.65662795450145
0.991546,1.65649261566276
0.998049,1.65635732854561
1.00459,1.65622206792781
1.01118,1.65608680878441
1.01781,1.65595152690529
1.02449,1.65581619839742
1.03121,1.65568079865467
1.03797,1.65554530321643
1.04478,1.65540968819733
1.05163,1.65527392820678
1.05853,1.65513799902746
1.06547,1.65500187698378
1.07246,1.65486553741752
1.07949,1.65472895531358
1.08657,1.65459210676223
1.0937,1.65445496710345
1.10087,1.65431751139185
1.10809,1.65417971494322
1.11536,1.65404155318915
1.12267,1.65390300137167
1.13004,1.65376403449612
1.13745,1.65362462817454
1.14491,1.65348475700987
1.15242,1.6533443953055
1.15997,1.65320351846314
1.16758,1.65306210150466
1.17524,1.65292011882742
1.18295,1.65277754525574
1.1907,1.65263435491239
1.19851,1.65249052206984
1.20637,1.65234602102592
1.21428,1.65220082555721
1.22225,1.65205490997119
1.23026,1.65190824834339
1.23833,1.65176081380329
1.24645,1.651612579684
1.25463,1.65146351963452
1.26286,1.65131360695073
1.27114,1.65116281508097
1.27948,1.65101111697375
1.28787,1.65085848480432
1.29631,1.65070489091221
1.30482,1.65055030816394
1.31337,1.65039470880348
1.32199,1.65023806437333
1.33066,1.65008034672719
1.33938,1.64992152746722
1.34817,1.64976157804703
1.35701,1.6496004696212
1.36591,1.64943817307383
1.37487,1.64927465860999
1.38388,1.64910989714952
1.39296,1.6489438592908
1.4021,1.64877651431878
1.41129,1.64860783203589
1.42055,1.64843778224482
1.42986,1.6482663341055
1.43924,1.64809345597572
1.44868,1.6479191164266
1.45818,1.64774328408819
1.46774,1.64756592661954
1.47737,1.6473870119267
1.48706,1.64720650761932
1.49681,1.64702438065605
1.50663,1.64684059787266
1.51651,1.64665512576474
1.52646,1.64646793056885
1.53647,1.64627897743846
1.54654,1.6460882321928
1.55669,1.64589565980328
1.5669,1.64570122461336
1.57717,1.64550489110618
1.58752,1.64530662295223
1.59793,1.64510638426126
1.60841,1.64490413757631
1.61895,1.64469984497722
1.62957,1.64449346978406
1.64026,1.64428497434603
1.65102,1.64407431951152
1.66185,1.64386146616119
1.67274,1.64364637465502
1.68371,1.64342900500359
1.69476,1.64320931682037
1.70587,1.64298726929588
1.71706,1.64276282083529
1.72832,1.64253592971338
1.73966,1.64230655340664
1.75106,1.6420746488265
1.76255,1.64184017303357
1.77411,1.64160308170294
1.78574,1.64136333091723
1.79746,1.64112087544015
1.80924,1.64087566909671
1.82111,1.64062766601782
1.83305,1.6403768190866
1.84507,1.64012308080007
1.85718,1.63986640307906
1.86936,1.6396067372135
1.88162,1.63934403401965
1.89396,1.63907824291414
1.90638,1.63880931364137
1.91888,1.63853719522426
1.93146,1.63826183507346
1.94413,1.63798318075678
1.95688,1.63770117945703
1.96972,1.63741577664265
1.98263,1.63712691691939
1.99564,1.63683454467656
2.00872,1.63653860358424
2.0219,1.63623903605499
2.03516,1.63593578395866
2.04851,1.63562878860029
2.06194,1.63531798967883
2.07546,1.63500332661574
2.08908,1.63468473877718
2.10278,1.6343621644277
2.11657,1.63403554005676
2.13045,1.63370480087994
2.14442,1.63336988207604
2.15848,1.63303071749244
2.17264,1.63268723992129
2.18689,1.63233938148474
2.20123,1.63198707272863
2.21567,1.63163024388327
2.2302,1.63126882315274
2.24483,1.63090273765545
2.25955,1.63053191613379
2.27437,1.63015628451239
2.28928,1.62977576642209
2.3043,1.62939028511747
2.31941,1.6289997629088
2.33462,1.62860412104575
2.34993,1.62820327851042
2.36534,1.62779715356344
2.38086,1.62738566346682
2.39647,1.62696872390766
2.41219,1.62654625003068
2.42801,1.62611815362063
2.44393,1.62568434573402
2.45996,1.62524473897168
2.47609,1.62479924238707
2.49233,1.62434776384233
2.50868,1.62389020841991
2.52513,1.62342648025697
2.54169,1.6229564830878
2.55836,1.62248011698282
2.57514,1.62199728185491
2.59203,1.62150787593675
2.60903,1.62101179426153
2.62614,1.62050893210795
2.64336,1.61999918255911
2.6607,1.61948243408238
2.67815,1.61895857762646
2.69571,1.61842750274582
2.71339,1.61788909297088
2.73119,1.61734323196307
2.7491,1.61678980128822
2.76713,1.61622867965568
2.78528,1.61565974418369
2.80354,1.61508286864266
2.82193,1.61449792697874
2.84044,1.6139047896775
2.85907,1.61330332305953
2.87782,1.61269339407829
2.89669,1.61207486458748
2.91569,1.6114475982537
2.93481,1.61081145515657
2.95406,1.6101662902156
2.97343,1.60951195769517
2.99293,1.60884830596916
3.01256,1.60817518297113
3.03232,1.60749243485494
3.0522,1.60679990254121
3.07222,1.60609742563849
3.09237,1.60538484074949
3.11265,1.60466197917388
3.13307,1.60392867070706
3.15361,1.60318473942279
3.1743,1.60243001404699
3.19511,1.60166431732285
3.21607,1.60088746147273
3.23716,1.60009925918879
3.25839,1.59929951834976
3.27976,1.59848804872986
3.30127,1.59766465206164
3.32292,1.59682911771394
3.34471,1.59598124165874
3.36665,1.59512081465628
3.38873,1.59424761890786
3.41095,1.59336143371385
3.43332,1.59246203923518
3.45584,1.59154920729219
3.47851,1.59062270087093
3.50132,1.58968228705962
3.52428,1.58872771944198
3.5474,1.58775874829869
3.57066,1.58677511817084
3.59408,1.58577656442769
3.61765,1.58476282470282
3.64138,1.5837336279501
3.66526,1.58268869604519
3.6893,1.5816277399213
3.71349,1.58055046412113
3.73785,1.57945658217065
3.76236,1.57834578948941
3.78703,1.5772177681591
3.81187,1.57607219826732
3.83687,1.57490875859196
3.86203,1.57372711365571
3.88736,1.57252691035029
3.91286,1.57130779454478
3.93852,1.57006940351863
3.96435,1.56881136717011
3.99035,1.56753330461023
4.01652,1.56623482000807
4.04286,1.5649154957131
4.06938,1.56357491935059
4.09606,1.56221267960024
4.12293,1.5608283263825
4.14997,1.55942139817988
4.17718,1.55799141384885
4.20458,1.55653787619977
4.23215,1.555060283581
4.25991,1.55355809389279
4.28785,1.55203075821678
4.31597,1.55047771405143
4.34428,1.54889840471155
4.37277,1.54729246142163
4.40144,1.54566081391317
4.43031,1.54399046533414
4.45937,1.54228463922462
4.48861,1.54055723565877
4.51805,1.53880355565197
4.54768,1.53702185602651
4.57751,1.53521102625677
4.60753,1.53337017335862
4.63775,1.53149849527918
4.66816,1.52959522877802
4.69878,1.52765962529471
4.72959,1.52569093868631
4.76061,1.52368841067641
4.79183,1.52165129757019
4.82326,1.51957886159262
4.85489,1.51747032329217
4.88673,1.51532487689092
4.91878,1.51314170351858
4.95104,1.51091996543584
4.98351,1.50865880485845
5.01619,1.50635734290147
5.04909,1.5040146763335
5.08221,1.50162987783675
5.11554,1.49920199410117
5.14909,1.49673004115438
5.18286,1.49421299118528
5.21685,1.49164985185912
5.25106,1.48903961670016
5.2855,1.48638118608781
5.32016,1.48367343218282
5.35506,1.48091520083918
5.39018,1.47810530615986
5.42553,1.47524252758985
5.46111,1.47232560944122
5.49692,1.46935325761561
5.53298,1.46632413925241
5.56926,1.46323687636048
5.60579,1.46009003939587
5.64255,1.45688213964197
5.67956,1.45361176624407
5.71681,1.45027745898638
5.7543,1.44687759564916
5.79204,1.44341053007913
5.83003,1.43987456840792
5.86826,1.43626797002661
5.90675,1.43258893979235
5.94549,1.42883562331568
5.98448,1.42500610766472
6.02373,1.42109841474599
6.06323,1.41711049649238
6.103,1.41304020980054
6.14302,1.40888537427311
6.18331,1.40464392024569
6.22386,1.4003136457652
6.26468,1.39589211914791
6.30577,1.39137687472377
6.34712,1.38676537464779
6.38875,1.38205499681085
6.43065,1.37724303904236
6.47282,1.37232670700877
6.51527,1.36730310690019
6.558,1.36216924737455
6.60101,1.35692201294548
6.64431,1.35155811343364
6.68788,1.34607434155329
6.73174,1.34046762141603
6.77589,1.33473455586226
6.82033,1.32887146071534
6.86506,1.32287458141575
6.91008,1.31674006400772
6.9554,1.31046392707524
7.00102,1.3040420498266
7.04693,1.29747018452211
7.09315,1.29074393493228
7.13967,1.28385874491421
7.18649,1.27680984394037
7.23363,1.26959213862079
7.28107,1.26220101993247
7.32882,1.2546320175147
7.37688,1.24687985207086
7.42526,1.2389389934925
7.47396,1.23080382082343
7.52298,1.22246855582752
7.57232,1.2139272778381
7.62198,1.20517388229239
7.67197,1.1962020923385
7.72228,1.18700543175202
7.77293,1.17757719077777
7.8239,1.16791039798067
7.87522,1.1579974183392
7.92686,1.14783234130152
7.97885,1.13740938633067
8.03118,1.12672076062204
8.08385,1.11575886998701
8.13687,1.10451610466602
8.19023,1.09298474960924
8.24395,1.08115703918095
8.29801,1.06902513631937
8.35243,1.05658115973357
8.40721,1.04381718608187
8.46235,1.03072514296256
8.51785,1.01729657665604
8.57371,1.00352306249738
8.62994,0.989400209086747
8.68654,0.974923456735929
8.74351,0.960085193787309
8.80085,0.944879122784223
8.85857,0.929299713531898
8.91667,0.913342127057932
8.97515,0.897002399423075
9.03401,0.880277615373227
9.09326,0.863166104549964
9.1529,0.845667535926177
9.21292,0.827782606202461
9.27334,0.809512763664602
9.33416,0.79086440314647
9.39538,0.771853329407213
9.457,0.752495496045543
9.51902,0.732804715818552
9.58145,0.71279999226788
9.64429,0.692504652356363
9.70754,0.671945026260992
9.7712,0.651147869599608
9.83529,0.630132517774319
9.89979,0.608883972248707
9.96472,0.587211699272394
10.0301,0.565542945420634
10.0958,0.545787178325216
10.1621,0.527497728187508
10.2287,0.509279209443452
10.9197,0.504411819226125
10.9913,0.52738437656992
11.0634,0.543767118919604
11.1359,0.55826931930446
11.209,0.58583758942527
11.2825,0.614961866059365
11.3565,0.621550635436473
11.431,0.647250564269838
11.5059,0.686615621504651
11.5814,0.688914917408205
11.6574,0.704203377316155
11.7338,0.744807276054801
11.8108,0.781610185214401
11.8882,0.822023109093949
11.9662,0.848717703416586
12.0447,0.869543335382157
12.1237,0.905079683884272
12.2032,0.941534460643039
12.2832,0.971312295573542
12.3638,1.0010566000583
12.4448,1.04001249855898
12.5265,1.08829716163012
12.6086,1.12309023878429
12.6913,1.15065321663713
12.7745,1.1713958862798
12.8583,1.21152558985964
12.9427,1.25301232089879
13.0275,1.26606489746389
13.113,1.27283207402726
13.199,1.30426717799537
13.2855,1.36553078050666
13.3727,1.40808954735418
13.4604,1.42956308312916
13.5486,1.42826288683243
13.6375,1.43792134340271
13.7269,1.47175240972476
13.817,1.4981023769197
13.9076,1.53292850602213
13.9988,1.57652207481025
14.0906,1.61028927058032
14.183,1.63143803574201
14.276,1.65033037238067
14.3697,1.67833744645347
14.4639,1.7189424622282
14.5588,1.75965061960371
14.6542,1.80533209687326
14.7504,1.85298175169588
14.8471,1.88511069548373
14.9445,1.91502069795216
15.0425,1.94746733174493
15.1411,1.98399415426326
15.2404,2.02722328752549
15.3404,2.05802803205236
15.441,2.07544048467133
15.5423,2.08667194076809
15.6442,2.11719342047079
15.7468,2.16579694357148
15.8501,2.18478990108448
15.954,2.16010392867948
16.0586,2.10546465176379
16.164,2.05012863502341
16.27,1.99987429769982
16.3767,1.94556444715539
16.4841,1.89264369583476
16.5922,1.85485338195142
16.701,1.86525231182483
16.8105,1.92766017068205
16.9208,1.98787565998227
17.0318,2.02893973478241
17.1435,2.08984792914979
17.2559,2.15254300279111
17.3691,2.17074518397975
17.483,2.16329319054259
17.5976,2.16833993813529
17.713,2.17451177908899
17.8292,2.19619897574344
17.9461,2.22749081633437
18.0638,2.21301670914695
18.1823,2.18730974543155
18.3016,2.20397368646697
18.4216,2.24473920122732
18.5424,2.25009867773881
18.664,2.21441023250324
18.7864,2.18999053361213
18.9096,2.19986058144798
19.0336,2.22063468003981
19.1585,2.23522874022512
19.2841,2.2352277655038
19.4106,2.18969853529342
19.5379,2.19379881834223
19.666,2.29191543891609
19.795,2.35954709712239
19.9248,2.34075760830969
20.0555,2.27463324920332
20.187,2.24381477324417
20.3194,2.27376421565709
20.4527,2.32745956579365
20.5868,2.36764111350301
20.7218,2.36866811771476
20.8577,2.33293300353008
20.9945,2.26848068181954
21.1322,2.27510178611218
21.2708,2.43679989967182
21.4103,2.54334523824216
21.5507,2.48439325453071
21.6921,2.37734512597053
21.8343,2.36298952922021
21.9775,2.50352454121805
22.1217,2.63943957907555
22.2667,2.68701662182995
22.4128,2.66067234768752
22.5598,2.61194946235023
22.7077,2.59850381779163
22.8566,2.57049347710563
23.0065,2.53370780453395
23.1574,2.58017007244985
23.3093,2.68947474898578
23.4622,2.79032069707955
23.6161,2.84761011235945
23.7709,2.84410155269409
23.9268,2.81324949285761
24.0838,2.80490170480703
24.2417,2.87475773183495
24.4007,2.98955071191821
24.5607,3.05225370441561
24.7218,3.0367422048859
24.8839,2.97226073071645
25.0471,2.90465303608821
25.2114,2.88497614465922
25.3767,2.91692174348352
25.5432,2.98276548234975
25.7107,3.07905563982135
25.8793,3.19943568678898
26.049,3.32002998712937
26.2199,3.41236920749134
26.3918,3.4595218622566
26.5649,3.45803969259371
26.7391,3.42900027809915
26.9145,3.39246830984802
27.091,3.35984126660476
27.2687,3.34829799278395
27.4475,3.38864840524177
27.6275,3.48889801833752
27.8087,3.57883202429323
27.9911,3.62190841815279
28.1747,3.65118907312551
28.3595,3.68212646918556
28.5455,3.71990231534139
28.7327,3.76196908111005
28.9211,3.79995204522173
29.1108,3.83695715716591
29.3017,3.87583258566183
29.4939,3.91161135365993
29.6873,3.94438541399412
29.882,3.97302257148028
30.078,3.99776759173647
30.2752,4.02269908107436
30.4738,4.04432128670717
30.6737,4.06350990346363
30.8748,4.08075207802617
31.0773,4.09567824560981
31.2811,4.1097408379594
31.4863,4.11768511482398
31.6928,4.12391117651933
31.9006,4.13104235770263
32.1099,4.13474898323548
32.3204,4.13659187170416
32.5324,4.13934997150105
32.7458,4.13852468662407
32.9605,4.13433447854395
33.1767,4.13001853888761
33.3943,4.12473201194581
33.6133,4.11812919956224
33.8337,4.11047815615225
34.0556,4.1019693753497
34.279,4.09217543897594
34.5038,4.08172062888649
34.7301,4.07074064329558
34.9579,4.05894466602617
35.1871,4.04632508606624
35.4179,4.03327766483788
35.6502,4.02006483607401
35.884,4.00656637986226
36.1193,3.99280765217376
36.3562,3.97853274524562
36.5946,3.96394167067195
36.8346,3.94929649786938
37.0762,3.93443541692827
37.3194,3.9194399786165
37.5641,3.90465880460524
37.8105,3.88991598123248
38.0585,3.87511620414747
38.3081,3.86017154411975
38.5593,3.84531624799661
38.8122,3.83078536869891
39.0667,3.81636945911487
39.3229,3.80214196023524
39.5808,3.78813179374522
39.8404,3.77427229414349
40.1017,3.7603979497609
40.3647,3.7466122190381
40.6294,3.73311019623824
40.8959,3.71990317297643
41.1641,3.7065999142604
41.4341,3.69316881079744
41.7058,3.67994345047513
41.9793,3.66803254325817
42.2547,3.65735803432385
42.5318,3.64663247547582
42.8107,3.63644377336318
43.0915,3.62700283170852
43.3741,3.6176220902817
43.6586,3.60841049979275
43.9449,3.59952760505745
44.2331,3.59096540375953
44.5232,3.58264307826979
44.8152,3.57450507611965
45.1091,3.56648850505196
45.4049,3.5584642646286
45.7027,3.55062453657274
46.0025,3.54317519203287
46.3042,3.53600021051044
46.6078,3.52904675213823
46.9135,3.52228315896268
47.2212,3.51568607651533
47.5309,3.50923572422303
47.8426,3.50291674127367
48.1564,3.49671752262006
48.4722,3.49062403608161
48.7901,3.48461933770932
49.1101,3.47868436570294
49.4322,3.47279278419437
49.7563,3.46689258293201
50.0827,3.46096236094826
50.4111,3.45516698513624
50.7417,3.44959960374614
51.0745,3.44418101082722
51.4095,3.43887661339517
51.7466,3.43366121473729
52.086,3.42850772922374
52.4276,3.42336495295439
52.7715,3.41828118666092
53.1176,3.4133548191607
53.4659,3.40857512130465
53.8166,3.40390691571547
54.1695,3.39933204929451
54.5248,3.39483706599807
54.8824,3.39040942052238
55.2423,3.38603373272017
55.6046,3.38168156293454
55.9693,3.37739451358671
56.3363,3.37321298690325
56.7058,3.36910718574426
57.0777,3.36506247674081
57.4521,3.36106691555689
57.8288,3.35710741932617
58.2081,3.35316492957537
58.5899,3.34919562484136
58.9741,3.34523507932014
59.3609,3.34139413400549
59.7502,3.33768748529444
60.1421,3.33407597881808
60.5365,3.33054260415703
60.9335,3.32707656561303
61.3331,3.32366945878403
61.7354,3.32031348214246
62.1403,3.31699946327016
62.5478,3.31370989896195
62.958,3.31046416374451
63.3709,3.30728965545955
63.7865,3.30417526260241
64.2048,3.30111069387521
64.6259,3.29808931050338
65.0498,3.29510526730495
65.4764,3.29215226595808
65.9058,3.28922185846266
66.338,3.28629761277392
66.7731,3.28337203226854
67.211,3.28049774332774
67.6518,3.27770528999992
68.0955,3.27496950010829
68.5421,3.27227976447511
68.9916,3.26962904126591
69.4441,3.26701132905577
69.8995,3.26442038070656
70.358,3.26184815169494
70.8194,3.25928058868742
71.2838,3.25669044666907
71.7514,3.25413982424338
72.2219,3.25168488236595
72.6956,3.24929315657288
73.1723,3.24695263347332
73.6522,3.24465647775021
74.1353,3.24239990631692
74.6215,3.24017909033154
75.1109,3.23799060510123
75.6035,3.23583100079391
76.0993,3.23369616698974
76.5984,3.23157933252832
77.1008,3.22947410843063
77.6064,3.22740082040902
78.1154,3.22537370545403
78.6277,3.22338147302452
79.1434,3.22141910935307
79.6624,3.21948312176553
80.1849,3.21757047751999
80.7107,3.21567812103635
81.2401,3.21380254745488
81.7729,3.21193912326858
82.3092,3.21008041524603
82.849,3.20820929624737
83.3923,3.20632553681895
83.9392,3.20448688518829
84.4897,3.20272140338654
85.0439,3.20100543472499
85.6016,3.19933002415828
86.163,3.19769017242393
86.7281,3.19608254358122
87.2969,3.19450466281574
87.8694,3.19295455650237
88.4457,3.19143056065038
89.0258,3.18993120014065
89.6096,3.1884550890794
90.1973,3.18700079330031
90.7889,3.1855663941931
91.3843,3.18415118828141
91.9836,3.18275759173839
92.5869,3.1813862242951
93.1941,3.18003504571668
93.8053,3.17870281775421
94.4205,3.17738851254703
95.0397,3.17609117136101
95.663,3.17480983790789
96.2904,3.17354350447222
96.9219,3.17229104531718
97.5576,3.17105110741466
98.1974,3.16982188882872
98.8414,3.16860056784207
99.4897,3.1673810394859
100.142,3.16615977249669
100.799,3.16495936047976
101.46,3.16379407100189
102.125,3.16265368434474
102.795,3.16153431446196
103.469,3.16043372711048
104.148,3.15935035806606
104.831,3.15828296924765
105.518,3.15723048889877
106.211,3.15619191694784
106.907,3.15516625045722
107.608,3.15415240096814
108.314,3.15314906663637
109.024,3.15215446863007
109.739,3.15116561432887
110.459,3.15017484451407
111.183,3.14919132725211
111.913,3.14823351536742
112.647,3.14730086317441
113.385,3.14638778850077
114.129,3.14549184664435
114.878,3.14461154363559
115.631,3.14374581077466
116.389,3.14289380676984
117.153,3.14205482400874
117.921,3.14122823638096
118.694,3.14041346558256
119.473,3.13960995527906
120.256,3.13881714655675
121.045,3.13803444819587
121.839,3.1372611911811
122.638,3.13649654243164
123.442,3.13573929807183
124.252,3.13498716186383
125.067,3.13423645898589
125.887,3.1334970622757
126.712,3.13277728193972
127.544,3.1320721198423
128.38,3.13137971817088
129.222,3.13069902389684
130.069,3.13002931238063
130.922,3.12937002560394
131.781,3.12872070124641
132.645,3.12808093596307
133.515,3.12745036369797
134.391,3.12682864114237
135.272,3.1262154364626
136.159,3.12561041890074
137.052,3.12501324713591
137.951,3.12442355357797
138.856,3.12384091933224
139.767,3.12326482755036
140.683,3.12269455971652
141.606,3.12212889813429
142.535,3.12156472001961
143.469,3.12100580752318
144.41,3.12045961225808
145.358,3.11992581641809
146.311,3.11940216868064
147.27,3.11888767249992
148.236,3.1183817136365
149.208,3.11788385014288
150.187,3.11739373359253
151.172,3.11691107227606
152.163,3.11643561141317
153.161,3.11596712133858
154.166,3.11550538978245
155.177,3.1150502163493
156.195,3.11460140814263
157.219,3.11415877584573
158.25,3.11372212968049
159.288,3.11329127458323
160.333,3.11286600359179
161.384,3.1124460875643
162.443,3.11203125710899
163.508,3.11162116607604
164.58,3.11121530210054
165.66,3.11081267470017
166.746,3.11041160760961
167.84,3.11001649944371
168.94,3.10963111308648
170.048,3.10925322687283
171.164,3.10888202384504
172.286,3.10851704678828
173.416,3.10815798571001
174.553,3.10780460606682
175.698,3.10745671765989
176.85,3.10711415892498
178.01,3.10677678812186
179.178,3.10644447800161
180.353,3.10611711238748
181.536,3.1057945838841
182.726,3.1054767922918
183.925,3.10516364348519
185.131,3.10485504861468
186.345,3.10455092354738
187.567,3.10425118850145
188.797,3.10395576785692
190.036,3.10366459015474
191.282,3.10337758833518
192.536,3.10309470033621
193.799,3.10281587032071
195.07,3.10254105117026
196.349,3.10227020998324
197.637,3.10200334257771
198.933,3.10174053026938
200.238,3.1014818267754
201.551,3.10122654554063
202.873,3.10097419366436
204.204,3.10072498482004
205.543,3.10047895626983
206.891,3.1002361001514
208.248,3.09999639061269
209.613,3.09975979304149
210.988,3.0995262680596
212.372,3.09929577351719
213.765,3.099068265584
215.167,3.09884369938143
216.578,3.0986220293589
217.998,3.09840320951631
219.428,3.09818719352658
220.867,3.09797393478811
222.315,3.09776338642307
223.774,3.09755550122953
225.241,3.09735023158907
226.718,3.09714752932717
228.205,3.09694734551812
229.702,3.09674963022062
231.208,3.09655433212124
232.725,3.09636139805062
234.251,3.09617077231614
235.787,3.09598239576019
237.334,3.09579620439056
238.89,3.09561212731178
240.457,3.09543008344766
242.034,3.09524997602055
243.621,3.09507168246294
245.219,3.09489503375639
246.827,3.09471976403534
248.446,3.09454534021392
250.075,3.0943706907018
251.715,3.09419844883761
253.366,3.09403097845882
255.028,3.09386696377356
256.701,3.09370593833797
258.384,3.09354765149817
260.079,3.09339194011483
261.784,3.09323868539987
263.501,3.09308779427433
265.229,3.09293918998453
266.969,3.09279280685694
268.72,3.0926485871329
270.482,3.09250647894282
272.256,3.09236643494795
274.042,3.09222841139437
275.839,3.0920923674331
277.648,3.09195826461804
279.469,3.09182606652678
281.302,3.09169573846826
283.146,3.09156724725345
285.003,3.09144056101258
286.873,3.09131564904747
288.754,3.09119248171054
290.648,3.09107103030472
292.554,3.09095126699958
294.473,3.09083316476051
296.404,3.09071669728826
298.348,3.09060183896695
300.304,3.09048856481905
302.274,3.09037685046597
304.256,3.0902666720935
306.252,3.0901580064212
308.26,3.09005083067512
310.282,3.0899451225634
312.317,3.08984086025433
314.365,3.08973802235648
316.427,3.08963658790061
318.502,3.08953653632324
320.591,3.08943784745147
322.694,3.08934050148912
324.81,3.08924447900384
326.94,3.08914976091522
329.084,3.08905632848367
331.243,3.08896416330009
333.415,3.0888732472762
335.602,3.08878356263541
337.803,3.0886950919043
340.018,3.08860781790453
342.248,3.0885217237452
344.493,3.08843679281566
346.752,3.08835300877857
349.026,3.08827035556346
351.315,3.0881888173604
353.619,3.08810837861415
355.938,3.08802902401838
358.273,3.08795073851032
360.622,3.08787350726545
362.987,3.08779731569253
365.368,3.08772214942878
367.764,3.0876479943352
370.176,3.08757483649213
372.604,3.08750266219491
375.048,3.08743145794972
377.507,3.08736121046955
379.983,3.08729190667028
382.475,3.08722353366693
384.984,3.08715607877001
387.508,3.08708952948193
390.05,3.08702387349359
392.608,3.08695909868105
395.183,3.08689519310225
397.775,3.08683214499387
400.383,3.08676994276829
403.009,3.08670857501055
405.652,3.08664803047551
408.313,3.08658829808497
410.99,3.08652936692493
413.686,3.08647122624293
416.399,3.0864138654454
419.13,3.08635727409513
421.879,3.08630144190878
424.645,3.08624635875443
427.43,3.08619201464925
430.234,3.08613839975717
433.055,3.08608550438662
435.895,3.08603331898832
438.754,3.08598183415317
441.632,3.08593104061012
444.528,3.0858809292241
447.443,3.08583149099406
450.378,3.08578271705102
453.332,3.0857345986561
456.305,3.08568712719874
459.297,3.08564029419481
462.31,3.08559409128485
465.342,3.08554851023239
468.394,3.08550354292218
471.465,3.08545918135858
474.557,3.08541541766393
477.67,3.085372244077
480.802,3.08532965295146
483.956,3.08528763675433
487.13,3.08524618806459
490.324,3.08520529957175
493.54,3.08516496407444
496.777,3.08512517447908
500.035,3.08508592379859
503.314,3.08504720515111
506.615,3.0850090117588
509.938,3.08497133694658
513.282,3.08493417414104
516.649,3.08489751686931
520.037,3.08486135875796
523.448,3.08482569353197
526.88,3.08479051501375
530.336,3.08475581712215
533.814,3.08472159387154
537.315,3.08468783937096
540.839,3.08465454782325
544.386,3.08462171352426
547.956,3.0845893308621
551.55,3.08455739431645
555.167,3.08452589845786
558.808,3.08449483794718
562.473,3.08446420753494
566.162,3.08443400206089
569.875,3.08440421645352
573.612,3.08437484572963
577.374,3.08434588499402
581.161,3.08431732943917
584.972,3.08428917434503
588.809,3.08426141507886
592.671,3.08423404709514
596.557,3.08420706593554
600.47,3.084180467229
604.408,3.08415424669189
608.372,3.08412840012819
612.362,3.08410292342988
616.378,3.0840778125773
620.42,3.08405306363975
624.489,3.0840286727761
628.585,3.08400463623554
632.707,3.08398095035852
636.857,3.0839576115778
641.034,3.0839346164196
645.238,3.08391196150501
649.469,3.08388964355149
653.729,3.08386765937466
658.016,3.08384600589021
662.332,3.08382468011611
666.676,3.08380367917504
671.048,3.08378300029708
675.449,3.08376264082279
679.879,3.08374259820648
684.338,3.08372287002003
688.826,3.08370345395692
693.343,3.08368434783686
697.89,3.08366554961088
702.468,3.08364705736689
707.075,3.08362886933598
711.712,3.08361098389928
716.379,3.08359339959573
721.078,3.08357611513051
725.807,3.08355912938462
730.567,3.08354244142544
735.358,3.08352605051848
740.181,3.08350995614061
745.035,3.08349415799475
749.922,3.08347865602638
754.84,3.08346345044209
759.79,3.08344854173038
764.773,3.08343393068518
769.789,3.08341961843238
774.837,3.08340560645992
779.919,3.0833918966519
785.034,3.08337849132755
790.183,3.08336539328565
795.365,3.08335260585553
800.581,3.08334013295565
805.832,3.08332797916138
811.117,3.08331614978341
816.436,3.08330465095918
821.791,3.08329348975969
827.18,3.08328267431502
832.605,3.08327221396268
838.066,3.08326211942361
843.562,3.08325240301264
849.094,3.08324307889133
854.663,3.08323416337424
860.268,3.08322567530229
865.91,3.08321763650188
871.589,3.08321007235429
877.305,3.08320301250859
883.059,3.08319649178377
888.85,3.08319055132325
894.68,3.08318524009148
900.548,3.08318061684136
906.454,3.08317675274181
912.398,3.08317373494936
918.382,3.08317167156141
924.405,3.08317069864456
930.468,3.08317099047398
936.57,3.08317277491687
942.713,3.08317635740058
948.895,3.0831821599229
955.118,3.08319078803379
961.382,3.08320315383196
967.688,3.08322072235261
974.034,3.08324606683148
980.422,3.08328435179597
986.852,3.08334853227266
993.324,3.08349059957637
0.051654,0.501849
0.0519928,0.513436
0.0523338,0.525004
0.052677,0.536495
0.0530225,0.547912
0.0533702,0.559255
0.0537202,0.570523
0.0540726,0.581719
0.0544272,0.592841
0.0547841,0.603891
0.0551434,0.614868
0.0555051,0.625775
0.0558691,0.63661
0.0562355,0.647374
0.0566043,0.657846
0.0569756,0.668136
0.0573492,0.678359
0.0577253,0.688516
0.0581039,0.698606
0.058485,0.708631
0.0588685,0.71859
0.0592546,0.726651
0.0596432,0.733195
0.0600344,0.739696
0.0604281,0.746155
0.0608244,0.752114
0.0612233,0.757966
0.0616249,0.763779
0.062029,0.769629
0.0624358,0.776138
0.0628453,0.782606
0.0632575,0.78903
0.0636723,0.795317
0.0640899,0.801228
0.0645102,0.8071
0.0649333,0.812934
0.0653592,0.81761
0.0657878,0.819008
0.0662193,0.820397
0.0666536,0.821777
0.0670907,0.823149
0.0675307,0.824511
0.0679736,0.825864
0.0684194,0.827209
0.0688681,0.828545
0.0693198,0.827531
0.0697744,0.82646
0.070232,0.825396
0.0706926,0.824339
0.0711563,0.823289
0.0716229,0.822246
0.0720927,0.82121
0.0725655,0.82018
0.0730414,0.819025
0.0735204,0.817442
0.0740026,0.81587
0.0744879,0.814308
0.0749764,0.812756
0.0754681,0.811214
0.0759631,0.809683
0.0764613,0.808161
0.0769627,0.806649
0.0774675,0.805147
0.0779756,0.805146
0.0784869,0.805214
0.0790017,0.805281
0.0795198,0.805348
0.0800413,0.805415
0.0805663,0.805481
0.0810947,0.805547
0.0816265,0.805612
0.0821618,0.805677
0.0827007,0.80592
0.0832431,0.80834
0.083789,0.810744
0.0843385,0.813133
0.0848916,0.815506
0.0854484,0.817864
0.0860088,0.821935
0.0865729,0.826192
0.0871406,0.830422
0.0877121,0.834624
0.0882874,0.838799
0.0888664,0.843504
0.0894492,0.848899
0.0900359,0.854563
0.0906264,0.860471
0.0912207,0.866592
0.091819,0.872893
0.0924212,0.879335
0.0930273,0.885875
0.0936374,0.892464
0.0942515,0.899046
0.0948696,0.905564
0.0954918,0.914477
0.0961181,0.915671
0.0967485,0.915078
0.097383,0.924355
0.0980216,0.934858
0.0986645,0.940445
0.0993116,0.951263
0.0999629,0.958075
0.100618,0.948725
0.101278,0.94649
0.101943,0.947124
0.102611,0.942855
0.103284,0.943116
0.103962,0.944091
0.104643,0.93204
0.10533,0.927056
0.10602,0.921302
0.106716,0.906326
0.107416,0.89716
0.10812,0.887176
0.108829,0.87302
0.109543,0.860226
0.110261,0.850266
0.110984,0.8388
0.111712,0.819368
0.112445,0.806911
0.113182,0.787125
0.113925,0.7595
0.114672,0.744299
0.115424,0.721783
0.116181,0.699403
0.116943,0.683265
0.11771,0.66546
0.118482,0.64302
0.119259,0.621551
0.120041,0.602231
0.120828,0.582112
0.121621,0.569351
0.122418,0.557311
0.123221,0.547228
0.124029,0.538769
0.124843,0.531619
0.125662,0.525484
0.126486,0.520094
0.127315,0.515205
0.12815,0.510599
0.128991,0.506087
0.129837,0.501514
10.0958,0.535424
10.1621,0.570226
10.2287,0.607447
10.2958,0.647497
10.3633,0.690367
10.4313,0.736459
10.4997,0.78592
10.5686,0.839052
10.6379,0.896214
10.7076,0.957562
10.7779,1.02374
10.8485,1.11546
10.9197,1.14348
10.9913,1.16783
11.0634,1.20347
11.1359,1.23914
11.209,1.30087
11.2825,1.31
11.3565,1.32956
11.431,1.41172
11.5059,1.417
11.5814,1.4104
11.6574,1.50778
11.7338,1.53
11.8108,1.57128
11.8882,1.59
11.9662,1.59433
12.0447,1.62735
12.1237,1.67
12.2032,1.67737
12.2832,1.70172
12.3638,1.72
12.4448,1.76041
12.5265,1.77
12.6086,1.76
12.6913,1.77345
12.7745,1.77
12.8583,1.83
12.9427,1.78703
13.0275,1.79
13.113,1.79518
13.199,1.86857
13.2855,1.87613
13.3727,1.84356
13.4604,1.82743
13.5486,1.8
13.6375,1.86251
13.7269,1.87
13.817,1.87995
13.9076,1.9086
13.9988,1.91136
14.0906,1.89701
14.183,1.89
14.276,1.9
14.3697,1.92205
14.4639,1.93963
14.5588,1.93472
14.6542,1.95
14.7504,1.92659
14.8471,1.90224
14.9445,1.8979
15.0425,1.88355
15.1411,1.88
15.2404,1.85971
15.3404,1.81102
15.441,1.78232
15.5423,1.75182
15.6442,1.77
15.7468,1.71938
15.8501,1.62512
15.954,1.53329
16.0586,1.48009
16.164,1.47574
16.27,1.47
16.3767,1.48296
16.4841,1.5219
16.5922,1.5999
16.701,1.72397
16.8105,1.80068
16.9208,1.79531
17.0318,1.80807
17.1435,1.84324
17.2559,1.79455
17.3691,1.72379
17.483,1.70642
17.5976,1.71924
17.713,1.7
17.8292,1.73891
17.9461,1.69478
18.0638,1.63185
18.1823,1.66249
18.3016,1.71368
18.4216,1.70526
18.5424,1.62893
18.664,1.61012
18.7864,1.65269
18.9096,1.69858
19.0336,1.7
19.1585,1.7
19.2841,1.67516
19.4106,1.64596
19.5379,1.82153
19.666,1.8621
19.795,1.76401
19.9248,1.65662
20.0555,1.64845
20.187,1.7461
20.3194,1.81915
20.4527,1.83854
20.5868,1.80492
20.7218,1.75173
20.8577,1.73
20.9945,1.74811
21.1322,1.96463
21.2708,2.10681
21.4103,1.86194
21.5507,1.7455
21.6921,1.75985
21.8343,2.00195
21.9775,2.14562
22.1217,2.03133
22.2667,1.92662
22.4128,1.80684
22.5598,1.83185
22.7077,1.85973
22.8566,1.84
23.0065,1.92172
23.1574,2.09323
23.3093,2.12469
23.4622,2.10599
23.6161,2.00824
23.7709,1.93931
23.9268,1.93
24.0838,2.00508
24.2417,2.11748
24.4007,2.09576
24.5607,1.96788
24.7218,1.85968
24.8839,1.81
25.0471,1.85639
25.2114,1.96906
25.3767,2.06249
25.5432,2.14552
25.7107,2.2057
25.8793,2.23
26.049,2.18538
26.2199,2.09645
26.3918,1.97882
26.5649,1.87626
26.7391,1.82107
26.9145,1.8
27.091,1.81762
27.2687,1.87589
27.4475,1.97526
27.6275,2.02934
27.8087,1.95496
27.9911,1.9
28.1747,1.87
28.3595,1.85195
28.5455,1.83761
28.7327,1.81326
28.9211,1.77891
29.1108,1.75457
29.3017,1.72023
29.4939,1.68175
29.6873,1.64153
29.882,1.59719
30.078,1.55567
30.2752,1.51699
30.4738,1.46829
30.6737,1.4296
30.8748,1.38091
31.0773,1.34111
31.2811,1.29351
31.4863,1.24482
31.6928,1.20613
31.9006,1.16372
32.1099,1.11875
32.3204,1.08005
32.5324,1.04069
32.7458,0.994871
32.9605,0.957184
33.1767,0.919466
33.3943,0.882947
33.6133,0.846533
33.8337,0.812443
34.0556,0.778358
34.279,0.745687
34.5038,0.714882
34.7301,0.68466
34.9579,0.655445
35.1871,0.627382
35.4179,0.601179
35.6502,0.575834
35.884,0.551486
36.1193,0.52803
36.3562,0.505113
