wl,Al2O3_n,Al2O3_k
0.40,1.689463,0.00085991
0.41,1.688250,0.00083849
0.42,1.686399,0.00080587
0.43,1.684652,0.00077516
0.44,1.683406,0.00075329
0.45,1.681824,0.00072554
0.46,1.680695,0.00070573
0.47,1.679611,0.00068672
0.48,1.678233,0.00066254
0.49,1.677246,0.00064523
0.50,1.676298,0.00062857
0.51,1.675386,0.00061255
0.52,1.674509,0.00059712
0.53,1.673665,0.00058225
0.54,1.672851,0.00056792
0.55,1.672325,0.00055865
0.56,1.671560,0.00054515
0.57,1.670822,0.00053212
0.58,1.670344,0.00052369
0.59,1.669647,0.00051140
0.60,1.668973,0.00049953
0.61,1.668537,0.00049184
0.62,1.667899,0.00048062
0.63,1.667485,0.00047335
0.64,1.666880,0.00046275
0.65,1.666487,0.00045588
0.66,1.666102,0.00044916
0.67,1.665538,0.00043935
0.68,1.665171,0.00043299
0.69,1.664810,0.00042677
0.70,1.664456,0.00042069
0.71,1.664108,0.00041474
0.72,1.663597,0.00040606
0.73,1.663263,0.00040043
0.74,1.662935,0.00039492
0.75,1.662611,0.00038953
0.76,1.662292,0.00038427
0.77,1.661978,0.00037912
0.78,1.661668,0.00037409
0.79,1.661362,0.00036917
0.80,1.661060,0.00036436
0.81,1.660761,0.00035967
0.82,1.660613,0.00035736
0.83,1.660319,0.00035283
0.84,1.660028,0.00034840
0.85,1.659740,0.00034407
0.86,1.659454,0.00033986
0.87,1.659313,0.00033779
0.88,1.659031,0.00033372
0.89,1.658751,0.00032976
0.90,1.658472,0.00032590
0.91,1.658334,0.00032400
0.92,1.658058,0.00032029
0.93,1.657784,0.00031668
0.94,1.657647,0.00031491
0.95,1.657374,0.00031145
0.96,1.657102,0.00030808
0.97,1.656967,0.00030643
0.98,1.656696,0.00030321
0.99,1.656560,0.00030164
1.00,1.656290,0.00029857
1.01,1.656154,0.00029707
1.02,1.655884,0.00029414
1.03,1.655748,0.00029272
1.04,1.655477,0.00028994
1.05,1.655342,0.00028858
1.06,1.655070,0.00028595
1.07,1.654934,0.00028467
1.08,1.654661,0.00028219
1.09,1.654524,0.00028098
1.10,1.654386,0.00027981
1.11,1.654111,0.00027752
1.12,1.653972,0.00027642
1.13,1.653834,0.00027534
1.14,1.653555,0.00027326
1.15,1.653415,0.00027226
1.16,1.653133,0.00027034
1.17,1.652991,0.00026942
1.18,1.652849,0.00026852
1.19,1.652706,0.00026765
1.20,1.652418,0.00026600
1.21,1.652273,0.00026521
1.22,1.652128,0.00026445
1.23,1.651982,0.00026371
1.24,1.651687,0.00026233
1.25,1.651538,0.00026168
1.26,1.651389,0.00026106
1.27,1.651238,0.00026047
1.28,1.650935,0.00025937
1.29,1.650782,0.00025887
1.30,1.650628,0.00025840
1.31,1.650473,0.00025795
1.32,1.650316,0.00025754
1.33,1.650159,0.00025716
1.34,1.649842,0.00025648
1.35,1.649681,0.00025620
1.36,1.649519,0.00025594
1.37,1.649356,0.00025572
1.38,1.649192,0.00025552
1.39,1.649027,0.00025537
1.40,1.648860,0.00025524
1.41,1.648692,0.00025515
1.42,1.648523,0.00025510
1.43,1.648180,0.00025509
1.44,1.648006,0.00025514
1.45,1.647831,0.00025523
1.46,1.647655,0.00025535
1.47,1.647476,0.00025551
1.48,1.647297,0.00025571
1.49,1.647115,0.00025595
1.50,1.646932,0.00025622
1.51,1.646748,0.00025654
1.52,1.646562,0.00025689
1.53,1.646373,0.00025729
1.54,1.646184,0.00025772
1.55,1.645992,0.00025820
1.56,1.645798,0.00025872
1.57,1.645603,0.00025928
1.58,1.645406,0.00025989
1.59,1.645207,0.00026054
1.60,1.645005,0.00026123
1.61,1.644802,0.00026197
1.62,1.644597,0.00026276
1.63,1.644424,0.00026345
1.64,1.644354,0.00026374
1.65,1.644180,0.00026448
1.66,1.643968,0.00026541
1.67,1.643754,0.00026639
1.68,1.643538,0.00026742
1.69,1.643319,0.00026850
1.70,1.643098,0.00026963
1.71,1.642875,0.00027082
1.72,1.642649,0.00027206
1.73,1.642421,0.00027335
1.74,1.642229,0.00027447
1.75,1.642152,0.00027493
1.76,1.641957,0.00027611
1.77,1.641722,0.00027757
1.78,1.641483,0.00027909
1.79,1.641242,0.00028067
1.80,1.640998,0.00028231
1.81,1.640793,0.00028373
1.82,1.640710,0.00028431
1.83,1.640502,0.00028578
1.84,1.640250,0.00028761
1.85,1.639995,0.00028951
1.86,1.639737,0.00029147
1.87,1.639519,0.00029315
1.88,1.639432,0.00029384
1.89,1.639211,0.00029559
1.90,1.638944,0.00029775
1.91,1.638673,0.00029999
1.92,1.638445,0.00030191
1.93,1.638354,0.00030269
1.94,1.638123,0.00030468
1.95,1.637842,0.00030714
1.96,1.637558,0.00030967
1.97,1.637319,0.00031184
1.98,1.637223,0.00031273
1.99,1.636981,0.00031498
2.00,1.636687,0.00031775
2.01,1.636439,0.00032012
2.02,1.636339,0.00032109
2.03,1.636087,0.00032354
2.04,1.635782,0.00032657
2.05,1.635525,0.00032915
2.06,1.635422,0.00033021
2.07,1.635161,0.00033288
2.08,1.634844,0.00033617
2.09,1.634577,0.00033899
2.10,1.634470,0.00034013
2.11,1.634199,0.00034304
2.12,1.633925,0.00034601
2.13,1.633815,0.00034722
2.14,1.633537,0.00035029
2.15,1.633200,0.00035407
2.16,1.632916,0.00035729
2.17,1.632802,0.00035860
2.18,1.632513,0.00036193
2.19,1.632222,0.00036532
2.20,1.632105,0.00036670
2.21,1.631809,0.00037021
2.22,1.631510,0.00037379
2.23,1.631389,0.00037524
2.24,1.631086,0.00037894
2.25,1.630717,0.00038347
2.26,1.630407,0.00038734
2.27,1.630281,0.00038891
2.28,1.629966,0.00039290
2.29,1.629647,0.00039697
2.30,1.629519,0.00039862
2.31,1.629195,0.00040282
2.32,1.628868,0.00040710
2.33,1.628736,0.00040884
2.34,1.628404,0.00041325
2.35,1.628068,0.00041775
2.36,1.627933,0.00041958
2.37,1.627660,0.00042328
2.38,1.627523,0.00042515
2.39,1.627177,0.00042990
2.40,1.626828,0.00043474
2.41,1.626687,0.00043671
2.42,1.626332,0.00044170
2.43,1.625974,0.00044679
2.44,1.625829,0.00044885
2.45,1.625465,0.00045409
2.46,1.625096,0.00045944
2.47,1.624948,0.00046161
2.48,1.624649,0.00046600
2.49,1.624498,0.00046822
2.50,1.624119,0.00047386
2.51,1.623736,0.00047960
2.52,1.623581,0.00048193
2.53,1.623270,0.00048665
2.54,1.623113,0.00048904
2.55,1.622718,0.00049510
2.56,1.622319,0.00050127
2.57,1.622158,0.00050377
2.58,1.621834,0.00050884
2.59,1.621671,0.00051141
2.60,1.621260,0.00051791
2.61,1.620844,0.00052454
2.62,1.620677,0.00052723
2.63,1.620339,0.00053267
2.64,1.620169,0.00053543
2.65,1.619827,0.00054100
2.66,1.619655,0.00054382
2.67,1.619221,0.00055097
2.68,1.618782,0.00055825
2.69,1.618605,0.00056121
2.70,1.618248,0.00056719
2.71,1.618069,0.00057022
2.72,1.617707,0.00057634
2.73,1.617525,0.00057944
2.74,1.617067,0.00058730
2.75,1.616603,0.00059530
2.76,1.616416,0.00059855
2.77,1.616039,0.00060512
2.78,1.615849,0.00060844
2.79,1.615467,0.00061516
2.80,1.615275,0.00061856
2.81,1.614888,0.00062545
2.82,1.614693,0.00062893
2.83,1.614300,0.00063597
2.84,1.614103,0.00063954
2.85,1.613604,0.00064857
2.86,1.613100,0.00065777
2.87,1.612897,0.00066150
2.88,1.612487,0.00066906
2.89,1.612281,0.00067288
2.90,1.611866,0.00068061
2.91,1.611657,0.00068452
2.92,1.611236,0.00069244
2.93,1.611024,0.00069644
2.94,1.610596,0.00070454
2.95,1.610381,0.00070864
2.96,1.609948,0.00071693
2.97,1.609730,0.00072112
2.98,1.609291,0.00072961
2.99,1.609070,0.00073390
3.00,1.608624,0.00074258
3.01,1.608400,0.00074697
3.02,1.607948,0.00075586
3.03,1.607720,0.00076036
3.04,1.607262,0.00076945
3.05,1.607031,0.00077405
3.06,1.606566,0.00078336
3.07,1.606332,0.00078807
3.08,1.605860,0.00079759
3.09,1.605622,0.00080241
3.10,1.605144,0.00081215
3.11,1.604903,0.00081709
3.12,1.604418,0.00082706
3.13,1.604173,0.00083211
3.14,1.603681,0.00084231
3.15,1.603433,0.00084748
3.16,1.602933,0.00085793
3.17,1.602682,0.00086322
3.18,1.602175,0.00087392
3.19,1.601920,0.00087933
3.20,1.601405,0.00089027
3.21,1.601146,0.00089581
3.22,1.600625,0.00090702
3.23,1.600362,0.00091268
3.24,1.599833,0.00092415
3.25,1.599566,0.00092995
3.26,1.599029,0.00094169
3.27,1.598759,0.00094763
3.28,1.598282,0.00095812
3.29,1.598076,0.00096268
3.30,1.597871,0.00096723
3.31,1.597386,0.00097800
3.32,1.597108,0.00098422
3.33,1.596546,0.00099680
3.34,1.596264,0.00100317
3.35,1.595694,0.00101604
3.36,1.595408,0.00102256
3.37,1.594830,0.00103573
3.38,1.594539,0.00104240
3.39,1.594026,0.00105418
3.40,1.593805,0.00105930
3.41,1.593583,0.00106441
3.42,1.593062,0.00107652
3.43,1.592762,0.00108351
3.44,1.592158,0.00109765
3.45,1.591853,0.00110480
3.46,1.591240,0.00111927
3.47,1.590932,0.00112659
3.48,1.590388,0.00113953
3.49,1.590152,0.00114515
3.50,1.589917,0.00115078
3.51,1.589364,0.00116407
3.52,1.589046,0.00117175
3.53,1.588405,0.00118727
3.54,1.588082,0.00119513
3.55,1.587513,0.00120901
3.56,1.587267,0.00121504
3.57,1.587021,0.00122107
3.58,1.586442,0.00123533
3.59,1.586109,0.00124356
3.60,1.585439,0.00126022
3.61,1.585101,0.00126864
3.62,1.584506,0.00128354
3.63,1.584248,0.00129001
3.64,1.583991,0.00129648
3.65,1.583385,0.00131178
3.66,1.583037,0.00132062
3.67,1.582335,0.00133849
3.68,1.581981,0.00134753
3.69,1.581358,0.00136352
3.70,1.581089,0.00137046
3.71,1.580820,0.00137740
3.72,1.580186,0.00139384
3.73,1.579821,0.00140332
3.74,1.579179,0.00142009
3.75,1.578901,0.00142738
3.76,1.578623,0.00143466
3.77,1.577970,0.00145189
3.78,1.577594,0.00146183
3.79,1.576931,0.00147942
3.80,1.576645,0.00148706
3.81,1.576359,0.00149470
3.82,1.575684,0.00151277
3.83,1.575297,0.00152321
3.84,1.574613,0.00154165
3.85,1.574318,0.00154966
3.86,1.574023,0.00155768
3.87,1.573327,0.00157663
3.88,1.572927,0.00158757
3.89,1.572222,0.00160691
3.90,1.571917,0.00161532
3.91,1.571613,0.00162373
3.92,1.570895,0.00164361
3.93,1.570482,0.00165508
3.94,1.569755,0.00167538
3.95,1.569440,0.00168420
3.96,1.569126,0.00169302
3.97,1.568492,0.00171088
3.98,1.568172,0.00171991
3.99,1.567853,0.00172894
4.00,1.567100,0.00175032
4.01,1.566668,0.00176265
4.02,1.565905,0.00178447
4.03,1.565575,0.00179394
4.04,1.565245,0.00180342
4.05,1.564469,0.00182586
4.06,1.564022,0.00183881
4.07,1.563234,0.00186173
4.08,1.562894,0.00187170
4.09,1.562553,0.00188166
4.10,1.561867,0.00190182
4.11,1.561521,0.00191202
4.12,1.561174,0.00192222
4.13,1.560359,0.00194636
4.14,1.559890,0.00196031
4.15,1.559064,0.00198496
4.16,1.558706,0.00199567
4.17,1.558349,0.00200638
4.18,1.557628,0.00202807
4.19,1.557265,0.00203904
4.20,1.556901,0.00205002
4.21,1.556168,0.00207225
4.22,1.555799,0.00208351
4.23,1.555430,0.00209476
4.24,1.554560,0.00212138
4.25,1.554059,0.00213676
4.26,1.553176,0.00216395
4.27,1.552794,0.00217578
4.28,1.552413,0.00218760
4.29,1.551642,0.00221153
4.30,1.551254,0.00222364
4.31,1.550866,0.00223576
4.32,1.550083,0.00226029
4.33,1.549688,0.00227271
4.34,1.549293,0.00228513
4.35,1.548497,0.00231029
4.36,1.548095,0.00232302
4.37,1.547694,0.00233576
4.38,1.546885,0.00236155
4.39,1.546477,0.00237460
4.40,1.546069,0.00238765
4.41,1.545243,0.00240876
4.42,1.544826,0.00241682
4.43,1.544408,0.00242487
4.44,1.543422,0.00245563
4.45,1.542853,0.00247835
4.46,1.541853,0.00251868
4.47,1.541421,0.00253631
4.48,1.540989,0.00255394
4.49,1.540119,0.00258980
4.50,1.539680,0.00260804
4.51,1.539242,0.00262628
4.52,1.538358,0.00266340
4.53,1.537913,0.00268228
4.54,1.537467,0.00270117
4.55,1.536569,0.00273960
4.56,1.536116,0.00275915
4.57,1.535664,0.00277870
4.58,1.534751,0.00281849
4.59,1.534291,0.00283874
4.60,1.533830,0.00285899
4.61,1.532902,0.00290019
4.62,1.532434,0.00292116
4.63,1.531966,0.00294212
4.64,1.531023,0.00298481
4.65,1.530547,0.00300653
4.66,1.530071,0.00302825
4.67,1.529111,0.00307247
4.68,1.528627,0.00309498
4.69,1.528144,0.00311749
4.70,1.527167,0.00316331
4.71,1.526675,0.00318663
4.72,1.526183,0.00320995
4.73,1.525290,0.00325261
4.74,1.524890,0.00327194
4.75,1.524489,0.00329128
4.76,1.524089,0.00331061
4.77,1.523179,0.00335502
4.78,1.522670,0.00338010
4.79,1.522161,0.00340517
4.80,1.521133,0.00345625
4.81,1.520615,0.00348225
4.82,1.520097,0.00350826
4.83,1.519052,0.00356123
4.84,1.518525,0.00358820
4.85,1.517997,0.00361518
4.86,1.516934,0.00367013
4.87,1.516398,0.00369811
4.88,1.515861,0.00372608
4.89,1.514779,0.00378309
4.90,1.514233,0.00381212
4.91,1.513687,0.00384114
4.92,1.512697,0.00389427
4.93,1.512253,0.00391837
4.94,1.511809,0.00394246
4.95,1.511364,0.00396656
4.96,1.510355,0.00402192
4.97,1.509789,0.00405319
4.98,1.509224,0.00408445
4.99,1.508083,0.00414818
5.00,1.507508,0.00418064
5.01,1.506933,0.00421309
5.02,1.505772,0.00427925
5.03,1.505186,0.00431295
5.04,1.504600,0.00434665
5.05,1.503538,0.00440835
5.06,1.503061,0.00443635
5.07,1.502584,0.00446435
5.08,1.502107,0.00449235
5.09,1.501023,0.00455671
5.10,1.500416,0.00459307
5.11,1.499809,0.00462942
5.12,1.498584,0.00470355
5.13,1.497966,0.00474132
5.14,1.497348,0.00477910
5.15,1.496227,0.00484827
5.16,1.495723,0.00487967
5.17,1.495220,0.00491108
5.18,1.494716,0.00494248
5.19,1.493572,0.00501471
5.20,1.492931,0.00505555
5.21,1.492291,0.00509639
5.22,1.491128,0.00517119
5.23,1.490606,0.00520516
5.24,1.490084,0.00523912
5.25,1.489562,0.00527309
5.26,1.488375,0.00535121
5.27,1.487710,0.00539536
5.28,1.487046,0.00543951
5.29,1.485840,0.00552040
5.30,1.485298,0.00555714
5.31,1.484757,0.00559387
5.32,1.484215,0.00563061
5.33,1.482984,0.00571512
5.34,1.482294,0.00576290
5.35,1.481605,0.00581067
5.36,1.480353,0.00589821
5.37,1.479791,0.00593798
5.38,1.479229,0.00597774
5.39,1.478667,0.00601751
5.40,1.477390,0.00610901
5.41,1.476674,0.00616075
5.42,1.475958,0.00621249
5.43,1.474659,0.00630730
5.44,1.474076,0.00635039
5.45,1.473492,0.00639347
5.46,1.472909,0.00643656
5.47,1.471583,0.00653572
5.48,1.470839,0.00659179
5.49,1.470096,0.00664787
5.50,1.468747,0.00675066
5.51,1.468142,0.00679738
5.52,1.467536,0.00684409
5.53,1.466930,0.00689081
5.54,1.465552,0.00699836
5.55,1.464781,0.00705919
5.56,1.464009,0.00712002
5.57,1.462608,0.00723155
5.58,1.461978,0.00728225
5.59,1.461349,0.00733296
5.60,1.460719,0.00738366
5.61,1.459448,0.00748720
5.62,1.458807,0.00754005
5.63,1.458165,0.00759289
5.64,1.457524,0.00764574
5.65,1.456065,0.00776750
5.66,1.455247,0.00783641
5.67,1.454429,0.00790533
5.68,1.452945,0.00803173
5.69,1.452278,0.00808922
5.70,1.451611,0.00814670
5.71,1.450944,0.00820419
5.72,1.449597,0.00832162
5.73,1.448918,0.00838157
5.74,1.448238,0.00844153
5.75,1.447558,0.00850148
5.76,1.446184,0.00862397
5.77,1.445491,0.00868650
5.78,1.444797,0.00874904
5.79,1.444104,0.00881157
5.80,1.442703,0.00893936
5.81,1.441996,0.00900460
5.82,1.441289,0.00906985
5.83,1.440582,0.00913509
5.84,1.438973,0.00928545
5.85,1.438071,0.00937057
5.86,1.437170,0.00945569
5.87,1.435532,0.00961188
5.88,1.434796,0.00968296
5.89,1.434061,0.00975403
5.90,1.433325,0.00982511
5.91,1.431838,0.00997039
5.92,1.431088,0.01004459
5.93,1.430337,0.01011880
5.94,1.429586,0.01019300
5.95,1.428070,0.01034472
5.96,1.427304,0.01042224
5.97,1.426538,0.01049976
5.98,1.425772,0.01057728
5.99,1.424225,0.01073574
6.00,1.423443,0.01081668
6.01,1.422661,0.01089762
6.02,1.421880,0.01097856
6.03,1.420301,0.01114410
6.04,1.419503,0.01122870
6.05,1.418706,0.01131330
6.06,1.417908,0.01139790
6.07,1.416296,0.01157090
6.08,1.415482,0.01165930
6.09,1.414668,0.01174770
6.10,1.413854,0.01183610
6.11,1.412209,0.01201694
6.12,1.411378,0.01210938
6.13,1.410547,0.01220182
6.14,1.409716,0.01229426
6.15,1.408037,0.01248342
6.16,1.407189,0.01258014
6.17,1.406341,0.01267686
6.18,1.405492,0.01277358
6.19,1.403778,0.01297148
6.20,1.402912,0.01307266
6.21,1.402046,0.01317384
6.22,1.401180,0.01327502
6.23,1.399429,0.01348204
6.24,1.398545,0.01358788
6.25,1.397661,0.01369372
6.26,1.396776,0.01379956
6.27,1.394989,0.01401614
6.28,1.394086,0.01412688
6.29,1.393183,0.01423762
6.30,1.392280,0.01434836
6.31,1.390455,0.01457504
6.32,1.389532,0.01469098
6.33,1.388610,0.01480692
6.34,1.387688,0.01492286
6.35,1.385823,0.01516016
6.36,1.384881,0.01528152
6.37,1.383939,0.01540288
6.38,1.382997,0.01552424
6.39,1.381253,0.01575152
6.40,1.380451,0.01585743
6.41,1.379649,0.01596335
6.42,1.378847,0.01606927
6.43,1.378045,0.01617518
6.44,1.376260,0.01641424
6.45,1.375277,0.01654738
6.46,1.374293,0.01668052
6.47,1.373310,0.01681366
6.48,1.371322,0.01708630
6.49,1.370317,0.01722580
6.50,1.369313,0.01736530
6.51,1.368308,0.01750480
6.52,1.366276,0.01779048
6.53,1.365250,0.01793666
6.54,1.364223,0.01808284
6.55,1.363196,0.01822902
6.56,1.361295,0.01850292
6.57,1.360420,0.01863063
6.58,1.359546,0.01875835
6.59,1.358671,0.01888607
6.60,1.357797,0.01901378
6.61,1.355849,0.01930220
6.62,1.354776,0.01946290
6.63,1.353704,0.01962360
6.64,1.352631,0.01978430
6.65,1.350461,0.02011366
6.66,1.349365,0.02028232
6.67,1.348268,0.02045098
6.68,1.347171,0.02061964
6.69,1.345140,0.02093583
6.70,1.344205,0.02108337
6.71,1.343271,0.02123090
6.72,1.342337,0.02137843
6.73,1.341402,0.02152597
6.74,1.339321,0.02185930
6.75,1.338174,0.02204510
6.76,1.337028,0.02223090
6.77,1.335881,0.02241670
6.78,1.333757,0.02276503
6.79,1.332780,0.02292757
6.80,1.331803,0.02309010
6.81,1.330826,0.02325263
6.82,1.329849,0.02341517
6.83,1.327672,0.02378250
6.84,1.326473,0.02398730
6.85,1.325273,0.02419210
6.86,1.324074,0.02439690
6.87,1.321852,0.02478097
6.88,1.320830,0.02496023
6.89,1.319807,0.02513950
6.90,1.318785,0.02531877
6.91,1.317762,0.02549803
6.92,1.315485,0.02590330
6.93,1.314230,0.02612930
6.94,1.312974,0.02635530
6.95,1.311719,0.02658130
6.96,1.309394,0.02700523
6.97,1.308323,0.02720317
6.98,1.307253,0.02740110
6.99,1.306183,0.02759903
7.00,1.305112,0.02779697
7.01,1.302728,0.02824456
7.02,1.301413,0.02849422
7.03,1.300099,0.02874388
7.04,1.298785,0.02899354
7.05,1.296349,0.02946197
7.06,1.295228,0.02968073
7.07,1.294107,0.02989950
7.08,1.292986,0.03011827
7.09,1.291865,0.03033703
7.10,1.289367,0.03083192
7.11,1.287990,0.03110804
7.12,1.286613,0.03138416
7.13,1.285236,0.03166028
7.14,1.282684,0.03217848
7.15,1.281509,0.03242057
7.16,1.280334,0.03266265
7.17,1.279159,0.03290473
7.18,1.277985,0.03314682
7.19,1.275607,0.03364367
7.20,1.274404,0.03389843
7.21,1.273201,0.03415320
7.22,1.271998,0.03440797
7.23,1.270795,0.03466273
7.24,1.268360,0.03518593
7.25,1.267128,0.03545437
7.26,1.265897,0.03572280
7.27,1.264665,0.03599123
7.28,1.263433,0.03625967
7.29,1.260687,0.03686742
7.30,1.259173,0.03720674
7.31,1.257660,0.03754606
7.32,1.256146,0.03788538
7.33,1.253340,0.03852255
7.34,1.252048,0.03882040
7.35,1.250756,0.03911825
7.36,1.249464,0.03941610
7.37,1.248172,0.03971395
7.38,1.245556,0.04032565
7.39,1.244233,0.04063950
7.40,1.242909,0.04095335
7.41,1.241586,0.04126720
7.42,1.240262,0.04158105
7.43,1.237583,0.04222568
7.44,1.236227,0.04255647
7.45,1.234871,0.04288725
7.46,1.233516,0.04321803
7.47,1.232160,0.04354882
7.48,1.229415,0.04422835
7.49,1.228025,0.04457710
7.50,1.226636,0.04492585
7.51,1.225247,0.04527460
7.52,1.223858,0.04562335
7.53,1.221045,0.04633990
7.54,1.219621,0.04670770
7.55,1.218198,0.04707550
7.56,1.216774,0.04744330
7.57,1.215351,0.04781110
7.58,1.212468,0.04856692
7.59,1.211009,0.04895493
7.60,1.209551,0.04934295
7.61,1.208092,0.04973097
7.62,1.206633,0.05011898
7.63,1.203679,0.05091643
7.64,1.202183,0.05132587
7.65,1.200688,0.05173530
7.66,1.199193,0.05214473
7.67,1.197697,0.05255417
7.68,1.194669,0.05339580
7.69,1.193137,0.05382800
7.70,1.191604,0.05426020
7.71,1.190071,0.05469240
7.72,1.188538,0.05512460
7.73,1.185434,0.05601315
7.74,1.183863,0.05646950
7.75,1.182291,0.05692585
7.76,1.180720,0.05738220
7.77,1.179149,0.05783855
7.78,1.175966,0.05877690
7.79,1.174355,0.05925890
7.80,1.172744,0.05974090
7.81,1.171133,0.06022290
7.82,1.169522,0.06070490
7.83,1.166258,0.06169617
7.84,1.164606,0.06220543
7.85,1.162954,0.06271470
7.86,1.161302,0.06322397
7.87,1.159650,0.06373323
7.88,1.156303,0.06478142
7.89,1.154609,0.06532033
7.90,1.152915,0.06585925
7.91,1.151221,0.06639817
7.92,1.149527,0.06693708
7.93,1.146095,0.06804582
7.94,1.144358,0.06861563
7.95,1.142621,0.06918545
7.96,1.140884,0.06975527
7.97,1.139147,0.07032508
7.98,1.135882,0.07141147
7.99,1.134355,0.07192804
8.00,1.132829,0.07244461
8.01,1.131302,0.07296119
8.02,1.129775,0.07347776
8.03,1.128248,0.07399433
8.04,1.124894,0.07514850
8.05,1.123067,0.07578610
8.06,1.121240,0.07642370
8.07,1.119413,0.07706130
8.08,1.117586,0.07769890
8.09,1.113885,0.07901128
8.10,1.112011,0.07968607
8.11,1.110137,0.08036085
8.12,1.108264,0.08103563
8.13,1.106390,0.08171042
8.14,1.102869,0.08299750
8.15,1.101221,0.08360980
8.16,1.099574,0.08422210
8.17,1.097927,0.08483440
8.18,1.096279,0.08544670
8.19,1.094632,0.08605900
8.20,1.091013,0.08742778
8.21,1.089042,0.08818427
8.22,1.087071,0.08894075
8.23,1.085100,0.08969723
8.24,1.083128,0.09045372
8.25,1.079135,0.09201157
8.26,1.077113,0.09281293
8.27,1.075091,0.09361430
8.28,1.073069,0.09441567
8.29,1.071047,0.09521703
8.30,1.067247,0.09674634
8.31,1.065470,0.09747429
8.32,1.063692,0.09820223
8.33,1.061914,0.09893017
8.34,1.060137,0.09965811
8.35,1.058359,0.10038606
8.36,1.054454,0.10201417
8.37,1.052327,0.10291433
8.38,1.050199,0.10381450
8.39,1.048072,0.10471467
8.40,1.045945,0.10561483
8.41,1.041947,0.10733314
8.42,1.040077,0.10815129
8.43,1.038206,0.10896943
8.44,1.036336,0.10978757
8.45,1.034466,0.11060571
8.46,1.032595,0.11142386
8.47,1.028487,0.11325450
8.48,1.026249,0.11426700
8.49,1.024011,0.11527950
8.50,1.021773,0.11629200
8.51,1.019535,0.11730450
8.52,1.015329,0.11923814
8.53,1.013361,0.12015929
8.54,1.011394,0.12108043
8.55,1.009426,0.12200157
8.56,1.007458,0.12292271
8.57,1.005491,0.12384386
8.58,1.001169,0.12590700
8.59,0.998815,0.12704900
8.60,0.996462,0.12819100
8.61,0.994108,0.12933300
8.62,0.991754,0.13047500
8.63,0.987332,0.13265657
8.64,0.985264,0.13369614
8.65,0.983196,0.13473571
8.66,0.981128,0.13577529
8.67,0.979060,0.13681486
8.68,0.976992,0.13785443
8.69,0.972804,0.13999814
8.70,0.970684,0.14110229
8.71,0.968564,0.14220643
8.72,0.966444,0.14331057
8.73,0.964325,0.14441471
8.74,0.962205,0.14551886
8.75,0.957913,0.14779657
8.76,0.955741,0.14897014
8.77,0.953568,0.15014371
8.78,0.951396,0.15131729
8.79,0.949224,0.15249086
8.80,0.947051,0.15366443
8.81,0.942283,0.15629317
8.82,0.939686,0.15774833
8.83,0.937089,0.15920350
8.84,0.934493,0.16065867
8.85,0.931896,0.16211383
8.86,0.927020,0.16489557
8.87,0.924740,0.16622214
8.88,0.922461,0.16754871
8.89,0.920181,0.16887529
8.90,0.917901,0.17020186
8.91,0.915622,0.17152843
8.92,0.911008,0.17426600
8.93,0.908674,0.17567700
8.94,0.906339,0.17708800
8.95,0.904005,0.17849900
8.96,0.901671,0.17991000
8.97,0.899337,0.18132100
8.98,0.894613,0.18423357
8.99,0.892224,0.18573514
9.00,0.889835,0.18723671
9.01,0.887445,0.18873829
9.02,0.885056,0.19023986
9.03,0.882667,0.19174143
9.04,0.877833,0.19484157
9.05,0.875389,0.19644014
9.06,0.872944,0.19803871
9.07,0.870500,0.19963729
9.08,0.868055,0.20123586
9.09,0.865611,0.20283443
9.10,0.860666,0.20613514
9.11,0.858167,0.20783729
9.12,0.855667,0.20953943
9.13,0.853167,0.21124157
9.14,0.850667,0.21294371
9.15,0.848167,0.21464586
9.16,0.843113,0.21816143
9.17,0.840558,0.21997486
9.18,0.838003,0.22178829
9.19,0.835448,0.22360171
9.20,0.832893,0.22541514
9.21,0.830338,0.22722857
9.22,0.825173,0.23097443
9.23,0.822563,0.23290686
9.24,0.819953,0.23483929
9.25,0.817343,0.23677171
9.26,0.814733,0.23870414
9.27,0.812123,0.24063657
9.28,0.806849,0.24463043
9.29,0.804185,0.24669186
9.30,0.801521,0.24875329
9.31,0.798857,0.25081471
9.32,0.796193,0.25287614
9.33,0.793528,0.25493757
9.34,0.788149,0.25919943
9.35,0.785433,0.26139986
9.36,0.782717,0.26360029
9.37,0.780001,0.26580071
9.38,0.777285,0.26800114
9.39,0.774569,0.27020157
9.40,0.769088,0.27475000
9.41,0.766323,0.27709800
9.42,0.763557,0.27944600
9.43,0.760792,0.28179400
9.44,0.758026,0.28414200
9.45,0.755261,0.28649000
9.46,0.749683,0.29134414
9.47,0.746870,0.29385029
9.48,0.744057,0.29635643
9.49,0.741244,0.29886257
9.50,0.738431,0.30136871
9.51,0.735618,0.30387486
9.52,0.730304,0.30872250
9.53,0.727804,0.31106400
9.54,0.725303,0.31340550
9.55,0.722802,0.31574700
9.56,0.720302,0.31808850
9.57,0.717801,0.32043000
9.58,0.715301,0.32277150
9.59,0.709901,0.32797157
9.60,0.707001,0.33083014
9.61,0.704102,0.33368871
9.62,0.701203,0.33654729
9.63,0.698303,0.33940586
9.64,0.695404,0.34226443
9.65,0.689568,0.34817757
9.66,0.686630,0.35123214
9.67,0.683693,0.35428671
9.68,0.680756,0.35734129
9.69,0.677819,0.36039586
9.70,0.674882,0.36345043
9.71,0.669345,0.36936213
9.72,0.666746,0.37221925
9.73,0.664146,0.37507638
9.74,0.661546,0.37793350
9.75,0.658947,0.38079062
9.76,0.656347,0.38364775
9.77,0.653748,0.38650487
9.78,0.648146,0.39285386
9.79,0.645143,0.39634571
9.80,0.642141,0.39983757
9.81,0.639139,0.40332943
9.82,0.636137,0.40682129
9.83,0.633135,0.41031314
9.84,0.627097,0.41754071
9.85,0.624062,0.42127643
9.86,0.621026,0.42501214
9.87,0.617990,0.42874786
9.88,0.614955,0.43248357
9.89,0.611919,0.43621929
9.90,0.606175,0.44345350
9.91,0.603466,0.44695200
9.92,0.600757,0.45045050
9.93,0.598048,0.45394900
9.94,0.595339,0.45744750
9.95,0.592630,0.46094600
9.96,0.589921,0.46444450
9.97,0.584503,0.47188513
9.98,0.581795,0.47582725
9.99,0.579086,0.47976937
10.00,0.576377,0.48371150
10.01,0.573669,0.48765362
10.02,0.570960,0.49159575
10.03,0.568252,0.49553787
10.04,0.561980,0.49948000
10.05,0.558418,0.49948000
10.06,0.554856,0.49948000
10.07,0.551293,0.49948000
10.08,0.547731,0.49948000
10.09,0.544168,0.49948000
10.10,0.541638,0.49948000
10.11,0.542670,0.49948000
10.12,0.543702,0.49948000
10.13,0.544734,0.49948000
10.14,0.545766,0.49948000
10.15,0.546798,0.49948000
10.16,0.547830,0.49948000
10.17,0.550219,0.49948000
10.18,0.551577,0.49948000
10.19,0.552934,0.49948000
10.20,0.554291,0.49948000
10.21,0.555648,0.49948000
10.22,0.557006,0.49948000
10.23,0.569505,0.49948000
10.24,0.580647,0.49948000
10.25,0.591788,0.49948000
10.26,0.602930,0.49948000
10.27,0.614072,0.49948000
10.28,0.625214,0.49948000
10.29,0.636355,0.49948000
10.30,0.652856,0.49948000
10.31,0.658214,0.49948000
10.32,0.663573,0.49948000
10.33,0.668932,0.49948000
10.34,0.674291,0.49948000
10.35,0.679650,0.49948000
10.36,0.685008,0.49948000
10.37,0.696128,0.49948000
10.38,0.701890,0.49948000
10.39,0.707651,0.49948000
10.40,0.713413,0.49948000
10.41,0.719174,0.49948000
10.42,0.724936,0.49948000
10.43,0.730697,0.49948000
10.44,0.743525,0.49948000
10.45,0.750591,0.49948000
10.46,0.757657,0.49948000
10.47,0.764722,0.49948000
10.48,0.771788,0.49948000
10.49,0.778854,0.49948000
10.50,0.792561,0.49948000
10.51,0.799203,0.49948000
10.52,0.805844,0.49948000
10.53,0.812486,0.49948000
10.54,0.819128,0.49948000
10.55,0.825769,0.49948000
10.56,0.832411,0.49948000
10.57,0.846197,0.49948000
10.58,0.853343,0.49948000
10.59,0.860488,0.49948000
10.60,0.867633,0.49948000
10.61,0.874778,0.49948000
10.62,0.881923,0.49948000
10.63,0.889069,0.49948000
10.64,0.903882,0.49948000
10.65,0.911551,0.49948000
10.66,0.919219,0.49948000
10.67,0.926888,0.49948000
10.68,0.934557,0.49948000
10.69,0.942225,0.49948000
10.70,0.949894,0.49948000
10.71,0.965834,0.49948000
10.72,0.974106,0.49948000
10.73,0.982379,0.49948000
10.74,0.990651,0.49948000
10.75,0.998923,0.49948000
10.76,1.007196,0.49948000
10.77,1.015468,0.49948000
10.78,1.035205,0.49948000
10.79,1.046670,0.49948000
10.80,1.058135,0.49948000
10.81,1.069600,0.49948000
10.82,1.081065,0.49948000
10.83,1.092530,0.49948000
10.84,1.103995,0.49948000
10.85,1.079021,0.49948000
10.86,1.042581,0.49948000
10.87,1.006142,0.49948000
10.88,0.969703,0.49948000
10.89,0.933264,0.49948000
10.90,0.896824,0.49948000
10.91,0.860385,0.49948000
10.92,0.826575,0.49948000
10.93,0.829204,0.49948000
10.94,0.831833,0.49948000
10.95,0.834462,0.49948000
10.96,0.837091,0.49948000
10.97,0.839720,0.49948000
10.98,0.842349,0.49948000
10.99,0.844978,0.49948000
11.00,0.850859,0.49948000
11.01,0.854110,0.49948000
11.02,0.857361,0.49948000
11.03,0.860613,0.49948000
11.04,0.863864,0.49948000
11.05,0.867116,0.49948000
11.06,0.870367,0.49948000
11.07,0.876754,0.49948000
11.08,0.879890,0.49948000
11.09,0.883026,0.49948000
11.10,0.886162,0.49948000
11.11,0.889297,0.49948000
11.12,0.892433,0.49948000
11.13,0.895569,0.49948000
11.14,0.904286,0.49948000
11.15,0.909867,0.49948000
11.16,0.915448,0.49948000
11.17,0.921029,0.49948000
11.18,0.926610,0.49948000
11.19,0.932192,0.49948000
11.20,0.937773,0.49948000
11.21,0.945479,0.49948000
11.22,0.947604,0.49948000
11.23,0.949730,0.49948000
11.24,0.951855,0.49948000
11.25,0.953980,0.49948000
11.26,0.956105,0.49948000
11.27,0.958230,0.49948000
11.28,0.960356,0.49948000
11.29,0.964115,0.49948000
11.30,0.965750,0.49948000
11.31,0.967384,0.49948000
11.32,0.969018,0.49948000
11.33,0.970652,0.49948000
11.34,0.972287,0.49948000
11.35,0.973921,0.49948000
11.36,0.981548,0.49948000
11.37,0.987540,0.49948000
11.38,0.993532,0.49948000
11.39,0.999524,0.49948000
11.40,1.005516,0.49948000
11.41,1.011509,0.49948000
11.42,1.017501,0.49948000
11.43,1.023493,0.49948000
11.44,1.032276,0.49948000
11.45,1.035066,0.49948000
11.46,1.037856,0.49948000
11.47,1.040647,0.49948000
11.48,1.043437,0.49948000
11.49,1.046227,0.49948000
11.50,1.049017,0.49948000
11.51,1.051569,0.49948000
11.52,1.051330,0.49948000
11.53,1.051091,0.49948000
11.54,1.050852,0.49948000
11.55,1.050613,0.49948000
11.56,1.050374,0.49948000
11.57,1.050135,0.49948000
11.58,1.049896,0.49948000
11.59,1.056699,0.49948000
11.60,1.063741,0.49948000
11.61,1.070783,0.49948000
11.62,1.077825,0.49948000
11.63,1.084866,0.49948000
11.64,1.091908,0.49948000
11.65,1.098950,0.49948000
11.66,1.109482,0.49948000
11.67,1.112972,0.49948000
11.68,1.116462,0.49948000
11.69,1.119953,0.49948000
11.70,1.123443,0.49948000
11.71,1.126933,0.49948000
11.72,1.130423,0.49948000
11.73,1.133913,0.49948000
11.74,1.141742,0.49948000
11.75,1.146080,0.49948000
11.76,1.150417,0.49948000
11.77,1.154755,0.49948000
11.78,1.159093,0.49948000
11.79,1.163431,0.49948000
11.80,1.167769,0.49948000
11.81,1.172107,0.49948000
11.82,1.180141,0.49948000
11.83,1.183837,0.49948000
11.84,1.187533,0.49948000
11.85,1.191228,0.49948000
11.86,1.194924,0.49948000
11.87,1.198620,0.49948000
11.88,1.202316,0.49948000
11.89,1.207735,0.49948000
11.90,1.209459,0.49948000
11.91,1.211182,0.49948000
11.92,1.212906,0.49948000
11.93,1.214629,0.49948000
11.94,1.216353,0.49948000
11.95,1.218077,0.49948000
11.96,1.219800,0.49948000
11.97,1.224515,0.49948000
11.98,1.227507,0.49948000
11.99,1.230498,0.49948000
12.00,1.233490,0.49948000
12.01,1.236481,0.49948000
12.02,1.239472,0.49948000
12.03,1.242464,0.49948000
12.04,1.245455,0.49948000
12.05,1.252790,0.49948000
12.06,1.257134,0.49948000
12.07,1.261478,0.49948000
12.08,1.265821,0.49948000
12.09,1.270165,0.49948000
12.10,1.274509,0.49948000
12.11,1.278852,0.49948000
12.12,1.283196,0.49948000
12.13,1.289975,0.49948000
12.14,1.292409,0.49948000
12.15,1.294844,0.49948000
12.16,1.297279,0.49948000
12.17,1.299713,0.49948000
12.18,1.302148,0.49948000
12.19,1.304583,0.49948000
12.20,1.307018,0.49948000
12.21,1.312459,0.49948000
12.22,1.315466,0.49948000
12.23,1.318474,0.49948000
12.24,1.321481,0.49948000
12.25,1.324488,0.49948000
12.26,1.327495,0.49948000
12.27,1.330502,0.49948000
12.28,1.333509,0.49948000
12.29,1.339184,0.49948000
12.30,1.341852,0.49948000
12.31,1.344520,0.49948000
12.32,1.347188,0.49948000
12.33,1.349856,0.49948000
12.34,1.352524,0.49948000
12.35,1.355192,0.49948000
12.36,1.357860,0.49948000
12.37,1.364938,0.49948000
12.38,1.369347,0.49948000
12.39,1.373756,0.49948000
12.40,1.378165,0.49948000
12.41,1.382574,0.49948000
12.42,1.386984,0.49948000
12.43,1.391393,0.49948000
12.44,1.395802,0.49948000
12.45,1.403427,0.49948000
12.46,1.406642,0.49948000
12.47,1.409857,0.49948000
12.48,1.413072,0.49948000
12.49,1.416288,0.49948000
12.50,1.419503,0.49948000
12.51,1.422718,0.49948000
12.52,1.425933,0.49948000
12.53,1.430526,0.49948000
12.54,1.431903,0.49948000
12.55,1.433281,0.49948000
12.56,1.434658,0.49948000
12.57,1.436036,0.49948000
12.58,1.437413,0.49948000
12.59,1.438790,0.49948000
12.60,1.440168,0.49948000
12.61,1.443596,0.49948000
12.62,1.445646,0.49948000
12.63,1.447697,0.49948000
12.64,1.449748,0.49948000
12.65,1.451798,0.49948000
12.66,1.453849,0.49948000
12.67,1.455900,0.49948000
12.68,1.457950,0.49948000
12.69,1.460001,0.49948000
12.70,1.463012,0.49948000
12.71,1.463973,0.49948000
12.72,1.464934,0.49948000
12.73,1.465894,0.49948000
12.74,1.466855,0.49948000
12.75,1.467816,0.49948000
12.76,1.468777,0.49948000
12.77,1.469737,0.49948000
12.78,1.476261,0.49948000
12.79,1.481823,0.49948000
12.80,1.487386,0.49948000
12.81,1.492949,0.49948000
12.82,1.498512,0.49948000
12.83,1.504075,0.49948000
12.84,1.509637,0.49948000
12.85,1.515200,0.49948000
12.86,1.520689,0.49948000
12.87,1.520614,0.49948000
12.88,1.520540,0.49948000
12.89,1.520466,0.49948000
12.90,1.520392,0.49948000
12.91,1.520318,0.49948000
12.92,1.520244,0.49948000
12.93,1.520169,0.49948000
12.94,1.520095,0.49948000
12.95,1.520911,0.49948000
12.96,1.521801,0.49948000
12.97,1.522692,0.49948000
12.98,1.523582,0.49948000
12.99,1.524472,0.49948000
13.00,1.525362,0.49948000
13.01,1.526252,0.49948000
13.02,1.527142,0.49948000
13.03,1.528630,0.49948000
13.04,1.529227,0.49948000
13.05,1.529825,0.49948000
13.06,1.530422,0.49948000
13.07,1.531019,0.49948000
13.08,1.531617,0.49948000
13.09,1.532214,0.49948000
13.10,1.532811,0.49948000
13.11,1.533409,0.49948000
13.12,1.539830,0.49948000
13.13,1.545653,0.49948000
13.14,1.551477,0.49948000
13.15,1.557301,0.49948000
13.16,1.563124,0.49948000
13.17,1.568948,0.49948000
13.18,1.574771,0.49948000
13.19,1.580595,0.49948000
13.20,1.589860,0.49948000
13.21,1.593301,0.49948000
13.22,1.596742,0.49948000
13.23,1.600183,0.49948000
13.24,1.603624,0.49948000
13.25,1.607066,0.49948000
13.26,1.610507,0.49948000
13.27,1.613948,0.49948000
13.28,1.617389,0.49948000
13.29,1.621330,0.49948000
13.30,1.621829,0.49948000
13.31,1.622329,0.49948000
13.32,1.622828,0.49948000
13.33,1.623328,0.49948000
13.34,1.623827,0.49948000
13.35,1.624326,0.49948000
13.36,1.624826,0.49948000
13.37,1.625325,0.49948000
13.38,1.626092,0.49948000
13.39,1.626359,0.49948000
13.40,1.626626,0.49948000
13.41,1.626893,0.49948000
13.42,1.627161,0.49948000
13.43,1.627428,0.49948000
13.44,1.627695,0.49948000
13.45,1.627962,0.49948000
13.46,1.628229,0.49948000
13.47,1.626900,0.49948000
13.48,1.625304,0.49948000
13.49,1.623708,0.49948000
13.50,1.622112,0.49948000
13.51,1.620516,0.49948000
13.52,1.618920,0.49948000
13.53,1.617324,0.49948000
13.54,1.615728,0.49948000
13.55,1.617740,0.49948000
13.56,1.621348,0.49948000
13.57,1.624957,0.49948000
13.58,1.628565,0.49948000
13.59,1.632174,0.49948000
13.60,1.635782,0.49948000
13.61,1.639390,0.49948000
13.62,1.642999,0.49948000
13.63,1.646607,0.49948000
13.64,1.652282,0.49948000
13.65,1.654348,0.49948000
13.66,1.656414,0.49948000
13.67,1.658480,0.49948000
13.68,1.660546,0.49948000
13.69,1.662612,0.49948000
13.70,1.664678,0.49948000
13.71,1.666744,0.49948000
13.72,1.668810,0.49948000
13.73,1.672691,0.49948000
13.74,1.674506,0.49948000
13.75,1.676321,0.49948000
13.76,1.678136,0.49948000
13.77,1.679951,0.49948000
13.78,1.681766,0.49948000
13.79,1.683581,0.49948000
13.80,1.685396,0.49948000
13.81,1.687211,0.49948000
13.82,1.692200,0.49948000
13.83,1.695374,0.49948000
13.84,1.698548,0.49948000
13.85,1.701721,0.49948000
13.86,1.704895,0.49948000
13.87,1.708069,0.49948000
13.88,1.711243,0.49948000
13.89,1.714417,0.49948000
13.90,1.717590,0.49948000
13.91,1.723082,0.49948000
13.92,1.725400,0.49948000
13.93,1.727717,0.49948000
13.94,1.730035,0.49948000
13.95,1.732353,0.49948000
13.96,1.734670,0.49948000
13.97,1.736988,0.49948000
13.98,1.739306,0.49948000
13.99,1.741623,0.49948000
14.00,1.744824,0.49948000
14.01,1.745706,0.49948000
14.02,1.746589,0.49948000
14.03,1.747471,0.49948000
14.04,1.748354,0.49948000
14.05,1.749237,0.49948000
14.06,1.750119,0.49948000
14.07,1.751002,0.49948000
14.08,1.751884,0.49948000
14.09,1.752767,0.49948000
14.10,1.754357,0.49948000
14.11,1.755064,0.49948000
14.12,1.755770,0.49948000
14.13,1.756477,0.49948000
14.14,1.757184,0.49948000
14.15,1.757891,0.49948000
14.16,1.758598,0.49948000
14.17,1.759305,0.49948000
14.18,1.760012,0.49948000
14.19,1.762164,0.49948000
14.20,1.763608,0.49948000
14.21,1.765053,0.49948000
14.22,1.766497,0.49948000
14.23,1.767942,0.49948000
14.24,1.769387,0.49948000
14.25,1.770831,0.49948000
14.26,1.772276,0.49948000
14.27,1.773721,0.49948000
14.28,1.777668,0.49948000
14.29,1.780171,0.49948000
14.30,1.782674,0.49948000
14.31,1.785177,0.49948000
14.32,1.787679,0.49948000
14.33,1.790182,0.49948000
14.34,1.792685,0.49948000
14.35,1.795188,0.49948000
14.36,1.797691,0.49948000
14.37,1.802838,0.49948000
14.38,1.805483,0.49948000
14.39,1.808128,0.49948000
14.40,1.810773,0.49948000
14.41,1.813418,0.49948000
14.42,1.816062,0.49948000
14.43,1.818707,0.49948000
14.44,1.821352,0.49948000
14.45,1.823997,0.49948000
14.46,1.826641,0.49948000
14.47,1.831076,0.49948000
14.48,1.832866,0.49948000
14.49,1.834656,0.49948000
14.50,1.836446,0.49948000
14.51,1.838236,0.49948000
14.52,1.840026,0.49948000
14.53,1.841816,0.49948000
14.54,1.843605,0.49948000
14.55,1.845395,0.49948000
14.56,1.849956,0.49948000
14.57,1.852727,0.49948000
14.58,1.855498,0.49948000
14.59,1.858269,0.49948000
14.60,1.861040,0.49948000
14.61,1.863811,0.49948000
14.62,1.866582,0.49948000
14.63,1.869353,0.49948000
14.64,1.872124,0.49948000
14.65,1.874895,0.49948000
14.66,1.878768,0.49948000
14.67,1.879870,0.49948000
14.68,1.880971,0.49948000
14.69,1.882073,0.49948000
14.70,1.883175,0.49948000
14.71,1.884277,0.49948000
14.72,1.885379,0.49948000
14.73,1.886480,0.49948000
14.74,1.887582,0.49948000
14.75,1.888684,0.49948000
14.76,1.890175,0.49948000
14.77,1.890564,0.49948000
14.78,1.890953,0.49948000
14.79,1.891342,0.49948000
14.80,1.891731,0.49948000
14.81,1.892120,0.49948000
14.82,1.892509,0.49948000
14.83,1.892897,0.49948000
14.84,1.893286,0.49948000
14.85,1.894838,0.49948000
14.86,1.896000,0.49948000
14.87,1.897162,0.49948000
14.88,1.898324,0.49948000
14.89,1.899487,0.49948000
14.90,1.900649,0.49948000
14.91,1.901811,0.49948000
14.92,1.902974,0.49948000
14.93,1.904136,0.49948000
14.94,1.905298,0.49948000
14.95,1.907283,0.49948000
14.96,1.908105,0.49948000
14.97,1.908928,0.49948000
14.98,1.909751,0.49948000
14.99,1.910573,0.49948000
15.00,1.911396,0.49948000
15.01,1.912218,0.49948000
15.02,1.913041,0.49948000
15.03,1.913864,0.49948000
15.04,1.914686,0.49948000
15.05,1.917008,0.49948000
15.06,1.918507,0.49948000
15.07,1.920006,0.49948000
15.08,1.921504,0.49948000
15.09,1.923003,0.49948000
15.10,1.924502,0.49948000
15.11,1.926001,0.49948000
15.12,1.927500,0.49948000
15.13,1.928999,0.49948000
15.14,1.930498,0.49948000
15.15,1.933040,0.49948000
15.16,1.934082,0.49948000
15.17,1.935125,0.49948000
15.18,1.936168,0.49948000
15.19,1.937211,0.49948000
15.20,1.938253,0.49948000
15.21,1.939296,0.49948000
15.22,1.940339,0.49948000
15.23,1.941381,0.49948000
15.24,1.942424,0.49948000
15.25,1.942654,0.49948000
15.26,1.941841,0.49948000
15.27,1.941028,0.49948000
15.28,1.940215,0.49948000
15.29,1.939402,0.49948000
15.30,1.938589,0.49948000
15.31,1.937776,0.49948000
15.32,1.936963,0.49948000
15.33,1.936150,0.49948000
15.34,1.935337,0.49948000
15.35,1.934011,0.49948000
15.36,1.933498,0.49948000
15.37,1.932985,0.49948000
15.38,1.932472,0.49948000
15.39,1.931959,0.49948000
15.40,1.931446,0.49948000
15.41,1.930933,0.49948000
15.42,1.930419,0.49948000
15.43,1.929906,0.49948000
15.44,1.929393,0.49948000
15.45,1.928004,0.49948000
15.46,1.927129,0.49948000
15.47,1.926253,0.49948000
15.48,1.925377,0.49948000
15.49,1.924501,0.49948000
15.50,1.923625,0.49948000
15.51,1.922749,0.49948000
15.52,1.921873,0.49948000
15.53,1.920998,0.49948000
15.54,1.920122,0.49948000
15.55,1.921460,0.49948000
15.56,1.923673,0.49948000
15.57,1.925887,0.49948000
15.58,1.928101,0.49948000
15.59,1.930314,0.49948000
15.60,1.932528,0.49948000
15.61,1.934742,0.49948000
15.62,1.936956,0.49948000
15.63,1.939169,0.49948000
15.64,1.941383,0.49948000
15.65,1.943505,0.49948000
15.66,1.943413,0.49948000
15.67,1.943322,0.49948000
15.68,1.943230,0.49948000
15.69,1.943138,0.49948000
15.70,1.943047,0.49948000
15.71,1.942955,0.49948000
15.72,1.942863,0.49948000
15.73,1.942772,0.49948000
15.74,1.942680,0.49948000
15.75,1.939452,0.49948000
15.76,1.936316,0.49948000
15.77,1.933180,0.49948000
15.78,1.930044,0.49948000
15.79,1.926908,0.49948000
15.80,1.923772,0.49948000
15.81,1.920636,0.49948000
15.82,1.917499,0.49948000
15.83,1.914363,0.49948000
15.84,1.911227,0.49948000
15.85,1.908091,0.49948000
15.86,1.899659,0.49948000
15.87,1.894363,0.49948000
15.88,1.889066,0.49948000
15.89,1.883770,0.49948000
15.90,1.878474,0.49948000
15.91,1.873178,0.49948000
15.92,1.867882,0.49948000
15.93,1.862586,0.49948000
15.94,1.857289,0.49948000
15.95,1.851993,0.49948000
15.96,1.841795,0.49948000
15.97,1.836893,0.49948000
15.98,1.831992,0.49948000
15.99,1.827090,0.49948000
16.00,1.822188,0.49948000
16.01,1.817286,0.49948000
16.02,1.812384,0.49948000
16.03,1.807483,0.49948000
16.04,1.802581,0.49948000
16.05,1.797679,0.49948000
16.06,1.790290,0.49948000
16.07,1.787803,0.49948000
16.08,1.785317,0.49948000
16.09,1.782830,0.49948000
16.10,1.780343,0.49948000
16.11,1.777856,0.49948000
16.12,1.775369,0.49948000
16.13,1.772882,0.49948000
16.14,1.770395,0.49948000
16.15,1.767908,0.49948000
16.16,1.765421,0.49948000
16.17,1.760389,0.49948000
16.18,1.757844,0.49948000
16.19,1.755299,0.49948000
16.20,1.752754,0.49948000
16.21,1.750208,0.49948000
16.22,1.747663,0.49948000
16.23,1.745118,0.49948000
16.24,1.742573,0.49948000
16.25,1.740028,0.49948000
16.26,1.737482,0.49948000
16.27,1.734937,0.49948000
16.28,1.733058,0.49948000
16.29,1.731178,0.49948000
16.30,1.729299,0.49948000
16.31,1.727419,0.49948000
16.32,1.725539,0.49948000
16.33,1.723660,0.49948000
16.34,1.721780,0.49948000
16.35,1.719901,0.49948000
16.36,1.718021,0.49948000
16.37,1.716142,0.49948000
16.38,1.713680,0.49948000
16.39,1.713097,0.49948000
16.40,1.712515,0.49948000
16.41,1.711932,0.49948000
16.42,1.711350,0.49948000
16.43,1.710767,0.49948000
16.44,1.710185,0.49948000
16.45,1.709602,0.49948000
16.46,1.709019,0.49948000
16.47,1.708437,0.49948000
16.48,1.707854,0.49948000
16.49,1.708947,0.49948000
16.50,1.710623,0.49948000
16.51,1.712298,0.49948000
16.52,1.713973,0.49948000
16.53,1.715649,0.49948000
16.54,1.717324,0.49948000
16.55,1.719000,0.49948000
16.56,1.720675,0.49948000
16.57,1.722350,0.49948000
16.58,1.724026,0.49948000
16.59,1.725701,0.49948000
16.60,1.732980,0.49948000
16.61,1.738582,0.49948000
16.62,1.744185,0.49948000
16.63,1.749788,0.49948000
16.64,1.755391,0.49948000
16.65,1.760994,0.49948000
16.66,1.766597,0.49948000
16.67,1.772200,0.49948000
16.68,1.777803,0.49948000
16.69,1.783405,0.49948000
16.70,1.789008,0.49948000
16.71,1.800408,0.49948000
16.72,1.806204,0.49948000
16.73,1.812001,0.49948000
16.74,1.817797,0.49948000
16.75,1.823594,0.49948000
16.76,1.829391,0.49948000
16.77,1.835187,0.49948000
16.78,1.840984,0.49948000
16.79,1.846780,0.49948000
16.80,1.852577,0.49948000
16.81,1.858374,0.49948000
16.82,1.866455,0.49948000
16.83,1.868741,0.49948000
16.84,1.871026,0.49948000
16.85,1.873311,0.49948000
16.86,1.875596,0.49948000
16.87,1.877881,0.49948000
16.88,1.880167,0.49948000
16.89,1.882452,0.49948000
16.90,1.884737,0.49948000
16.91,1.887022,0.49948000
16.92,1.889308,0.49948000
16.93,1.893835,0.49948000
16.94,1.896078,0.49948000
16.95,1.898321,0.49948000
16.96,1.900564,0.49948000
16.97,1.902806,0.49948000
16.98,1.905049,0.49948000
16.99,1.907292,0.49948000
17.00,1.909534,0.49948000
17.01,1.911777,0.49948000
17.02,1.914020,0.49948000
17.03,1.916262,0.49948000
17.04,1.922508,0.49948000
17.05,1.926511,0.49948000
17.06,1.930515,0.49948000
17.07,1.934518,0.49948000
17.08,1.938521,0.49948000
17.09,1.942524,0.49948000
17.10,1.946528,0.49948000
17.11,1.950531,0.49948000
17.12,1.954534,0.49948000
17.13,1.958537,0.49948000
17.14,1.962541,0.49948000
17.15,1.967128,0.49948000
17.16,1.967711,0.49948000
17.17,1.968295,0.49948000
17.18,1.968878,0.49948000
17.19,1.969462,0.49948000
17.20,1.970045,0.49948000
17.21,1.970629,0.49948000
17.22,1.971212,0.49948000
17.23,1.971796,0.49948000
17.24,1.972379,0.49948000
17.25,1.972963,0.49948000
17.26,1.971357,0.49948000
17.27,1.969167,0.49948000
17.28,1.966977,0.49948000
17.29,1.964787,0.49948000
17.30,1.962597,0.49948000
17.31,1.960407,0.49948000
17.32,1.958217,0.49948000
17.33,1.956027,0.49948000
17.34,1.953837,0.49948000
17.35,1.951647,0.49948000
17.36,1.949458,0.49948000
17.37,1.946313,0.49948000
17.38,1.945358,0.49948000
17.39,1.944404,0.49948000
17.40,1.943449,0.49948000
17.41,1.942494,0.49948000
17.42,1.941539,0.49948000
17.43,1.940585,0.49948000
17.44,1.939630,0.49948000
17.45,1.938675,0.49948000
17.46,1.937721,0.49948000
17.47,1.936766,0.49948000
17.48,1.935811,0.49948000
17.49,1.935601,0.49948000
17.50,1.936345,0.49948000
17.51,1.937090,0.49948000
17.52,1.937834,0.49948000
17.53,1.938579,0.49948000
17.54,1.939323,0.49948000
17.55,1.940068,0.49948000
17.56,1.940812,0.49948000
17.57,1.941557,0.49948000
17.58,1.942301,0.49948000
17.59,1.943046,0.49948000
17.60,1.943287,0.49948000
17.61,1.942785,0.49948000
17.62,1.942282,0.49948000
17.63,1.941779,0.49948000
17.64,1.941277,0.49948000
17.65,1.940774,0.49948000
17.66,1.940272,0.49948000
17.67,1.939769,0.49948000
17.68,1.939266,0.49948000
17.69,1.938764,0.49948000
17.70,1.938261,0.49948000
17.71,1.937759,0.49948000
17.72,1.939781,0.49948000
17.73,1.942306,0.49948000
17.74,1.944831,0.49948000
17.75,1.947355,0.49948000
17.76,1.949880,0.49948000
17.77,1.952405,0.49948000
17.78,1.954930,0.49948000
17.79,1.957455,0.49948000
17.80,1.959980,0.49948000
17.81,1.962505,0.49948000
17.82,1.965030,0.49948000
17.83,1.967061,0.49948000
17.84,1.966567,0.49948000
17.85,1.966073,0.49948000
17.86,1.965579,0.49948000
17.87,1.965086,0.49948000
17.88,1.964592,0.49948000
17.89,1.964098,0.49948000
17.90,1.963604,0.49948000
17.91,1.963111,0.49948000
17.92,1.962617,0.49948000
17.93,1.962123,0.49948000
17.94,1.961629,0.49948000
17.95,1.958158,0.49948000
17.96,1.955181,0.49948000
17.97,1.952204,0.49948000
17.98,1.949227,0.49948000
17.99,1.946250,0.49948000
18.00,1.943273,0.49948000
18.01,1.940296,0.49948000
18.02,1.937319,0.49948000
18.03,1.934342,0.49948000
18.04,1.931365,0.49948000
18.05,1.928388,0.49948000
18.06,1.925410,0.49948000
18.07,1.922623,0.49948000
18.08,1.922813,0.49948000
18.09,1.923003,0.49948000
18.10,1.923192,0.49948000
18.11,1.923382,0.49948000
18.12,1.923572,0.49948000
18.13,1.923761,0.49948000
18.14,1.923951,0.49948000
18.15,1.924141,0.49948000
18.16,1.924331,0.49948000
18.17,1.924520,0.49948000
18.18,1.924710,0.49948000
18.19,1.927510,0.49948000
18.20,1.930119,0.49948000
18.21,1.932729,0.49948000
18.22,1.935339,0.49948000
18.23,1.937949,0.49948000
18.24,1.940558,0.49948000
18.25,1.943168,0.49948000
18.26,1.945778,0.49948000
18.27,1.948388,0.49948000
18.28,1.950998,0.49948000
18.29,1.953607,0.49948000
18.30,1.956217,0.49948000
18.31,1.960071,0.49948000
18.32,1.961315,0.49948000
18.33,1.962559,0.49948000
18.34,1.963803,0.49948000
18.35,1.965047,0.49948000
18.36,1.966291,0.49948000
18.37,1.967535,0.49948000
18.38,1.968779,0.49948000
18.39,1.970023,0.49948000
18.40,1.971267,0.49948000
18.41,1.972511,0.49948000
18.42,1.973756,0.49948000
18.43,1.972270,0.49948000
18.44,1.969540,0.49948000
18.45,1.966811,0.49948000
18.46,1.964081,0.49948000
18.47,1.961351,0.49948000
18.48,1.958622,0.49948000
18.49,1.955892,0.49948000
18.50,1.953163,0.49948000
18.51,1.950433,0.49948000
18.52,1.947703,0.49948000
18.53,1.944974,0.49948000
18.54,1.942244,0.49948000
18.55,1.937418,0.49948000
18.56,1.935322,0.49948000
18.57,1.933226,0.49948000
18.58,1.931130,0.49948000
18.59,1.929034,0.49948000
18.60,1.926938,0.49948000
18.61,1.924842,0.49948000
18.62,1.922746,0.49948000
18.63,1.920649,0.49948000
18.64,1.918553,0.49948000
18.65,1.916457,0.49948000
18.66,1.914361,0.49948000
18.67,1.912963,0.49948000
18.68,1.913661,0.49948000
18.69,1.914359,0.49948000
18.70,1.915057,0.49948000
18.71,1.915756,0.49948000
18.72,1.916454,0.49948000
18.73,1.917152,0.49948000
18.74,1.917850,0.49948000
18.75,1.918548,0.49948000
18.76,1.919246,0.49948000
18.77,1.919944,0.49948000
18.78,1.920642,0.49948000
18.79,1.923485,0.49948000
18.80,1.925630,0.49948000
18.81,1.927774,0.49948000
18.82,1.929919,0.49948000
18.83,1.932063,0.49948000
18.84,1.934208,0.49948000
18.85,1.936353,0.49948000
18.86,1.938497,0.49948000
18.87,1.940642,0.49948000
18.88,1.942786,0.49948000
18.89,1.944931,0.49948000
18.90,1.947076,0.49948000
18.91,1.950013,0.49948000
18.92,1.950806,0.49948000
18.93,1.951598,0.49948000
18.94,1.952391,0.49948000
18.95,1.953184,0.49948000
18.96,1.953976,0.49948000
18.97,1.954769,0.49948000
18.98,1.955561,0.49948000
18.99,1.956354,0.49948000
19.00,1.957147,0.49948000
19.01,1.957939,0.49948000
19.02,1.958732,0.49948000
19.03,1.959525,0.49948000
19.04,1.960879,0.49948000
19.05,1.961440,0.49948000
19.06,1.962001,0.49948000
19.07,1.962563,0.49948000
19.08,1.963124,0.49948000
19.09,1.963685,0.49948000
19.10,1.964247,0.49948000
19.11,1.964808,0.49948000
19.12,1.965369,0.49948000
19.13,1.965930,0.49948000
19.14,1.966492,0.49948000
19.15,1.967053,0.49948000
19.16,1.966727,0.49948000
19.17,1.965840,0.49948000
19.18,1.964953,0.49948000
19.19,1.964066,0.49948000
19.20,1.963178,0.49948000
19.21,1.962291,0.49948000
19.22,1.961404,0.49948000
19.23,1.960517,0.49948000
19.24,1.959630,0.49948000
19.25,1.958743,0.49948000
19.26,1.957855,0.49948000
19.27,1.956968,0.49948000
19.28,1.956081,0.49948000
19.29,1.952525,0.49948000
19.30,1.949856,0.49948000
19.31,1.947187,0.49948000
19.32,1.944518,0.49948000
19.33,1.941849,0.49948000
19.34,1.939180,0.49948000
19.35,1.936512,0.49948000
19.36,1.933843,0.49948000
19.37,1.931174,0.49948000
19.38,1.928505,0.49948000
19.39,1.925836,0.49948000
19.40,1.923167,0.49948000
19.41,1.920498,0.49948000
19.42,1.924740,0.49948000
19.43,1.931650,0.49948000
19.44,1.938560,0.49948000
19.45,1.945471,0.49948000
19.46,1.952381,0.49948000
19.47,1.959292,0.49948000
19.48,1.966202,0.49948000
19.49,1.973112,0.49948000
19.50,1.980023,0.49948000
19.51,1.986933,0.49948000
19.52,1.993844,0.49948000
19.53,2.000754,0.49948000
19.54,2.012618,0.49948000
19.55,2.017571,0.49948000
19.56,2.022524,0.49948000
19.57,2.027477,0.49948000
19.58,2.032430,0.49948000
19.59,2.037383,0.49948000
19.60,2.042336,0.49948000
19.61,2.047289,0.49948000
19.62,2.052242,0.49948000
19.63,2.057195,0.49948000
19.64,2.062148,0.49948000
19.65,2.067102,0.49948000
19.66,2.072055,0.49948000
19.67,2.075920,0.49948000
19.68,2.074832,0.49948000
19.69,2.073744,0.49948000
19.70,2.072657,0.49948000
19.71,2.071569,0.49948000
19.72,2.070481,0.49948000
19.73,2.069393,0.49948000
19.74,2.068305,0.49948000
19.75,2.067218,0.49948000
19.76,2.066130,0.49948000
19.77,2.065042,0.49948000
19.78,2.063954,0.49948000
19.79,2.062866,0.49948000
19.80,2.057272,0.49948000
19.81,2.052766,0.49948000
19.82,2.048259,0.49948000
19.83,2.043753,0.49948000
19.84,2.039246,0.49948000
19.85,2.034740,0.49948000
19.86,2.030234,0.49948000
19.87,2.025727,0.49948000
19.88,2.021221,0.49948000
19.89,2.016714,0.49948000
19.90,2.012208,0.49948000
19.91,2.007702,0.49948000
19.92,2.003195,0.49948000
19.93,1.998689,0.49948000
19.94,1.998689,0.49948000
19.95,1.998689,0.49948000
19.96,1.998689,0.49948000
19.97,1.998689,0.49948000
19.98,1.998689,0.49948000
19.99,1.998689,0.49948000
20.00,1.998689,0.49948000
20.01,1.998689,0.49948000
