wl,Al2O3_k
3.10152e-06,8.93886e-12
3.12186e-06,9.02444e-12
3.14233e-06,9.10947e-12
3.16294e-06,9.19394e-12
3.18369e-06,9.27787e-12
3.20457e-06,9.36124e-12
3.22558e-06,9.44408e-12
3.24674e-06,9.52637e-12
3.26803e-06,9.60813e-12
3.28946e-06,9.70052e-12
3.31104e-06,9.79522e-12
3.33275e-06,9.8893e-12
3.35461e-06,9.98277e-12
3.37661e-06,1.00756e-11
3.39875e-06,1.01679e-11
3.42104e-06,1.02595e-11
3.44348e-06,1.03506e-11
3.46606e-06,1.04411e-11
3.4888e-06,1.05309e-11
3.51168e-06,1.06292e-11
3.53471e-06,1.07332e-11
3.55789e-06,1.08365e-11
3.58122e-06,1.09391e-11
3.60471e-06,1.10411e-11
3.62835e-06,1.11424e-11
3.65215e-06,1.1243e-11
3.6761e-06,1.1343e-11
3.70021e-06,1.14423e-11
3.72448e-06,1.1541e-11
3.7489e-06,1.16453e-11
3.77349e-06,1.17593e-11
3.79824e-06,1.18726e-11
3.82315e-06,1.19851e-11
3.84822e-06,1.20969e-11
3.87346e-06,1.22079e-11
3.89886e-06,1.23182e-11
3.92443e-06,1.24278e-11
3.95017e-06,1.25367e-11
3.97608e-06,1.26449e-11
4.00215e-06,1.27556e-11
4.0284e-06,1.28809e-11
4.05482e-06,1.30054e-11
4.08141e-06,1.31291e-11
4.10818e-06,1.3252e-11
4.13512e-06,1.33741e-11
4.16224e-06,1.34954e-11
4.18954e-06,1.36159e-11
4.21702e-06,1.37357e-11
4.24467e-06,1.38546e-11
4.27251e-06,1.39728e-11
4.30053e-06,1.41095e-11
4.32874e-06,1.4246e-11
4.35713e-06,1.43816e-11
4.3857e-06,1.45164e-11
4.41447e-06,1.46503e-11
4.44342e-06,1.47833e-11
4.47256e-06,1.49154e-11
4.50189e-06,1.50467e-11
4.53142e-06,1.51771e-11
4.56113e-06,1.53066e-11
4.59105e-06,1.54521e-11
4.62116e-06,1.5602e-11
4.65147e-06,1.57509e-11
4.68197e-06,1.58988e-11
4.71268e-06,1.60457e-11
4.74358e-06,1.61917e-11
4.77469e-06,1.63368e-11
4.80601e-06,1.64809e-11
4.83753e-06,1.6624e-11
4.86925e-06,1.67663e-11
4.90119e-06,1.6921e-11
4.93333e-06,1.70856e-11
4.96569e-06,1.72492e-11
4.99825e-06,1.74117e-11
5.03103e-06,1.75732e-11
5.06403e-06,1.77336e-11
5.09724e-06,1.7893e-11
5.13067e-06,1.80513e-11
5.16432e-06,1.82086e-11
5.19819e-06,1.83648e-11
5.23228e-06,1.85292e-11
5.2666e-06,1.87097e-11
5.30114e-06,1.88892e-11
5.3359e-06,1.90674e-11
5.3709e-06,1.92445e-11
5.40612e-06,1.94204e-11
5.44158e-06,1.95952e-11
5.47726e-06,1.97688e-11
5.51319e-06,1.99413e-11
5.54934e-06,2.01127e-11
5.58574e-06,2.0287e-11
5.62237e-06,2.04856e-11
5.65925e-06,2.06829e-11
5.69636e-06,2.08789e-11
5.73372e-06,2.10736e-11
5.77132e-06,2.12671e-11
5.80917e-06,2.14593e-11
5.84727e-06,2.16502e-11
5.88562e-06,2.18399e-11
5.92422e-06,2.20284e-11
5.96307e-06,2.22156e-11
6.00218e-06,2.24315e-11
6.04155e-06,2.26482e-11
6.08117e-06,2.28635e-11
6.12105e-06,2.30774e-11
6.16119e-06,2.32899e-11
6.2016e-06,2.3501e-11
6.24227e-06,2.37108e-11
6.28321e-06,2.39192e-11
6.32442e-06,2.41262e-11
6.3659e-06,2.43319e-11
6.40765e-06,2.45619e-11
6.44967e-06,2.48003e-11
6.49197e-06,2.50372e-11
6.53455e-06,2.52725e-11
6.5774e-06,2.55063e-11
6.62054e-06,2.57386e-11
6.66396e-06,2.59693e-11
6.70767e-06,2.61985e-11
6.75166e-06,2.64263e-11
6.79594e-06,2.66526e-11
6.84051e-06,2.68977e-11
6.88537e-06,2.71604e-11
6.93053e-06,2.74213e-11
6.97598e-06,2.76806e-11
7.02173e-06,2.79382e-11
7.06778e-06,2.81941e-11
7.11413e-06,2.84483e-11
7.16079e-06,2.87009e-11
7.20775e-06,2.89519e-11
7.25502e-06,2.92012e-11
7.30261e-06,2.94623e-11
7.3505e-06,2.9752e-11
7.39871e-06,3.00399e-11
7.44723e-06,3.03258e-11
7.49607e-06,3.061e-11
7.54523e-06,3.08922e-11
7.59472e-06,3.11726e-11
7.64453e-06,3.14512e-11
7.69466e-06,3.1728e-11
7.74513e-06,3.2003e-11
7.79592e-06,3.2281e-11
7.84705e-06,3.26007e-11
7.89851e-06,3.29183e-11
7.95031e-06,3.32338e-11
8.00246e-06,3.35473e-11
8.05494e-06,3.38587e-11
8.10777e-06,3.41681e-11
8.16094e-06,3.44755e-11
8.21446e-06,3.47809e-11
8.26833e-06,3.50843e-11
8.32256e-06,3.53857e-11
8.37714e-06,3.57341e-11
8.43208e-06,3.6086e-11
8.48738e-06,3.64357e-11
8.54305e-06,3.67831e-11
8.59908e-06,3.71282e-11
8.65547e-06,3.74711e-11
8.71224e-06,3.78117e-11
8.76938e-06,3.81501e-11
8.82689e-06,3.84863e-11
8.88478e-06,3.88203e-11
8.94305e-06,3.91943e-11
9.0017e-06,3.9585e-11
9.06074e-06,3.99731e-11
9.12016e-06,4.03588e-11
9.17997e-06,4.07419e-11
9.24018e-06,4.11226e-11
9.30078e-06,4.15007e-11
9.36178e-06,4.18764e-11
9.42317e-06,4.22497e-11
9.48497e-06,4.26205e-11
9.54718e-06,4.30219e-11
9.60979e-06,4.34568e-11
9.67282e-06,4.38887e-11
9.73626e-06,4.43179e-11
9.80011e-06,4.47443e-11
9.86438e-06,4.51679e-11
9.92908e-06,4.55887e-11
9.99419e-06,4.60068e-11
1.00597e-05,4.64222e-11
1.01257e-05,4.68349e-11
1.01921e-05,4.72664e-11
1.0259e-05,4.77528e-11
1.03262e-05,4.8236e-11
1.0394e-05,4.87161e-11
1.04621e-05,4.9193e-11
1.05308e-05,4.96669e-11
1.05998e-05,5.01376e-11
1.06693e-05,5.06053e-11
1.07393e-05,5.107e-11
1.08097e-05,5.15316e-11
1.08806e-05,5.19959e-11
1.0952e-05,5.25415e-11
1.10238e-05,5.30836e-11
1.10961e-05,5.36221e-11
1.11689e-05,5.4157e-11
1.12421e-05,5.46885e-11
1.13159e-05,5.52166e-11
1.13901e-05,5.57412e-11
1.14648e-05,5.62624e-11
1.154e-05,5.67801e-11
1.16157e-05,5.72946e-11
1.16918e-05,5.78953e-11
1.17685e-05,5.8507e-11
1.18457e-05,5.91147e-11
1.19234e-05,5.97185e-11
1.20016e-05,6.03183e-11
1.20803e-05,6.09143e-11
1.21595e-05,6.15063e-11
1.22393e-05,6.20945e-11
1.23195e-05,6.26789e-11
1.24003e-05,6.32594e-11
1.24817e-05,6.39151e-11
1.25635e-05,6.46088e-11
1.26459e-05,6.52981e-11
1.27289e-05,6.59828e-11
1.28123e-05,6.66631e-11
1.28964e-05,6.7339e-11
1.29809e-05,6.80105e-11
1.30661e-05,6.86776e-11
1.31518e-05,6.93403e-11
1.3238e-05,6.99987e-11
1.33248e-05,7.07162e-11
1.34122e-05,7.15087e-11
1.35002e-05,7.22959e-11
1.35887e-05,7.30781e-11
1.36778e-05,7.38552e-11
1.37676e-05,7.46271e-11
1.38578e-05,7.53941e-11
1.39487e-05,7.61561e-11
1.40402e-05,7.69131e-11
1.41323e-05,7.76651e-11
1.4225e-05,7.84521e-11
1.43183e-05,7.93631e-11
1.44122e-05,8.02681e-11
1.45067e-05,8.11672e-11
1.46018e-05,8.20604e-11
1.46976e-05,8.29479e-11
1.4794e-05,8.38295e-11
1.4891e-05,8.47054e-11
1.49887e-05,8.55756e-11
1.5087e-05,8.64401e-11
1.51859e-05,8.73048e-11
1.52855e-05,8.83614e-11
1.53858e-05,8.94111e-11
1.54867e-05,9.04539e-11
1.55882e-05,9.149e-11
1.56905e-05,9.25193e-11
1.57934e-05,9.3542e-11
1.58969e-05,9.45579e-11
1.60012e-05,9.55673e-11
1.61061e-05,9.657e-11
1.62118e-05,9.75663e-11
1.63181e-05,9.87573e-11
1.64251e-05,9.99843e-11
1.65328e-05,1.01203e-10
1.66413e-05,1.02414e-10
1.67504e-05,1.03618e-10
1.68603e-05,1.04813e-10
1.69708e-05,1.06001e-10
1.70821e-05,1.07181e-10
1.71942e-05,1.08353e-10
1.73069e-05,1.09517e-10
1.74204e-05,1.10858e-10
1.75347e-05,1.12305e-10
1.76497e-05,1.13742e-10
1.77654e-05,1.1517e-10
1.7882e-05,1.16589e-10
1.79992e-05,1.17998e-10
1.81173e-05,1.19399e-10
1.82361e-05,1.2079e-10
1.83557e-05,1.22172e-10
1.84761e-05,1.23545e-10
1.85973e-05,1.25059e-10
1.87192e-05,1.26782e-10
1.8842e-05,1.28493e-10
1.89656e-05,1.30193e-10
1.90899e-05,1.31882e-10
1.92151e-05,1.3356e-10
1.93412e-05,1.35227e-10
1.9468e-05,1.36883e-10
1.95957e-05,1.38528e-10
1.97242e-05,1.40163e-10
1.98536e-05,1.41878e-10
1.99838e-05,1.43947e-10
2.01148e-05,1.46002e-10
2.02467e-05,1.48044e-10
2.03795e-05,1.50072e-10
2.05132e-05,1.52087e-10
2.06477e-05,1.54089e-10
2.07831e-05,1.56078e-10
2.09194e-05,1.58054e-10
2.10566e-05,1.60018e-10
2.11947e-05,1.61968e-10
2.13337e-05,1.64472e-10
2.14736e-05,1.66964e-10
2.16145e-05,1.69439e-10
2.17562e-05,1.71899e-10
2.18989e-05,1.74343e-10
2.20425e-05,1.7677e-10
2.21871e-05,1.79182e-10
2.23326e-05,1.81578e-10
2.24791e-05,1.83959e-10
2.26265e-05,1.86324e-10
2.27749e-05,1.89238e-10
2.29243e-05,1.92287e-10
2.30746e-05,1.95316e-10
2.32259e-05,1.98326e-10
2.33783e-05,2.01315e-10
2.35316e-05,2.04286e-10
2.36859e-05,2.07237e-10
2.38413e-05,2.10169e-10
2.39976e-05,2.13081e-10
2.4155e-05,2.15975e-10
2.43134e-05,2.19377e-10
2.44729e-05,2.2314e-10
2.46334e-05,2.26878e-10
2.47949e-05,2.30593e-10
2.49575e-05,2.34283e-10
2.51212e-05,2.37948e-10
2.5286e-05,2.4159e-10
2.54518e-05,2.45209e-10
2.56187e-05,2.48803e-10
2.57868e-05,2.52375e-10
2.59559e-05,2.56354e-10
2.61261e-05,2.61036e-10
2.62974e-05,2.65688e-10
2.64699e-05,2.70309e-10
2.66435e-05,2.74901e-10
2.68182e-05,2.79462e-10
2.69941e-05,2.83994e-10
2.71712e-05,2.88496e-10
2.73494e-05,2.92969e-10
2.75287e-05,2.97412e-10
2.77093e-05,3.02071e-10
2.7891e-05,3.07943e-10
2.80739e-05,3.13776e-10
2.8258e-05,3.19572e-10
2.84434e-05,3.25329e-10
2.86299e-05,3.31049e-10
2.88177e-05,3.36732e-10
2.90067e-05,3.42378e-10
2.91969e-05,3.47987e-10
2.93884e-05,3.53559e-10
2.95811e-05,3.59096e-10
2.97751e-05,3.66428e-10
2.99704e-05,3.73797e-10
3.0167e-05,3.81117e-10
3.03648e-05,3.88389e-10
3.0564e-05,3.95614e-10
3.07644e-05,4.02792e-10
3.09662e-05,4.09924e-10
3.11693e-05,4.17008e-10
3.13737e-05,4.24047e-10
3.15794e-05,4.3104e-10
3.17865e-05,4.39841e-10
3.1995e-05,4.49204e-10
3.22048e-05,4.58505e-10
3.24161e-05,4.67746e-10
3.26286e-05,4.76927e-10
3.28426e-05,4.86048e-10
3.3058e-05,4.9511e-10
3.32748e-05,5.04112e-10
3.34931e-05,5.13056e-10
3.37127e-05,5.21941e-10
3.39338e-05,5.32511e-10
3.41564e-05,5.44478e-10
3.43804e-05,5.56368e-10
3.46059e-05,5.6818e-10
3.48328e-05,5.79915e-10
3.50613e-05,5.91573e-10
3.52912e-05,6.03156e-10
3.55227e-05,6.14663e-10
3.57556e-05,6.26095e-10
3.59901e-05,6.37452e-10
3.62262e-05,6.49473e-10
3.64638e-05,6.62872e-10
3.67029e-05,6.76185e-10
3.69436e-05,6.89411e-10
3.71859e-05,7.0255e-10
3.74298e-05,7.15604e-10
3.76753e-05,7.28573e-10
3.79223e-05,7.41458e-10
3.8171e-05,7.54258e-10
3.84214e-05,7.66975e-10
3.86734e-05,7.80134e-10
3.8927e-05,7.96776e-10
3.91823e-05,8.13309e-10
3.94393e-05,8.29735e-10
3.96979e-05,8.46054e-10
3.99583e-05,8.62267e-10
4.02203e-05,8.78373e-10
4.04841e-05,8.94375e-10
4.07496e-05,9.10273e-10
4.10169e-05,9.26067e-10
4.12859e-05,9.41758e-10
4.15567e-05,9.60298e-10
4.18292e-05,9.78208e-10
4.21035e-05,9.96876e-10
4.23797e-05,1.01574e-09
4.26576e-05,1.03523e-09
4.29374e-05,1.05506e-09
4.3219e-05,1.07536e-09
4.35024e-05,1.09614e-09
4.37877e-05,1.11708e-09
4.40749e-05,1.13836e-09
4.43639e-05,1.15982e-09
4.46549e-05,1.18206e-09
4.49478e-05,1.20433e-09
4.52425e-05,1.22753e-09
4.55393e-05,1.25062e-09
4.58379e-05,1.27526e-09
4.61385e-05,1.29974e-09
4.64411e-05,1.3248e-09
4.67457e-05,1.34977e-09
4.70523e-05,1.38122e-09
4.73609e-05,1.41423e-09
4.76715e-05,1.44828e-09
4.79841e-05,1.48272e-09
4.82988e-05,1.51853e-09
4.86156e-05,1.55536e-09
4.89344e-05,1.593e-09
4.92554e-05,1.63176e-09
4.95784e-05,1.67118e-09
4.99035e-05,1.71233e-09
5.02308e-05,1.7538e-09
5.05603e-05,1.79735e-09
5.08918e-05,1.84086e-09
5.12256e-05,1.88681e-09
5.15616e-05,1.93245e-09
5.18997e-05,1.98116e-09
5.22401e-05,2.02967e-09
5.25827e-05,2.08084e-09
5.29276e-05,2.13222e-09
5.32747e-05,2.18586e-09
5.36241e-05,2.2401e-09
5.39758e-05,2.29619e-09
5.43298e-05,2.35331e-09
5.46861e-05,2.41209e-09
5.50447e-05,2.47256e-09
5.54057e-05,2.53439e-09
5.57691e-05,2.59868e-09
5.61349e-05,2.66378e-09
5.6503e-05,2.73191e-09
5.68736e-05,2.80027e-09
5.72466e-05,2.87224e-09
5.7622e-05,2.94386e-09
5.79999e-05,3.01968e-09
5.83803e-05,3.095e-09
5.87632e-05,3.17508e-09
5.91486e-05,3.25518e-09
5.95365e-05,3.33936e-09
5.99269e-05,3.42424e-09
6.032e-05,3.51253e-09
6.07156e-05,3.60218e-09
6.11138e-05,3.69483e-09
6.15146e-05,3.78975e-09
6.1918e-05,3.8871e-09
6.23241e-05,3.98776e-09
6.27328e-05,4.08987e-09
6.31442e-05,4.19582e-09
6.35584e-05,4.3026e-09
6.39752e-05,4.41478e-09
6.43948e-05,4.5269e-09
6.48171e-05,4.6458e-09
6.52422e-05,4.76392e-09
6.56701e-05,4.88925e-09
6.61008e-05,5.01405e-09
6.65343e-05,5.14554e-09
6.69706e-05,5.27751e-09
6.74099e-05,5.41549e-09
6.7852e-05,5.55511e-09
6.82969e-05,5.69994e-09
6.87449e-05,5.84769e-09
6.91957e-05,5.99995e-09
6.96495e-05,6.15679e-09
7.01063e-05,6.31646e-09
7.05661e-05,6.48146e-09
7.10289e-05,6.64856e-09
7.14947e-05,6.82362e-09
7.19636e-05,6.99929e-09
7.24356e-05,7.18443e-09
7.29106e-05,7.36869e-09
7.33888e-05,7.56487e-09
7.38701e-05,7.75977e-09
7.43546e-05,7.96572e-09
7.48422e-05,8.17161e-09
7.53331e-05,8.38775e-09
7.58271e-05,8.60559e-09
7.63244e-05,8.8323e-09
7.6825e-05,9.06257e-09
7.73288e-05,9.30045e-09
7.7836e-05,9.54412e-09
7.83465e-05,9.79366e-09
7.88603e-05,1.00512e-08
7.93775e-05,1.03131e-08
7.98981e-05,1.0586e-08
8.04221e-05,1.0861e-08
8.09495e-05,1.11497e-08
8.14804e-05,1.14382e-08
8.20148e-05,1.17432e-08
8.25527e-05,1.20463e-08
8.30941e-05,1.23679e-08
8.3639e-05,1.26882e-08
8.41876e-05,1.30257e-08
8.47397e-05,1.33646e-08
8.52954e-05,1.37189e-08
8.58548e-05,1.40774e-08
8.64179e-05,1.44493e-08
8.69847e-05,1.48289e-08
8.75551e-05,1.5219e-08
8.81294e-05,1.56201e-08
8.87073e-05,1.60293e-08
8.92891e-05,1.64533e-08
8.98747e-05,1.68825e-08
9.04641e-05,1.73316e-08
9.10574e-05,1.77821e-08
9.16546e-05,1.8257e-08
9.22557e-05,1.87296e-08
9.28608e-05,1.92315e-08
9.34698e-05,1.973e-08
9.40828e-05,2.02578e-08
9.46998e-05,2.07854e-08
9.53209e-05,2.1339e-08
9.5946e-05,2.18968e-08
9.65753e-05,2.24774e-08
9.72087e-05,2.30672e-08
9.78462e-05,2.36766e-08
9.84879e-05,2.43009e-08
9.91338e-05,2.49401e-08
9.9784e-05,2.55999e-08
0.000100438,2.62702e-08
0.000101097,2.69683e-08
0.00010176,2.76717e-08
0.000102428,2.84101e-08
0.000103099,2.91479e-08
0.000103775,2.99286e-08
0.000104456,3.07041e-08
0.000105141,3.15275e-08
0.000105831,3.23474e-08
0.000106525,3.32113e-08
0.000107223,3.40786e-08
0.000107927,3.49849e-08
0.000108634,3.59018e-08
0.000109347,3.68524e-08
0.000110064,3.7822e-08
0.000110786,3.88193e-08
0.000111512,3.98449e-08
0.000112244,4.08909e-08
0.00011298,4.1975e-08
0.000113721,4.30718e-08
0.000114467,4.42182e-08
0.000115217,4.53684e-08
0.000115973,4.65801e-08
0.000116734,4.77858e-08
0.000117499,4.90672e-08
0.00011827,5.03402e-08
0.000119045,5.16865e-08
0.000119826,5.30325e-08
0.000120612,5.44449e-08
0.000121403,5.58684e-08
0.000122199,5.73495e-08
0.000123001,5.88538e-08
0.000123807,6.04072e-08
0.000124619,6.19981e-08
0.000125437,6.36268e-08
0.000126259,6.53073e-08
0.000127087,6.70146e-08
0.000127921,6.8792e-08
0.00012876,7.05826e-08
0.000129604,7.24612e-08
0.000130454,7.43383e-08
0.00013131,7.63245e-08
0.000132171,7.82977e-08
0.000133038,8.03922e-08
0.00013391,8.24781e-08
0.000134789,8.46746e-08
0.000135673,8.68795e-08
0.000136562,8.91837e-08
0.000137458,9.15153e-08
0.000138359,9.39312e-08
0.000139267,9.63949e-08
0.00014018,9.89277e-08
0.0001411,1.01532e-07
0.000142025,1.04187e-07
0.000142956,1.06939e-07
0.000143894,1.09723e-07
0.000144838,1.12633e-07
0.000145788,1.15551e-07
0.000146744,1.18626e-07
0.000147706,1.21686e-07
0.000148675,1.24935e-07
0.00014965,1.28163e-07
0.000150631,1.31576e-07
0.000151619,1.34989e-07
0.000152614,1.38567e-07
0.000153614,1.42172e-07
0.000154622,1.45922e-07
0.000155636,1.49732e-07
0.000156657,1.53664e-07
0.000157684,1.5769e-07
0.000158718,1.61813e-07
0.000159759,1.66068e-07
0.000160807,1.70389e-07
0.000161862,1.74886e-07
0.000162923,1.79415e-07
0.000163992,1.84166e-07
0.000165067,1.88913e-07
0.00016615,1.93934e-07
0.000167239,1.98922e-07
0.000168336,2.04213e-07
0.00016944,2.09482e-07
0.000170551,2.15029e-07
0.00017167,2.20597e-07
0.000172796,2.26412e-07
0.000173929,2.32294e-07
0.00017507,2.38389e-07
0.000176218,2.44605e-07
0.000177374,2.50993e-07
0.000178537,2.57559e-07
0.000179708,2.64254e-07
0.000180886,2.71191e-07
0.000182073,2.78207e-07
0.000183267,2.85537e-07
0.000184469,2.92889e-07
0.000185679,3.00631e-07
0.000186896,3.08334e-07
0.000188122,3.16513e-07
0.000189356,3.2464e-07
0.000190598,3.33224e-07
0.000191848,3.41807e-07
0.000193106,3.50804e-07
0.000194372,3.59871e-07
0.000195647,3.693e-07
0.00019693,3.78876e-07
0.000198222,3.88758e-07
0.000199522,3.98874e-07
0.00020083,4.09228e-07
0.000202147,4.19913e-07
0.000203473,4.30759e-07
0.000204808,4.42036e-07
0.000206151,4.53397e-07
0.000207503,4.6532e-07
0.000208864,4.77231e-07
0.000210234,4.89813e-07
0.000211612,5.02313e-07
0.000213,5.15566e-07
0.000214397,5.28766e-07
0.000215803,5.42654e-07
0.000217218,5.56593e-07
0.000218643,5.71142e-07
0.000220077,5.85861e-07
0.00022152,6.01106e-07
0.000222973,6.16651e-07
0.000224436,6.32628e-07
0.000225907,6.49049e-07
0.000227389,6.65784e-07
0.00022888,6.83113e-07
0.000230381,7.00636e-07
0.000231892,7.18932e-07
0.000233413,7.37283e-07
0.000234944,7.56601e-07
0.000236485,7.7582e-07
0.000238036,7.96219e-07
0.000239597,8.16484e-07
0.000241168,8.37881e-07
0.00024275,8.59273e-07
0.000244342,8.81683e-07
0.000245944,9.04263e-07
0.000247557,9.27736e-07
0.000249181,9.51574e-07
0.000250815,9.76161e-07
0.00025246,1.00133e-06
0.000254116,1.02707e-06
0.000255782,1.05362e-06
0.00025746,1.08057e-06
0.000259148,1.10861e-06
0.000260848,1.13683e-06
0.000262559,1.16642e-06
0.000264281,1.19597e-06
0.000266014,1.22719e-06
0.000267759,1.2582e-06
0.000269515,1.29107e-06
0.000271282,1.3238e-06
0.000273061,1.35822e-06
0.000274852,1.39278e-06
0.000276655,1.42882e-06
0.000278469,1.46527e-06
0.000280295,1.503e-06
0.000282134,1.54146e-06
0.000283984,1.58096e-06
0.000285847,1.62154e-06
0.000287721,1.66289e-06
0.000289608,1.7057e-06
0.000291508,1.74898e-06
0.000293419,1.79415e-06
0.000295344,1.83945e-06
0.000297281,1.8871e-06
0.00029923,1.93451e-06
0.000301193,1.98479e-06
0.000303168,2.03473e-06
0.000305156,2.08743e-06
0.000307158,2.14012e-06
0.000309172,2.1953e-06
0.0003112,2.2509e-06
0.000313241,2.30862e-06
0.000315295,2.3672e-06
0.000317363,2.42759e-06
0.000319444,2.48937e-06
0.000321539,2.55256e-06
0.000323648,2.6177e-06
0.000325771,2.6838e-06
0.000327907,2.75248e-06
0.000330058,2.82162e-06
0.000332222,2.89404e-06
0.000334401,2.96636e-06
0.000336594,3.0427e-06
0.000338802,3.11855e-06
0.000341024,3.19883e-06
0.00034326,3.2788e-06
0.000345512,3.36276e-06
0.000347778,3.44701e-06
0.000350059,3.53484e-06
0.000352354,3.62366e-06
0.000354665,3.71551e-06
0.000356991,3.80911e-06
0.000359332,3.90517e-06
0.000361689,4.00379e-06
0.000364061,4.10423e-06
0.000366449,4.20816e-06
0.000368852,4.31318e-06
0.000371271,4.4227e-06
0.000373706,4.53252e-06
0.000376157,4.64795e-06
0.000378624,4.76278e-06
0.000381107,4.88433e-06
0.000383607,5.00509e-06
0.000386122,5.13235e-06
0.000388655,5.25958e-06
0.000391204,5.39263e-06
0.000393769,5.52665e-06
0.000396352,5.66576e-06
0.000398951,5.80693e-06
0.000401568,5.95235e-06
0.000404201,6.10106e-06
0.000406852,6.25305e-06
0.00040952,6.40964e-06
0.000412206,6.56846e-06
0.00041491,6.73333e-06
0.000417631,6.89928e-06
0.00042037,7.07295e-06
0.000423127,7.24638e-06
0.000425902,7.4292e-06
0.000428695,7.61083e-06
0.000431506,7.80281e-06
0.000434336,7.99403e-06
0.000437185,8.19462e-06
0.000440052,8.3959e-06
0.000442938,8.60548e-06
0.000445843,8.81735e-06
0.000448767,9.03633e-06
0.00045171,9.25937e-06
0.000454673,9.48815e-06
0.000457655,9.72293e-06
0.000460656,9.96185e-06
0.000463677,1.02088e-05
0.000466718,1.04582e-05
0.000469779,1.07181e-05
0.00047286,1.09785e-05
0.000475961,1.12519e-05
0.000479083,1.15238e-05
0.000482225,1.18114e-05
0.000485387,1.20971e-05
0.000488571,1.23978e-05
0.000491775,1.26984e-05
0.000495,1.30124e-05
0.000498247,1.33286e-05
0.000501514,1.36565e-05
0.000504803,1.3989e-05
0.000508114,1.43312e-05
0.000511446,1.46807e-05
0.000514801,1.50377e-05
0.000518177,1.54053e-05
0.000521575,1.57778e-05
0.000524996,1.61643e-05
0.000528439,1.65531e-05
0.000531905,1.69593e-05
0.000535393,1.73648e-05
0.000538905,1.77917e-05
0.000542439,1.82158e-05
0.000545996,1.86634e-05
0.000549577,1.91092e-05
0.000553182,1.95762e-05
0.00055681,2.00446e-05
0.000560461,2.05317e-05
0.000564137,2.10238e-05
0.000567837,2.15319e-05
0.000571561,2.20492e-05
0.000575309,2.25788e-05
0.000579082,2.31215e-05
0.00058288,2.36735e-05
0.000586703,2.42438e-05
0.000590551,2.48194e-05
0.000594424,2.54183e-05
0.000598322,2.60183e-05
0.000602246,2.66467e-05
0.000606196,2.72717e-05
0.000610172,2.7927e-05
0.000614173,2.85781e-05
0.000618201,2.92531e-05
0.000622256,2.99269e-05
0.000626337,3.06353e-05
0.000630444,3.13499e-05
0.000634579,3.20906e-05
0.000638741,3.28418e-05
0.00064293,3.36146e-05
0.000647147,3.44044e-05
0.000651391,3.52109e-05
0.000655663,3.60413e-05
0.000659963,3.6883e-05
0.000664291,3.77559e-05
0.000668648,3.86341e-05
0.000673033,3.95518e-05
0.000677447,4.0468e-05
0.00068189,4.14328e-05
0.000686362,4.23913e-05
0.000690863,4.34029e-05
0.000695394,4.44104e-05
0.000699955,4.54619e-05
0.000704546,4.65161e-05
0.000709166,4.76082e-05
0.000713817,4.87102e-05
0.000718499,4.98381e-05
0.000723211,5.09803e-05
0.000727954,5.21469e-05
0.000732728,5.33393e-05
0.000737534,5.45518e-05
0.000742371,5.58037e-05
0.000747239,5.70674e-05
0.00075214,5.83817e-05
0.000757073,5.96986e-05
0.000762038,6.10783e-05
0.000767036,6.24505e-05
0.000772066,6.38993e-05
0.00077713,6.53386e-05
0.000782226,6.68506e-05
0.000787356,6.83619e-05
0.00079252,5.4878e-05
0.000797718,3.73083e-05
0.00080295,3.04703e-05
0.000808216,3.12741e-05
0.000813516,3.20727e-05
0.000818851,3.2866e-05
0.000824222,3.36542e-05
0.000829627,3.46025e-05
0.000835068,3.56744e-05
0.000840545,3.67393e-05
0.000846058,3.77972e-05
0.000851606,3.88483e-05
0.000857191,3.98925e-05
0.000862813,4.09299e-05
0.000868472,4.19606e-05
0.000874168,4.29845e-05
0.000879901,4.40018e-05
0.000885671,4.50203e-05
0.00089148,4.66641e-05
0.000897327,4.82971e-05
0.000903212,4.99194e-05
0.000909135,5.15312e-05
0.000915098,5.31325e-05
0.000921099,5.47234e-05
0.00092714,5.63039e-05
0.000933221,5.78741e-05
0.000939341,5.9434e-05
0.000945501,6.09838e-05
0.000951702,6.25235e-05
0.000957944,6.40532e-05
0.000964227,6.55729e-05
0.00097055,6.70827e-05
0.000976915,6.85827e-05
0.000983322,7.00728e-05
0.000989771,7.15533e-05
0.000996263,7.30242e-05
0.0010028,7.44854e-05
0.00100937,7.59371e-05
0.00101599,7.73794e-05
0.00102266,7.88123e-05
0.00102936,8.02358e-05
0.00103611,8.24404e-05
0.00104291,8.55534e-05
0.00104975,8.86462e-05
0.00105663,9.17189e-05
0.00106356,9.47715e-05
0.00107054,9.78042e-05
0.00107756,0.000100817
0.00108463,0.000103811
0.00109174,0.000106784
0.0010989,0.000109739
0.00110611,0.000112674
0.00111336,0.00011559
0.00112066,0.000118487
0.00112801,0.000121365
0.00113541,0.000124225
0.00114286,0.000127066
0.00115035,0.000129888
0.0011579,0.000132692
0.00116549,0.000135478
0.00117313,0.000138245
0.00118083,0.000140995
0.00118857,0.000143726
0.00119637,0.00014644
0.00120421,0.000149136
0.00121211,0.000151815
0.00122006,0.000154476
0.00122806,0.000157119
0.00123612,0.000159746
0.00124422,0.000164191
0.00125238,0.000170295
0.0012606,0.000176359
0.00126886,0.000182383
0.00127719,0.000188369
0.00128556,0.000194315
0.00129399,0.000200223
0.00130248,0.000206092
0.00131102,0.000211923
0.00131962,0.000217716
0.00132827,0.000223471
0.00133699,0.000229189
0.00134575,0.000234869
0.00135458,0.000240512
0.00136346,0.000246119
0.00137241,0.000251689
0.00138141,0.000257223
0.00139047,0.00026272
0.00139959,0.000268182
0.00140877,0.000273609
0.001418,0.000279
0.0014273,0.000284356
0.00143666,0.000289676
0.00144609,0.000294963
0.00145557,0.000300215
0.00146512,0.000305432
0.00147473,0.000310616
0.0014844,0.000315766
0.00149413,0.000320882
0.00150393,0.000325965
0.0015138,0.000331015
0.00152372,0.000336032
0.00153372,0.000341016
0.00154378,0.000345968
0.0015539,0.00035531
0.00156409,0.000371652
0.00157435,0.000387888
0.00158467,0.000404017
0.00159507,0.000420042
0.00160553,0.000435962
0.00161606,0.000451779
0.00162666,0.000467492
0.00163732,0.000483103
0.00164806,0.000498613
0.00165887,0.000514021
0.00166975,0.000529329
0.0016807,0.000544537
0.00169172,0.000559646
0.00170282,0.000574657
0.00171399,0.000589569
0.00172523,0.000604385
0.00173654,0.000619104
0.00174793,0.000633727
0.00175939,0.000648255
0.00177093,0.000662689
0.00178255,0.000677028
0.00179424,0.000691274
0.00180601,0.000705427
0.00181785,0.000719487
0.00182977,0.000733456
0.00184177,0.000747335
0.00185385,0.000761122
0.00186601,0.00077482
0.00187825,0.000788429
0.00189057,0.000801949
0.00190296,0.000815381
0.00191544,0.000828725
0.00192801,0.000841982
0.00194065,0.000855153
0.00195338,0.000868239
0.00196619,0.000881238
0.00197908,0.000894154
0.00199206,0.000906985
0.00200513,0.000919732
0.00201828,0.000932397
0.00203152,0.000944979
0.00204484,0.000957479
0.00205825,0.000969897
0.00207175,0.000971411
0.00208534,0.000958323
0.00209901,0.000945321
0.00211278,0.000932404
0.00212663,0.000919571
0.00214058,0.000906821
0.00215462,0.000894154
0.00216875,0.00088157
0.00218297,0.000869068
0.00219729,0.000856648
0.0022117,0.000844308
0.00222621,0.000832049
0.00224081,0.000819869
0.0022555,0.000806022
0.0022703,0.000776942
0.00228519,0.000748051
0.00230017,0.000719348
0.00231526,0.000690832
0.00233044,0.000662502
0.00234573,0.000634356
0.00236111,0.000606394
0.0023766,0.000578614
0.00239218,0.000551015
0.00240787,0.000523596
0.00242366,0.000496356
0.00243956,0.000469293
0.00245556,0.000442406
0.00247166,0.000415695
0.00248787,0.000407173
0.00250419,0.000417792
0.00252061,0.000428342
0.00253714,0.000438824
0.00255378,0.000449237
0.00257053,0.000459582
0.00258739,0.00046986
0.00260436,0.000480071
0.00262144,0.000490215
0.00263863,0.000500294
0.00265594,0.000510306
0.00267335,0.000520254
0.00269089,0.000530136
0.00270853,0.000539954
0.0027263,0.000549708
0.00274418,0.000559399
0.00276218,0.000569027
0.00278029,0.000578591
0.00279852,0.000588094
0.00281688,0.000597534
0.00283535,0.000606913
0.00285395,0.000616231
0.00287266,0.000625488
0.0028915,0.000634685
0.00291047,0.000643822
0.00292956,0.0006529
0.00294877,0.000661918
0.00296811,0.000670877
0.00298757,0.000679779
0.00300717,0.000688622
0.00302689,0.000697407
0.00304674,0.000706135
0.00306672,0.000714807
0.00308684,0.000723422
0.00310708,0.000738331
0.00312746,0.000764951
0.00314797,0.000791398
0.00316861,0.000817673
0.00318939,0.000843776
0.00321031,0.000869709
0.00323137,0.000895474
0.00325256,0.00092107
0.00327389,0.0009465
0.00329536,0.000971763
0.00331697,0.000996863
0.00333873,0.0010218
0.00336062,0.00104657
0.00338266,0.00107118
0.00340485,0.00109564
0.00342718,0.00111993
0.00344966,0.00114406
0.00347228,0.00116804
0.00349505,0.00119186
0.00351797,0.00121552
0.00354105,0.00123903
0.00356427,0.00126491
0.00358765,0.00129072
0.00361117,0.00131636
0.00363486,0.00134183
0.0036587,0.00136714
0.00368269,0.00139228
0.00370684,0.00141726
0.00373115,0.00144208
0.00375563,0.00146674
0.00378026,0.00149123
0.00380505,0.00151557
0.00383,0.00153974
0.00385512,0.00156376
0.0038804,0.00158763
0.00390585,0.00161133
0.00393147,0.00163489
0.00395725,0.00165829
0.00398321,0.00168153
0.00400933,0.00170463
0.00403562,0.00172757
0.00406209,0.00175037
0.00408873,0.00177301
0.00411555,0.00179551
0.00414254,0.00183005
0.00416971,0.00188663
0.00419705,0.00194286
0.00422458,0.00199871
0.00425229,0.0020542
0.00428017,0.00210933
0.00430824,0.0021641
0.0043365,0.00221851
0.00436494,0.00227257
0.00439357,0.00232628
0.00442238,0.00237963
0.00445138,0.00243264
0.00448058,0.00248531
0.00450996,0.00253763
0.00453954,0.00258961
0.00456931,0.00264125
0.00459928,0.00269255
0.00462944,0.00274352
0.00465981,0.00279416
0.00469037,0.00284447
0.00472113,0.00289445
0.00475209,0.0029441
0.00478326,0.00299343
0.00481463,0.00304244
0.0048462,0.00309113
0.00487799,0.0031395
0.00490998,0.00318756
0.00494218,0.00323531
0.00497459,0.00329243
0.00500722,0.00335965
0.00504006,0.00342642
0.00507311,0.00349277
0.00510638,0.00355868
0.00513987,0.00362415
0.00517358,0.00368921
0.00520751,0.00375384
0.00524166,0.00381805
0.00527604,0.00388184
0.00531064,0.00394521
0.00534547,0.00400817
0.00538053,0.00407072
0.00541582,0.00413287
0.00545133,0.0041946
0.00548709,0.00425594
0.00552307,0.00431688
0.00555929,0.00437742
0.00559575,0.00443756
0.00563245,0.00449731
0.00566939,0.00455668
0.00570657,0.00461566
0.005744,0.00467425
0.00578167,0.00473246
0.00581959,0.00479029
0.00585776,0.00484775
0.00589617,0.00490483
0.00593484,0.00496154
0.00597377,0.00501788
0.00601294,0.00507385
0.00605238,0.00512945
0.00609207,0.0051847
0.00613203,0.00523958
0.00617224,0.00529411
0.00621272,0.00536886
0.00625347,0.00548325
0.00629448,0.00559689
0.00633576,0.0057098
0.00637731,0.00582196
0.00641914,0.0059334
0.00646124,0.00604411
0.00650361,0.0061541
0.00654627,0.00626337
0.0065892,0.00637193
0.00663241,0.00647978
0.00667591,0.00658693
0.00671969,0.00669339
0.00676376,0.00679914
0.00680812,0.00690421
0.00685277,0.0070086
0.00689772,0.00712397
0.00694295,0.00728091
0.00698849,0.00743682
0.00703432,0.00759172
0.00708045,0.00774561
0.00712689,0.00789849
0.00717363,0.00805038
0.00722068,0.00820128
0.00726803,0.0083512
0.0073157,0.00850013
0.00736368,0.0086481
0.00741197,0.00879511
0.00746058,0.00894116
0.00750951,0.00908625
0.00755876,0.0092304
0.00760834,0.00937361
0.00765823,0.00951589
0.00770846,0.00965724
0.00775901,0.00980157
0.0078099,0.00996075
0.00786112,0.0101189
0.00791268,0.010276
0.00796457,0.0104321
0.0080168,0.0105872
0.00806938,0.0107412
0.0081223,0.0108943
0.00817557,0.0110464
0.00822919,0.0111974
0.00828316,0.0113622
0.00833748,0.0115574
0.00839216,0.0117513
0.0084472,0.011944
0.0085026,0.0121354
0.00855837,0.0123255
0.0086145,0.0125145
0.00867099,0.0127021
0.00872786,0.0128886
0.0087851,0.0130739
0.00884272,0.0132579
0.00890071,0.0133705
0.00895908,0.0134615
0.00901784,0.0136037
0.00907698,0.013783
0.00913651,0.0139607
0.00919643,0.0141363
0.00925675,0.0143177
0.00931746,0.014602
0.00937856,0.0148845
0.00944007,0.0151651
0.00950198,0.0154439
0.0095643,0.015739
0.00962703,0.0160555
0.00969016,0.01637
0.00975371,0.0166823
0.00981768,0.0169927
0.00988207,0.0173677
0.00994688,0.0177757
0.0100121,0.0181165
0.0100778,0.0181987
0.0101439,0.0182803
0.0102104,0.01836
0.0102774,0.0184388
0.0103448,0.018565
0.0104126,0.0188611
0.0104809,0.0191553
0.0105496,0.0194476
0.0106188,0.019738
0.0106885,0.0200265
0.0107586,0.0203131
0.0108291,0.0207026
0.0109001,0.0211352
0.0109716,0.021565
0.0110436,0.021992
0.011116,0.0224162
0.0111889,0.0228377
0.0112623,0.0232564
0.0113362,0.0238361
0.0114105,0.0244311
0.0114853,0.0250222
0.0115607,0.0256095
0.0116365,0.026193
0.0117128,0.0267726
0.0117896,0.0273485
0.0118669,0.0280748
0.0119448,0.0288516
0.0120231,0.0296234
0.012102,0.0303901
0.0121813,0.0311518
0.0122612,0.0319085
0.0123416,0.0326604
0.0124226,0.0333287
0.012504,0.0337894
0.012586,0.0342472
0.0126686,0.0345649
0.0127517,0.0344092
0.0128353,0.0342546
0.0129195,0.0341009
0.0130042,0.0332458
0.0130895,0.032392
0.0131753,0.0315437
0.0132618,0.0308215
0.0133487,0.0301287
0.0134363,0.0294404
0.0135244,0.0288764
0.0136131,0.0284342
0.0137024,0.0285036
0.0137922,0.0286742
0.0138827,0.0292183
0.0139737,0.0298308
0.0140654,0.0305172
0.0141576,0.0312531
0.0142505,0.0320029
0.0143439,0.0325555
0.014438,0.033075
0.0145327,0.0334659
0.014628,0.0338354
0.014724,0.0341739
0.0148205,0.0345372
0.0149177,0.0349142
0.0150155,0.035634
0.015114,0.0364508
0.0152131,0.0384242
0.0153129,0.0404882
0.0154133,0.043288
0.0155144,0.0442823
0.0156162,0.0424218
0.0157186,0.039053
0.0158217,0.0369394
0.0159255,0.0370416
0.0160299,0.0385994
0.016135,0.0350565
0.0162408,0.0302831
0.0163474,0.0299365
0.0164546,0.0303263
0.0165625,0.0307484
0.0166711,0.0312705
0.0167804,0.0318607
0.0168905,0.0324369
0.0170013,0.0330077
0.0171128,0.033568
0.017225,0.0341252
0.017338,0.0346902
0.0174517,0.0352516
0.0175661,0.0358092
0.0176813,0.0363633
0.0177973,0.0370021
0.017914,0.0376658
0.0180315,0.0383251
0.0181498,0.0389802
0.0182688,0.039631
0.0183886,0.0402775
0.0185092,0.0409198
0.0186306,0.041558
0.0187528,0.042192
0.0188758,0.0428218
0.0189996,0.0434476
0.0191242,0.0441791
0.0192496,0.0450487
0.0193758,0.0459125
0.0195029,0.0467708
0.0196308,0.0476235
0.0197596,0.0484706
0.0198892,0.0493122
0.0200196,0.0501483
0.0201509,0.0509789
0.020283,0.0518042
0.0204161,0.052624
0.02055,0.0534386
0.0206847,0.054308
0.0208204,0.0554393
0.0209569,0.0565633
0.0210944,0.05768
0.0212327,0.0587893
0.021372,0.0598915
0.0215122,0.0609865
0.0216532,0.0620743
0.0217952,0.0631551
0.0219382,0.0642288
0.0220821,0.0652955
0.0222269,0.0663553
0.0223727,0.0674081
0.0225194,0.0684541
0.0226671,0.0696951
0.0228157,0.0709606
0.0229654,0.0722179
0.023116,0.073467
0.0232676,0.074708
0.0234202,0.0759409
0.0235738,0.0771657
0.0237284,0.0783826
0.023884,0.0795915
0.0240406,0.0807926
0.0241983,0.0819858
0.024357,0.0831713
0.0245168,0.084349
0.0246775,0.0855191
0.0248394,0.0867908
0.0250023,0.088394
0.0251663,0.0899868
0.0253313,0.0915692
0.0254975,0.0931413
0.0256647,0.0947031
0.025833,0.0962547
0.0260024,0.0977963
0.0261729,0.0993278
0.0263446,0.100849
0.0265174,0.102361
0.0266913,0.103863
0.0268663,0.105355
0.0270425,0.106837
0.0272199,0.10831
0.0273984,0.109773
0.0275781,0.111339
0.027759,0.113503
0.027941,0.115653
0.0281243,0.117788
0.0283087,0.11991
0.0284944,0.122019
0.0286812,0.124113
0.0288693,0.126194
0.0290587,0.128261
0.0292493,0.130315
0.0294411,0.132355
0.0296342,0.134382
0.0298285,0.136396
0.0300241,0.138397
0.0302211,0.140384
0.0304193,0.142359
0.0306188,0.144321
0.0308196,0.14627
0.0310217,0.148308
0.0312251,0.151178
0.0314299,0.154029
0.0316361,0.156861
0.0318435,0.159675
0.0320524,0.162471
0.0322626,0.165249
0.0324742,0.168008
0.0326872,0.170749
0.0329015,0.173473
0.0331173,0.176179
0.0333345,0.178867
0.0335531,0.181537
0.0337732,0.184191
0.0339947,0.186826
0.0342176,0.189445
0.034442,0.192047
0.0346679,0.194632
0.0348953,0.1972
0.0351241,0.199751
0.0353545,0.202285
0.0355864,0.205583
0.0358198,0.209166
0.0360547,0.212725
0.0362911,0.216261
0.0365291,0.219775
0.0367687,0.223265
0.0370099,0.226733
0.0372526,0.230178
0.0374969,0.2336
0.0377428,0.237
0.0379903,0.240379
0.0382395,0.243735
0.0384903,0.247069
0.0387427,0.250381
0.0389968,0.253672
0.0392526,0.256942
0.03951,0.26019
0.0397691,0.263417
0.0400299,0.266623
0.0402925,0.269808
0.0405567,0.272973
0.0408227,0.276116
0.0410904,0.27924
0.0413599,0.282489
0.0416312,0.286886
0.0419042,0.291256
0.042179,0.295596
0.0424556,0.299909
0.0427341,0.304193
0.0430143,0.308449
0.0432965,0.312678
0.0435804,0.316879
0.0438662,0.321053
0.0441539,0.3252
0.0444435,0.330395
0.044735,0.336387
0.0450284,0.34234
0.0453237,0.348255
0.0456209,0.35413
0.0459201,0.359968
0.0462213,0.365767
0.0465244,0.371528
0.0468295,0.377252
0.0471367,0.382939
0.0474458,0.388589
0.047757,0.394989
0.0480702,0.404217
0.0483854,0.413386
0.0487028,0.422495
0.0490222,0.431544
0.0493437,0.440534
0.0496673,0.449466
0.049993,0.45834
0.0503209,0.467156
0.0506509,0.475914
0.0509831,0.484616
0.0513175,0.49326
0.130688,0.496756
0.131545,0.491728
0.132408,0.486379
0.133276,0.482239
0.13415,0.474311
0.13503,0.467595
0.135916,0.463554
0.136807,0.456284
0.137704,0.452621
0.138608,0.446251
0.139517,0.443327
0.140432,0.439517
0.141353,0.437451
0.14228,0.434299
0.143213,0.423834
0.144152,0.420293
0.145097,0.411467
0.146049,0.401021
0.147007,0.402444
0.147971,0.374117
0.148941,0.382395
0.149918,0.360816
0.150901,0.356425
0.151891,0.34808
0.152887,0.332252
0.15389,0.32189
0.154899,0.306085
0.155915,0.294952
0.156938,0.280703
0.157967,0.269013
0.159003,0.253579
0.160046,0.240139
0.161095,0.22577
0.162152,0.212829
0.163215,0.197553
0.164286,0.183593
0.165363,0.169672
0.166448,0.155357
0.167539,0.140084
0.168638,0.12779
0.169744,0.117511
0.170857,0.105735
0.171978,0.0939894
0.173106,0.0830588
0.174241,0.0716937
0.175384,0.0583285
0.176534,0.0491961
0.177692,0.0447218
0.178857,0.0379142
0.18003,0.0303324
0.181211,0.022861
0.182399,0.016911
0.183595,0.0127254
0.1848,0.00951847
0.186012,0.00836834
0.187231,0.00785672
0.188459,0.00734843
0.189695,0.00684346
0.190939,0.00653579
0.192192,0.00629305
0.193452,0.00605188
0.194721,0.00581229
0.195998,0.00567224
0.197283,0.0055605
0.198577,0.00544949
0.19988,0.0053392
0.20119,0.00522963
0.20251,0.00512077
0.203838,0.00501263
0.205175,0.00488712
0.20652,0.00473241
0.207875,0.00458582
0.209238,0.00444675
0.210611,0.00431468
0.211992,0.00418915
0.213382,0.00406967
0.214782,0.00395587
0.21619,0.00384737
0.217608,0.0037439
0.219035,0.00364508
0.220472,0.00355061
0.221918,0.00346023
0.223373,0.0033737
0.224838,0.00329076
0.226313,0.00321124
0.227797,0.00313494
0.229291,0.00306165
0.230794,0.00299125
0.232308,0.00292355
0.233832,0.00285841
0.235365,0.00279571
0.236909,0.00273532
0.238463,0.00267715
0.240026,0.00262104
0.241601,0.00256689
0.243185,0.00251462
0.24478,0.00246413
0.246385,0.00241534
0.248001,0.00236816
0.249628,0.00232254
0.251265,0.00227838
0.252913,0.00223561
0.254572,0.0021942
0.256241,0.00215407
0.257922,0.00211519
0.259613,0.00207748
0.261316,0.00204091
0.26303,0.00200539
0.264755,0.00197091
0.266491,0.00193742
0.268239,0.00190489
0.269998,0.00187326
0.271769,0.0018425
0.273551,0.0018126
0.275345,0.00178349
0.277151,0.00175517
0.278969,0.00172758
0.280798,0.00170074
0.28264,0.00167458
0.284493,0.0016491
0.286359,0.00162425
0.288237,0.00160003
0.290128,0.0015764
0.29203,0.00155335
0.293946,0.00153086
0.295873,0.0015089
0.297814,0.00148747
0.299767,0.00146654
0.301733,0.00144608
0.303712,0.00142611
0.305704,0.00140658
0.307709,0.0013875
0.309727,0.00136884
0.311758,0.00135059
0.313803,0.00133274
0.315861,0.00131527
0.317932,0.00129818
0.320017,0.00128146
0.322116,0.00126507
0.324229,0.00124903
0.326355,0.00123333
0.328495,0.00121794
0.33065,0.00120286
0.332818,0.00118809
0.335001,0.00117361
0.337198,0.00115942
0.339409,0.00114549
0.341635,0.00113185
0.343876,0.00111845
0.346131,0.00110532
0.348401,0.00109243
0.350686,0.00107979
0.352986,0.00106736
0.355301,0.00105518
0.357631,0.00104321
0.359977,0.00103146
0.362338,0.00101993
0.364714,0.00100859
0.367106,0.000997459
0.369514,0.000986516
0.371937,0.000975766
0.374376,0.000965195
0.376832,0.000954811
0.379303,0.000944595
0.381791,0.000934557
0.384294,0.000924681
0.386815,0.000914967
0.389352,0.000905414
0.391905,0.000896016
0.394475,0.000886774
0.397063,0.000877676
0.399667,0.000868723
0.402288,0.000859911
0.404926,0.000851235
0.407582,0.000842698
0.410255,0.00083429
0.412945,0.000826011
0.415654,0.000817858
0.41838,0.000809828
0.421124,0.000801916
0.423885,0.000794128
0.426665,0.000786451
0.429464,0.00077889
0.43228,0.000771435
0.435115,0.000764089
0.437969,0.000756853
0.440841,0.000749718
0.443732,0.000742684
0.446643,0.000735748
0.449572,0.000728912
0.45252,0.000722168
0.455488,0.000715518
0.458475,0.00070896
0.461482,0.000702493
0.464509,0.000696114
0.467555,0.000689822
0.470622,0.000683618
0.473708,0.000677491
0.476815,0.000671447
0.479942,0.000665484
0.48309,0.000659599
0.486258,0.000653789
0.489447,0.000648057
0.492657,0.000642397
0.495888,0.00063681
0.49914,0.000631297
0.502414,0.00062585
0.505709,0.000620478
0.509025,0.000615171
0.512364,0.000609929
0.515724,0.000604754
0.519106,0.000599641
0.522511,0.000594594
0.525937,0.000589606
0.529387,0.00058468
0.532859,0.000579814
0.536353,0.00057501
0.539871,0.000570262
0.543412,0.000565571
0.546975,0.000560936
0.550563,0.000556356
0.554173,0.000551831
0.557808,0.000547358
0.561466,0.000542939
0.565149,0.000538572
0.568855,0.000534255
0.572586,0.00052999
0.576341,0.000525772
0.580121,0.000521605
0.583925,0.000517487
0.587755,0.000513412
0.59161,0.000509387
0.59549,0.000505408
0.599395,0.000501473
0.603326,0.000497585
0.607283,0.000493737
0.611266,0.000489937
0.615275,0.000486176
0.61931,0.000482459
0.623372,0.000478786
0.62746,0.000475151
0.631575,0.000471557
0.635717,0.000468005
0.639886,0.000464489
0.644083,0.000461014
0.648307,0.000457579
0.652559,0.000454179
0.656839,0.000450819
0.661146,0.000447497
0.665482,0.000444209
0.669847,0.000440959
0.67424,0.000437744
0.678662,0.000434563
0.683113,0.000431421
0.687593,0.000428309
0.692102,0.000425235
0.696641,0.000422194
0.70121,0.000419184
0.705809,0.000416209
0.710438,0.000413267
0.715097,0.000410357
0.719787,0.000407478
0.724508,0.000404632
0.729259,0.000401817
0.734042,0.000399033
0.738856,0.000396281
0.743702,0.000393557
0.748579,0.000390866
0.753489,0.000388203
0.75843,0.000385571
0.763404,0.000382967
0.768411,0.000380394
0.773451,0.00037785
0.778523,0.000375334
0.783629,0.000372846
0.788768,0.000370388
0.793941,0.000367955
0.799148,0.000365552
0.804389,0.000363176
0.809665,0.000360826
0.814975,0.000358506
0.82032,0.000356212
0.8257,0.000353947
0.831115,0.000351705
0.836566,0.00034949
0.842052,0.000347303
0.847575,0.000345142
0.853133,0.000343007
0.858729,0.000340897
0.86436,0.000338815
0.870029,0.000336758
0.875735,0.000334725
0.881478,0.000332718
0.88726,0.000330738
0.893078,0.00032878
0.898936,0.000326852
0.904831,0.000324945
0.910765,0.000323065
0.916738,0.000321208
0.922751,0.000319378
0.928802,0.000317572
0.934894,0.00031579
0.941025,0.000314032
0.947197,0.000312301
0.953409,0.000310592
0.959662,0.000308909
0.965955,0.000307251
0.972291,0.000305615
0.978667,0.000304007
0.985086,0.00030242
0.991546,0.00030086
0.998049,0.000299325
1.00459,0.000297812
1.01118,0.000296324
1.01781,0.000294861
1.02449,0.000293423
1.03121,0.000292008
1.03797,0.000290619
1.04478,0.000289253
1.05163,0.000287912
1.05853,0.000286596
1.06547,0.000285305
1.07246,0.000284039
1.07949,0.000282797
1.08657,0.000281581
1.0937,0.000280389
1.10087,0.000279223
1.10809,0.000278081
1.11536,0.000276966
1.12267,0.000275875
1.13004,0.00027481
1.13745,0.000273771
1.14491,0.000272757
1.15242,0.000271768
1.15997,0.000270807
1.16758,0.000269872
1.17524,0.000268963
1.18295,0.000268081
1.1907,0.000267225
1.19851,0.000266397
1.20637,0.000265595
1.21428,0.00026482
1.22225,0.000264074
1.23026,0.000263354
1.23833,0.000262662
1.24645,0.000261999
1.25463,0.000261364
1.26286,0.000260758
1.27114,0.000260182
1.27948,0.000259634
1.28787,0.000259115
1.29631,0.000258626
1.30482,0.000258167
1.31337,0.000257738
1.32199,0.00025734
1.33066,0.000256973
1.33938,0.000256636
1.34817,0.000256332
1.35701,0.00025606
1.36591,0.00025582
1.37487,0.000255611
1.38388,0.000255438
1.39296,0.000255297
1.4021,0.000255189
1.41129,0.000255117
1.42055,0.000255079
1.42986,0.000255076
1.43924,0.000255108
1.44868,0.000255176
1.45818,0.000255281
1.46774,0.000255422
1.47737,0.000255601
1.48706,0.000255819
1.49681,0.000256075
1.50663,0.00025637
1.51651,0.000256705
1.52646,0.000257079
1.53647,0.000257494
1.54654,0.000257952
1.55669,0.00025845
1.5669,0.000258991
1.57717,0.000259575
1.58752,0.000260203
1.59793,0.000260876
1.60841,0.000261593
1.61895,0.000262356
1.62957,0.000263168
1.64026,0.000264027
1.65102,0.000264933
1.66185,0.000265889
1.67274,0.000266894
1.68371,0.000267949
1.69476,0.000269055
1.70587,0.000270215
1.71706,0.000271426
1.72832,0.000272693
1.73966,0.000274013
1.75106,0.00027539
1.76255,0.000276824
1.77411,0.000278317
1.78574,0.000279869
1.79746,0.000281479
1.80924,0.000283151
1.82111,0.000284885
1.83305,0.000286681
1.84507,0.000288543
1.85718,0.000290469
1.86936,0.000292462
1.88162,0.000294523
1.89396,0.000296652
1.90638,0.000298853
1.91888,0.000301125
1.93146,0.00030347
1.94413,0.000305891
1.95688,0.000308388
1.96972,0.000310961
1.98263,0.000313612
1.99564,0.000316344
2.00872,0.000319158
2.0219,0.000322054
2.03516,0.000325035
2.04851,0.000328103
2.06194,0.000331258
2.07546,0.000334505
2.08908,0.000337844
2.10278,0.000341278
2.11657,0.000344806
2.13045,0.000348431
2.14442,0.000352156
2.15848,0.000355982
2.17264,0.00035991
2.18689,0.000363944
2.20123,0.000368085
2.21567,0.000372336
2.2302,0.000376697
2.24483,0.000381173
2.25955,0.00038577
2.27437,0.000390483
2.28928,0.000395319
2.3043,0.000400277
2.31941,0.000405363
2.33462,0.000410578
2.34993,0.000415923
2.36534,0.000421403
2.38086,0.000427021
2.39647,0.000432778
2.41219,0.000438679
2.42801,0.000444723
2.44393,0.000450919
2.45996,0.00045727
2.47609,0.000463777
2.49233,0.000470444
2.50868,0.000477271
2.52513,0.000484266
2.54169,0.00049143
2.55836,0.000498766
2.57514,0.000506279
2.59203,0.000513973
2.60903,0.00052185
2.62614,0.000529919
2.64336,0.000538178
2.6607,0.000546634
2.67815,0.000555297
2.69571,0.000564165
2.71339,0.000573243
2.73119,0.000582539
2.7491,0.000592053
2.76713,0.000601793
2.78528,0.000611761
2.80354,0.000621964
2.82193,0.00063241
2.84044,0.000643098
2.85907,0.000654038
2.87782,0.000665237
2.89669,0.000676696
2.91569,0.000688434
2.93481,0.000700443
2.95406,0.000712738
2.97343,0.000725318
2.99293,0.000738191
3.01256,0.000751367
3.03232,0.000764852
3.0522,0.000778649
3.07222,0.000792774
3.09237,0.000807225
3.11265,0.000822015
3.13307,0.00083715
3.15361,0.000852639
3.1743,0.000868505
3.19511,0.000884736
3.21607,0.000901349
3.23716,0.000918349
3.25839,0.000935748
3.27976,0.000953564
3.30127,0.000971789
3.32292,0.000990435
3.34471,0.00100953
3.36665,0.00102907
3.38873,0.00104906
3.41095,0.00106953
3.43332,0.0010905
3.45584,0.00111195
3.47851,0.00113391
3.50132,0.0011564
3.52428,0.00117942
3.5474,0.00120298
3.57066,0.0012271
3.59408,0.00125179
3.61765,0.00127707
3.64138,0.00130295
3.66526,0.00132945
3.6893,0.00135657
3.71349,0.00138435
3.73785,0.00141281
3.76236,0.00144194
3.78703,0.00147178
3.81187,0.00150234
3.83687,0.00153364
3.86203,0.00156569
3.88736,0.00159851
3.91286,0.00163213
3.93852,0.00166656
3.96435,0.00170184
3.99035,0.00173798
4.01652,0.00177499
4.04286,0.0018129
4.06938,0.00185177
4.09606,0.00189162
4.12293,0.00193242
4.14997,0.00197425
4.17718,0.00201709
4.20458,0.002061
4.23215,0.00210601
4.25991,0.00215213
4.28785,0.00219942
4.31597,0.00224787
4.34428,0.00229755
4.37277,0.00234849
4.40144,0.00240071
4.43031,0.00243292
4.45937,0.00250106
4.48861,0.00257156
4.51805,0.00264452
4.54768,0.00272005
4.57751,0.00279825
4.60753,0.00287923
4.63775,0.00296309
4.66816,0.00304997
4.69878,0.00313999
4.72959,0.00323327
4.76061,0.00332995
4.79183,0.00343024
4.82326,0.00353426
4.85489,0.00364215
4.88673,0.00375406
4.91878,0.00387017
4.95104,0.00399066
4.98351,0.00411572
5.01619,0.00424555
5.04909,0.00438035
5.08221,0.00452035
5.11554,0.00466578
5.14909,0.00481687
5.18286,0.00497388
5.21685,0.00513722
5.25106,0.00530706
5.2855,0.00548366
5.32016,0.00566735
5.35506,0.00585844
5.39018,0.00605728
5.42553,0.00626422
5.46111,0.00647964
5.49692,0.00670394
5.53298,0.00693753
5.56926,0.00718085
5.60579,0.00743436
5.64255,0.00769858
5.67956,0.00797425
5.71681,0.00826167
5.7543,0.00856143
5.79204,0.00887411
5.83003,0.00920034
5.86826,0.0095408
5.90675,0.00989619
5.94549,0.0102672
5.98448,0.0106548
6.02373,0.0110595
6.06323,0.0114825
6.103,0.0119245
6.14302,0.0123867
6.18331,0.0128703
6.22386,0.0133762
6.26468,0.0139054
6.30577,0.0144591
6.34712,0.0150388
6.38875,0.0156456
6.43065,0.0162811
6.47282,0.0169468
6.51527,0.0176443
6.558,0.0183752
6.60101,0.0191415
6.64431,0.019945
6.68788,0.0207883
6.73174,0.0216735
6.77589,0.0226025
6.82033,0.0235777
6.86506,0.0246017
6.91008,0.0256773
6.9554,0.0268073
7.00102,0.0279949
7.04693,0.0292432
7.09315,0.0305558
7.13967,0.0319364
7.18649,0.0333889
7.23363,0.0349175
7.28107,0.0365281
7.32882,0.0382247
7.37688,0.0400118
7.42526,0.0418949
7.47396,0.0438796
7.52298,0.0459721
7.57232,0.0481789
7.62198,0.050507
7.67197,0.0529636
7.72228,0.0555568
7.77293,0.0582949
7.8239,0.0611869
7.87522,0.0642425
7.92686,0.067476
7.97885,0.0708949
8.03118,0.0745109
8.08385,0.0783365
8.13687,0.0823852
8.19023,0.0866713
8.24395,0.0912102
8.29801,0.0960184
8.35243,0.101114
8.40721,0.106515
8.46235,0.112242
8.51785,0.118317
8.57371,0.124765
8.62994,0.131617
8.68654,0.138894
8.74351,0.146623
8.80085,0.154838
8.85857,0.163569
8.91667,0.172855
8.97515,0.182732
9.03401,0.193243
9.09326,0.204433
9.1529,0.216348
9.21292,0.229042
9.27334,0.242569
9.33416,0.256999
9.39538,0.272402
9.457,0.288838
9.51902,0.306381
9.58145,0.325113
9.64429,0.345123
9.70754,0.366505
9.7712,0.389362
9.83529,0.413805
9.89979,0.439955
9.96472,0.467943
10.0301,0.49948
36.5946,0.48396
36.8346,0.463481
37.0762,0.444002
37.3194,0.425585
37.5641,0.408543
37.8105,0.391501
38.0585,0.375822
38.3081,0.360213
38.5593,0.346608
38.8122,0.332995
39.0667,0.320493
39.3229,0.308317
39.5808,0.297115
39.8404,0.28597
40.1017,0.275638
40.3647,0.2659
40.6294,0.257162
40.8959,0.248567
41.1641,0.240264
41.4341,0.232959
41.7058,0.227
41.9793,0.223236
42.2547,0.218047
42.5318,0.212496
42.8107,0.208627
43.0915,0.203758
43.3741,0.198888
43.6586,0.19437
43.9449,0.190093
44.2331,0.185845
44.5232,0.181624
44.8152,0.17743
45.1091,0.173264
45.4049,0.169125
45.7027,0.165682
46.0025,0.162283
46.3042,0.158906
46.6078,0.155552
46.9135,0.152218
47.2212,0.148907
47.5309,0.145617
47.8426,0.142354
48.1564,0.139118
48.4722,0.135903
48.7901,0.132709
49.1101,0.129536
49.4322,0.126383
49.7563,0.123251
50.0827,0.120289
50.4111,0.117735
50.7417,0.115198
51.0745,0.112677
51.4095,0.110173
51.7466,0.107685
52.086,0.105213
52.4276,0.102757
52.7715,0.100545
53.1176,0.0984494
53.4659,0.0963671
53.8166,0.0942983
54.1695,0.092243
54.5248,0.0902012
54.8824,0.0881726
55.2423,0.0861572
55.6046,0.0841584
55.9693,0.0823182
56.3363,0.08049
56.7058,0.0786738
57.0777,0.0768693
57.4521,0.0750766
57.8288,0.0732956
58.2081,0.0715262
58.5899,0.0697684
58.9741,0.0682219
59.3609,0.0668416
59.7502,0.0654703
60.1421,0.0641079
60.5365,0.0627544
60.9335,0.0614098
61.3331,0.0600738
61.7354,0.0587466
62.1403,0.0574281
62.5478,0.0561181
62.958,0.0548966
63.3709,0.053699
63.7865,0.0525093
64.2048,0.0513273
64.6259,0.050153
65.0498,0.0489864
65.4764,0.0478273
65.9058,0.0466758
66.338,0.0455319
66.7731,0.0444416
67.211,0.0434838
67.6518,0.0425323
68.0955,0.041587
68.5421,0.0406479
68.9916,0.0397149
69.4441,0.0387879
69.8995,0.037867
70.358,0.0369521
70.8194,0.0360432
71.2838,0.0351535
71.7514,0.0344561
72.2219,0.0337633
72.6956,0.033075
73.1723,0.0323911
73.6522,0.0317118
74.1353,0.0310368
74.6215,0.0303663
75.1109,0.0297001
75.6035,0.0290383
76.0993,0.0283807
76.5984,0.0277275
77.1008,0.0270914
77.6064,0.0265152
78.1154,0.0259427
78.6277,0.0253739
79.1434,0.0248088
79.6624,0.0242475
80.1849,0.0236897
80.7107,0.0231357
81.2401,0.0225852
81.7729,0.0220383
82.3092,0.021495
82.849,0.0209552
83.3923,0.020481
83.9392,0.0201307
84.4897,0.0197828
85.0439,0.0194371
85.6016,0.0190937
86.163,0.0187526
86.7281,0.0184136
87.2969,0.0180769
87.8694,0.0177423
88.4457,0.0174099
89.0258,0.0170797
89.6096,0.0167517
90.1973,0.0164258
90.7889,0.016102
91.3843,0.0157841
91.9836,0.0154747
92.5869,0.0151673
93.1941,0.014862
93.8053,0.0145586
94.4205,0.0142572
95.0397,0.0139577
95.663,0.0136603
96.2904,0.0133647
96.9219,0.0130711
97.5576,0.0127794
98.1974,0.0124896
98.8414,0.0122016
99.4897,0.0119156
100.142,0.0116489
100.799,0.0114385
101.46,0.0112294
102.125,0.0110218
102.795,0.0108155
103.469,0.0106105
104.148,0.0104068
104.831,0.0102045
105.518,0.0100035
106.211,0.00980385
106.907,0.00960547
107.608,0.00940838
108.314,0.00921258
109.024,0.00901805
109.739,0.00882478
110.459,0.00863278
111.183,0.00848146
111.913,0.00835034
112.647,0.00822007
113.385,0.00809066
114.129,0.00796208
114.878,0.00783435
115.631,0.00770744
116.389,0.00758136
117.153,0.00745611
117.921,0.00733167
118.694,0.00720804
119.473,0.00708522
120.256,0.0069632
121.045,0.00684197
121.839,0.00672153
122.638,0.00660188
123.442,0.006483
124.252,0.0063649
125.067,0.00625095
125.887,0.00616605
126.712,0.00608169
127.544,0.00599789
128.38,0.00591464
129.222,0.00583192
130.069,0.00574975
130.922,0.00566811
131.781,0.005587
132.645,0.00550642
133.515,0.00542637
134.391,0.00534684
135.272,0.00526782
136.159,0.00518932
137.052,0.00511134
137.951,0.00503386
138.856,0.00495688
139.767,0.00488041
140.683,0.00480443
141.606,0.00472895
142.535,0.00465397
143.469,0.00459559
144.41,0.00454519
145.358,0.00449511
146.311,0.00444536
147.27,0.00439594
148.236,0.00434684
149.208,0.00429806
150.187,0.0042496
151.172,0.00420145
152.163,0.00415361
153.161,0.00410609
154.166,0.00405888
155.177,0.00401197
156.195,0.00396537
157.219,0.00391908
158.25,0.00387308
159.288,0.00382739
160.333,0.00378199
161.384,0.00373689
162.443,0.00369208
163.508,0.00364757
164.58,0.00360334
165.66,0.00355941
166.746,0.00351713
167.84,0.00348783
168.94,0.00345872
170.048,0.0034298
171.164,0.00340107
172.286,0.00337252
173.416,0.00334416
174.553,0.00331599
175.698,0.003288
176.85,0.00326019
178.01,0.00323256
179.178,0.00320511
180.353,0.00317784
181.536,0.00315075
182.726,0.00312384
183.925,0.0030971
185.131,0.00307053
186.345,0.00304414
187.567,0.00301792
188.797,0.00299187
190.036,0.00296599
191.282,0.00294028
192.536,0.00291474
193.799,0.00288936
195.07,0.00286415
196.349,0.00283911
197.637,0.00281422
198.933,0.0027895
200.238,0.00276453
201.551,0.00273818
202.873,0.002712
204.204,0.00268599
205.543,0.00266015
206.891,0.00263448
208.248,0.00260897
209.613,0.00258363
210.988,0.00255846
212.372,0.00253345
213.765,0.0025086
215.167,0.00248392
216.578,0.00245939
217.998,0.00243503
219.428,0.00241082
220.867,0.00238677
222.315,0.00236288
223.774,0.00233915
225.241,0.00231557
226.718,0.00229214
228.205,0.00226886
229.702,0.00224574
231.208,0.00222277
232.725,0.00219995
234.251,0.00217727
235.787,0.00215475
237.334,0.00213237
238.89,0.00211013
240.457,0.00208804
242.034,0.0020661
243.621,0.0020443
245.219,0.00202264
246.827,0.00200112
248.446,0.00197974
250.075,0.00195909
251.715,0.00194633
253.366,0.00193365
255.028,0.00192105
256.701,0.00190853
258.384,0.0018961
260.079,0.00188374
261.784,0.00187147
263.501,0.00185927
265.229,0.00184716
266.969,0.00183512
268.72,0.00182317
270.482,0.00181129
272.256,0.00179949
274.042,0.00178776
275.839,0.00177611
277.648,0.00176454
279.469,0.00175304
281.302,0.00174162
283.146,0.00173027
285.003,0.001719
286.873,0.0017078
288.754,0.00169667
290.648,0.00168562
292.554,0.00167463
294.473,0.00166372
296.404,0.00165288
298.348,0.00164211
300.304,0.00163141
302.274,0.00162078
304.256,0.00161022
306.252,0.00159973
308.26,0.00158931
310.282,0.00157895
312.317,0.00156867
314.365,0.00155845
316.427,0.00154829
318.502,0.0015382
320.591,0.00152818
322.694,0.00151822
324.81,0.00150833
326.94,0.0014985
329.084,0.00148874
331.243,0.00147904
333.415,0.0014694
335.602,0.00145983
337.803,0.00145032
340.018,0.00144087
342.248,0.00143148
344.493,0.00142215
346.752,0.00141289
349.026,0.00140368
351.315,0.00139453
353.619,0.00138545
355.938,0.00137642
358.273,0.00136745
360.622,0.00135854
362.987,0.00134969
365.368,0.0013409
367.764,0.00133216
370.176,0.00132348
372.604,0.00131486
375.048,0.00130629
377.507,0.00129778
379.983,0.00128932
382.475,0.00128092
384.984,0.00127258
387.508,0.00126428
390.05,0.00125605
392.608,0.00124786
395.183,0.00123973
397.775,0.00123166
400.383,0.00122363
403.009,0.00121566
405.652,0.00120774
408.313,0.00119987
410.99,0.00119205
413.686,0.00118428
416.399,0.00117657
419.13,0.0011689
421.879,0.00116128
424.645,0.00115372
427.43,0.0011462
430.234,0.00113873
433.055,0.00113131
435.895,0.00112394
438.754,0.00111662
441.632,0.00110934
444.528,0.00110211
447.443,0.00109493
450.378,0.0010878
453.332,0.00108071
456.305,0.00107367
459.297,0.00106667
462.31,0.00105972
465.342,0.00105282
468.394,0.00104596
471.465,0.00103915
474.557,0.00103237
477.67,0.00102565
480.802,0.00101897
483.956,0.00101233
487.13,0.00100573
490.324,0.000999177
493.54,0.000992667
496.777,0.000986199
500.035,0.000979773
503.314,0.000973389
506.615,0.000967047
509.938,0.000960746
513.282,0.000954486
516.649,0.000948267
520.037,0.000942089
523.448,0.00093595
526.88,0.000929852
530.336,0.000923794
533.814,0.000917775
537.315,0.000911795
540.839,0.000905854
544.386,0.000899952
547.956,0.000894088
551.55,0.000888262
555.167,0.000882475
558.808,0.000876725
562.473,0.000871012
566.162,0.000865337
569.875,0.000859699
573.612,0.000854098
577.374,0.000848533
581.161,0.000843004
584.972,0.000837511
588.809,0.000832054
592.671,0.000826633
596.557,0.000821247
600.47,0.000815896
604.408,0.00081058
608.372,0.000805298
612.362,0.000800051
616.378,0.000794839
620.42,0.00078966
624.489,0.000784515
628.585,0.000779403
632.707,0.000774325
636.857,0.000769279
641.034,0.000764267
645.238,0.000759287
649.469,0.00075434
653.729,0.000749425
658.016,0.000744542
662.332,0.000739691
666.676,0.000734872
671.048,0.000730083
675.449,0.000725326
679.879,0.000720601
684.338,0.000715905
688.826,0.000711241
693.343,0.000706607
697.89,0.000702003
702.468,0.000697429
707.075,0.000692884
711.712,0.00068837
716.379,0.000683885
721.078,0.000679429
725.807,0.000675002
730.567,0.000670604
735.358,0.000666234
740.181,0.000661894
745.035,0.000657581
749.922,0.000653296
754.84,0.00064904
759.79,0.000644811
764.773,0.000640609
769.789,0.000636435
774.837,0.000632289
779.919,0.000628169
785.034,0.000624076
790.183,0.00062001
795.365,0.00061597
800.581,0.000611957
805.832,0.000607969
811.117,0.000604008
816.436,0.000600073
821.791,0.000596163
827.18,0.000592278
832.605,0.000588419
838.066,0.000584585
843.562,0.000580776
849.094,0.000576992
854.663,0.000573233
860.268,0.000569498
865.91,0.000565787
871.589,0.000562101
877.305,0.000558438
883.059,0.0005548
888.85,0.000551185
894.68,0.000547594
900.548,0.000544026
906.454,0.000540481
912.398,0.000536959
918.382,0.000533461
924.405,0.000529985
930.468,0.000526532
936.57,0.000523101
942.713,0.000519693
948.895,0.000516307
955.118,0.000512943
961.382,0.0005096
967.688,0.00050628
974.034,0.000502981
980.422,0.000499704
986.852,0.000496448
993.324,0.000493214
