wl,n
0.0275043,0.9330428184375
0.0275677,0.9329370013216
0.0276312,0.9328302048089
0.0276949,0.9327223882382
0.0277587,0.9326135096896
0.0278227,0.9325035259305
0.0278869,0.9323923923584
0.0279512,0.9322800629379
0.0280156,0.9321664901317
0.0280802,0.9320516248251
0.0281449,0.9319354162398
0.0282098,0.9318178118346
0.0282748,0.9316987571866
0.02834,0.9315781958341
0.0284053,0.9314560690389
0.0284708,0.9313323152856
0.0285364,0.9312068677158
0.0286022,0.9310796644069
0.0286682,0.9309506503024
0.0287342,0.9308197502333
0.0288005,0.930686890884
0.0288669,0.9305519964788
0.0289334,0.9304149882634
0.0290001,0.9302757842048
0.029067,0.9301342987271
0.029134,0.9299904424447
0.0292011,0.9298441218801
0.0292685,0.9296952391599
0.0293359,0.9295436916868
0.0294036,0.9293893717831
0.0294713,0.9292321663052
0.0295393,0.9290719562266
0.0296074,0.9289086161897
0.0296756,0.9287420140251
0.029744,0.9285720102403
0.0298126,0.9283984574816
0.0298813,0.9282211999731
0.0299502,0.9280400729424
0.0300193,0.9278549020467
0.0300885,0.9276655028179
0.0301578,0.9274716801558
0.0302273,0.9272732279088
0.030297,0.9270699285982
0.0303669,0.9268615533645
0.0304369,0.9266478622446
0.030507,0.9264286049313
0.0305774,0.9262035222304
0.0306478,0.9259723485159
0.0307185,0.9257348156209
0.0307893,0.9254906588025
0.0308603,0.9252396257464
0.0309314,0.9249814901354
0.0310027,0.9247160723224
0.0310742,0.9244432717367
0.0311458,0.9241631206265
0.0312176,0.9238758839172
0.0312896,0.9235823063107
0.0313617,0.923284375123
0.031434,0.9229824256527
0.0315065,0.9226762651628
0.0315791,0.9223659831902
0.0316519,0.9220516954736
0.0317249,0.9217335168919
0.031798,0.9214115552395
0.0318713,0.92108590987
0.0319448,0.9207566717835
0.0320184,0.9204239241595
0.0320922,0.9200877429997
0.0321662,0.9197481977613
0.0322404,0.9194053519385
0.0323147,0.9190592635835
0.0323892,0.9187099857659
0.0324638,0.9183575669777
0.0325387,0.9180020514893
0.0326137,0.9176434796631
0.0326889,0.9172818882309
0.0327642,0.9169173105394
0.0328398,0.9165497767687
0.0329155,0.9161793141279
0.0329913,0.9158059470295
0.0330674,0.9154296972473
0.0331436,0.9150505840578
0.03322,0.9146686243693
0.0332966,0.9142838328385
0.0333734,0.9138962219775
0.0334503,0.9135058022509
0.0335274,0.9131125821656
0.0336047,0.912716568353
0.0336822,0.9123177656454
0.0337598,0.9119161771459
0.0338376,0.9115118042945
0.0339156,0.9111046469289
0.0339938,0.9106947033412
0.0340722,0.9102819703317
0.0341507,0.9098664432591
0.0342294,0.9094481160878
0.0343084,0.9090269814327
0.0343874,0.908603030602
0.0344667,0.9081762536375
0.0345462,0.9077466393531
0.0346258,0.9073141753725
0.0347056,0.9068788481639
0.0347856,0.9064406430753
0.0348658,0.9059995443671
0.0349462,0.9055555352446
0.0350268,0.9051085978894
0.0351075,0.9046587134901
0.0351884,0.9042058622723
0.0352695,0.9037500235284
0.0353509,0.9032911756467
0.0354323,0.9028292961401
0.035514,0.9023643616752
0.0355959,0.9018963481005
0.0356779,0.9014252304751
0.0357602,0.9009509830973
0.0358426,0.9004735795329
0.0359253,0.8999929926446
0.0360081,0.8995091946207
0.0360911,0.8990221570046
0.0361743,0.8985318507248
0.0362577,0.8980382461249
0.0363413,0.8975413129946
0.036425,0.8970410206011
0.036509,0.8965373377209
0.0365932,0.896030232673
0.0366775,0.8955196733521
0.0367621,0.8950056272629
0.0368468,0.8944880615559
0.0369317,0.893966943063
0.0370169,0.8934422383354
0.0371022,0.8929139136817
0.0371877,0.8923819352073
0.0372735,0.8918462688558
0.0373594,0.8913068804502
0.0374455,0.8907637357372
0.0375318,0.8902168004317
0.0376184,0.8896660402631
0.0377051,0.8891114210234
0.037792,0.8885529086169
0.0378791,0.8879904691113
0.0379664,0.8874240687908
0.038054,0.8868536742113
0.0381417,0.8862792522571
0.0382296,0.8857007702
0.0383177,0.88511819576
0.0384061,0.884531497169
0.0384946,0.8839406432357
0.0385833,0.883345603414
0.0386723,0.8827463478725
0.0387614,0.8821428475681
0.0388508,0.8815350743207
0.0389404,0.8809230008915
0.0390301,0.8803066010639
0.0391201,0.8796858497271
0.0392103,0.8790607229628
0.0393007,0.8784311981349
0.0393913,0.8777972539828
0.0394821,0.8771588707168
0.0395731,0.8765160301185
0.0396643,0.8758687156431
0.0397557,0.8752169125264
0.0398474,0.8745606078948
0.0399392,0.8738997908793
0.0400313,0.8732344527332
0.0401236,0.872564586954
0.0402161,0.8718901894094
0.0403088,0.8712112584668
0.0404017,0.8705277951282
0.0404949,0.8698398031681
0.0405882,0.8691472892771
0.0406818,0.8684502632091
0.0407756,0.867748737934
0.0408696,0.8670427297941
0.0409638,0.8663322586659
0.0410582,0.8656173481273
0.0411528,0.8648980256286
0.0412477,0.864174322669
0.0413428,0.8634462749791
0.0414381,0.8627139227067
0.0415336,0.8619773106097
0.0416294,0.8612364882528
0.0417253,0.8604915102103
0.0418215,0.8597424362739
0.0419179,0.8589893316655
0.0420146,0.8582322672561
0.0421114,0.8574713197888
0.0422085,0.8567065721082
0.0423058,0.8559381133939
0.0424033,0.8551660394002
0.0425011,0.8543904526997
0.042599,0.8536114629324
0.0426972,0.8528291870596
0.0427957,0.8520437496222
0.0428943,0.8512552830032
0.0429932,0.8504639276947
0.0430923,0.849669832569
0.0431917,0.8488731551525
0.0432912,0.8480740619038
0.043391,0.8472727284942
0.043491,0.8464693400914
0.0435913,0.8456640916442
0.0436918,0.8448571881699
0.0437925,0.8440488450425
0.0438935,0.8432392882808
0.0439946,0.8424287548373
0.0440961,0.8416174928855
0.0441977,0.8408057621061
0.0442996,0.8399938339707
0.0444017,0.8391819920219
0.0445041,0.8383705321498
0.0446067,0.8375597628626
0.0447095,0.8367500055516
0.0448126,0.8359415947485
0.0449159,0.8351348783735
0.0450194,0.8343302179749
0.0451232,0.8335279889555
0.0452272,0.8327285807881
0.0453315,0.8319323972156
0.045436,0.8311398564356
0.0455407,0.8303513912676
0.0456457,0.8295674493013
0.0457509,0.8287884930228
0.0458564,0.8280149999194
0.0459621,0.8272474625582
0.0460681,0.8264863886392
0.0461743,0.825732301018
0.0462807,0.8249857376993
0.0463874,0.8242472517956
0.0464943,0.823517411452
0.0466015,0.8227967997324
0.0467089,0.8220860144671
0.0468166,0.8213856680572
0.0469245,0.8206963872362
0.0470327,0.8200188127842
0.0471411,0.8193535991939
0.0472498,0.8187014142865
0.0473587,0.818062938774
0.0474679,0.8174388657677
0.0475773,0.8168299002295
0.047687,0.8162367583656
0.0477969,0.81566016696
0.0479071,0.8151008626464
0.0480175,0.8145595911185
0.0481282,0.8140371062754
0.0482392,0.8135341693039
0.0483504,0.8130515476947
0.0484618,0.8125900141939
0.0485736,0.8121503456888
0.0486855,0.8117333220292
0.0487978,0.8113397247833
0.0489102,0.8109703359311
0.049023,0.8106259364948
0.049136,0.8103073051097
0.0492493,0.8100152165356
0.0493628,0.8097504401133
0.0494766,0.8095137381678
0.0495907,0.8093058643619
0.049705,0.8091275620036
0.0498196,0.8089795623129
0.0499344,0.8088625826499
0.0500495,0.8087773247124
0.0501649,0.8087244727055
0.0502805,0.8087046914911
0.0503964,0.8087186247219
0.0505126,0.8087668929682
0.0506291,0.8088500918414
0.0507458,0.8089687901254
0.0508628,0.8091235279188
0.05098,0.8093148147991
0.0510975,0.8095431280151
0.0512153,0.8098089107153
0.0513334,0.8101125702211
0.0514517,0.8104544763528
0.0515703,0.8108349598167
0.0516892,0.8112543106606
0.0518084,0.8117127768079
0.0519278,0.8122105626769
0.0520475,0.812747827893
0.0521675,0.8133246861038
0.0522877,0.8139412039021
0.0524083,0.8145973998668
0.0525291,0.8152932437266
0.0526502,0.8160286556555
0.0527716,0.8168035057051
0.0528932,0.8176176133814
0.0530151,0.8184707473705
0.0531373,0.8193626254199
0.0532598,0.8202929143804
0.0533826,0.8212612304125
0.0535057,0.8222671393628
0.053629,0.8233101573135
0.0537526,0.8243897513087
0.0538766,0.8255053402602
0.0540008,0.8266562960366
0.0541252,0.8278419447366
0.05425,0.8290615681493
0.0543751,0.8303144054022
0.0545004,0.8315996547992
0.0546261,0.8329164758487
0.054752,0.8342639914827
0.0548782,0.8356412904673
0.0550047,0.8370474300053
0.0551315,0.8384814385307
0.0552586,0.8399423186956
0.055386,0.8414290505505
0.0555137,0.8429405949176
0.0556416,0.8444758969594
0.0557699,0.8460338899438
0.0558985,0.8476134992077
0.0560273,0.8492136463245
0.0561565,0.8508332534784
0.0562859,0.8524712480547
0.0564157,0.8541265674534
0.0565457,0.8557981641409
0.0566761,0.8574850109546
0.0568067,0.8591861066827
0.0569377,0.8609004819486
0.0570689,0.8626272054363
0.0572005,0.8643653905051
0.0573324,0.8661142022609
0.0574645,0.8678728651659
0.057597,0.8696406713045
0.0577298,0.8714169894583
0.0578629,0.873201275203
0.0579962,0.8749930823246
0.0581299,0.8767920759768
0.0582639,0.8785980481969
0.0583983,0.8804109367107
0.0585329,0.8822308484756
0.0586678,0.8840580903294
0.0588031,0.8858932108246
0.0589386,0.8877370608011
0.0590745,0.8895908880533
0.0592107,0.8914565017154
0.0593471,0.89333660758
0.059484,0.8952357350218
0.0596211,0.8971634736516
0.0597585,0.8991083911283
0.0598963,0.9010567479343
0.0600344,0.903003716352
0.0601728,0.9049462063853
0.0603115,0.9068819571093
0.0604505,0.9088092218995
0.0605898,0.9107266206204
0.0607295,0.9126330586452
0.0608695,0.9145276780365
0.0610098,0.9164098261423
0.0611505,0.9182790344374
0.0612914,0.9201350037752
0.0614327,0.9219775938472
0.0615744,0.923806815509
0.0617163,0.9256228251185
0.0618586,0.9274259203188
0.0620012,0.9292165368801
0.0621441,0.9309952463234
0.0622874,0.9327627541275
0.0624309,0.93451989837
0.0625749,0.9362676486863
0.0627191,0.9380071054556
0.0628637,0.9397394991379
0.0630086,0.9414661896997
0.0631539,0.9431886660704
0.0632994,0.9449085455794
0.0634454,0.9466275733256
0.0635916,0.9483476214318
0.0637382,0.9500706881383
0.0638851,0.9517988966885
0.0640324,0.9535344939574
0.06418,0.9552798487727
0.064328,0.9570374498761
0.0644763,0.9588099034686
0.0646249,0.9605999302805
0.0647739,0.9624103621058
0.0649232,0.9642441377333
0.0650729,0.9661042982091
0.0652229,0.9679939813564
0.0653732,0.9699164154801
0.0655239,0.9718749121787
0.065675,0.9738728581862
0.0658264,0.9759137061633
0.0659781,0.9780009643596
0.0661302,0.9801381850659
0.0662827,0.9823289517819
0.0664354,0.9845768650242
0.0665886,0.9868855267062
0.0667421,0.9892585230297
0.066896,0.9916994058351
0.0670502,0.9942116723697
0.0672047,0.9967987434473
0.0673597,0.9994639399902
0.0675149,1.002210457964
0.0676706,1.005041341737
0.0678266,1.007959455929
0.0679829,1.010967455832
0.0681396,1.014067756534
0.0682967,1.017262500899
0.0684542,1.020553526611
0.068612,1.02394233251
0.0687701,1.027430044522
0.0689287,1.031017381507
0.0690876,1.034704621396
0.0692468,1.038491568068
0.0694065,1.042377519404
0.0695665,1.046361237062
0.0697268,1.0504409185
0.0698876,1.054614171843
0.0700487,1.058877994197
0.0702101,1.063228754014
0.070372,1.067662178149
0.0705342,1.072173344197
0.0706968,1.076756678693
0.0708598,1.081405961705
0.0710231,1.086114338287
0.0711869,1.090874337183
0.071351,1.095677897052
0.0715154,1.100516400388
0.0716803,1.105380715176
0.0718455,1.110261244145
0.0720112,1.115147981364
0.0721772,1.120030575742
0.0723436,1.124898400818
0.0725103,1.129740630099
0.0726775,1.134546317027
0.072845,1.139304478531
0.0730129,1.144004181013
0.0731813,1.148634627523
0.07335,1.153185244828
0.073519,1.157645769055
0.0736885,1.162006328603
0.0738584,1.166257523059
0.0740287,1.170390496955
0.0741993,1.174397007302
0.0743704,1.178269483977
0.0745418,1.182001082225
0.0747136,1.185585726704
0.0748859,1.189018146691
0.0750585,1.192293902289
0.0752315,1.195409401626
0.075405,1.198361909272
0.0755788,1.201149546223
0.075753,1.203771281984
0.0759276,1.206226919379
0.0761027,1.208517072858
0.0762781,1.210643141096
0.0764539,1.212607274768
0.0766302,1.214412340386
0.0768068,1.216061881073
0.0769839,1.21756007516
0.0771614,1.218911693406
0.0773392,1.220122055615
0.0775175,1.221196987336
0.0776962,1.22214277727
0.0778753,1.222966135905
0.0780548,1.223674155827
0.0782348,1.22427427405
0.0784151,1.224774236658
0.0785959,1.225182065919
0.0787771,1.225506029986
0.0789587,1.225754615235
0.0791407,1.225936501186
0.0793231,1.22606053793
0.079506,1.226135725914
0.0796893,1.226171197883
0.079873,1.226176202765
0.0800571,1.226160091198
0.0802417,1.226132302434
0.0804266,1.226102352262
0.080612,1.226079821618
0.0807979,1.226074345518
0.0809841,1.226095601913
0.0811708,1.226153300099
0.0813579,1.226257168258
0.0815455,1.226416939749
0.0817335,1.226642337712
0.0819219,1.22694305761
0.0821107,1.227328747293
0.0823,1.227808984202
0.0824897,1.228393249338
0.0826799,1.229090897662
0.0828705,1.229911124572
0.0830615,1.230862928221
0.083253,1.231955067389
0.0834449,1.233196014762
0.0836373,1.234593905482
0.0838301,1.236156480934
0.0840233,1.237891027825
0.084217,1.239804312696
0.0844112,1.241902512152
0.0846057,1.244191139202
0.0848008,1.24667496626
0.0849963,1.249357945504
0.0851922,1.252243127458
0.0853886,1.255332578847
0.0855854,1.25862730094
0.0857827,1.262127149786
0.0859805,1.265830759921
0.0861787,1.269735473285
0.0863773,1.273837275235
0.0865765,1.278130739662
0.086776,1.282608985282
0.0869761,1.287263645234
0.0871766,1.292084852053
0.0873776,1.297061240033
0.087579,1.302179966802
0.0877809,1.307426755692
0.0879832,1.312785960162
0.088186,1.318240651097
0.0883893,1.323772727327
0.0885931,1.329363049151
0.0887973,1.334991593998
0.089002,1.340637632749
0.0892072,1.346279924549
0.0894128,1.351896927308
0.089619,1.357467020503
0.0898255,1.362968736366
0.0900326,1.368380995167
0.0902402,1.373683340011
0.0904482,1.378856166491
0.0906567,1.383880942559
0.0908657,1.388740414258
0.0910751,1.393418793293
0.0912851,1.397901923009
0.0914955,1.402177419973
0.0917064,1.406234789105
0.0919179,1.410065511137
0.0921297,1.413663101949
0.0923421,1.417023144175
0.092555,1.420143292164
0.0927684,1.423023252064
0.0929822,1.425664739332
0.0931966,1.428071416361
0.0934114,1.430248813246
0.0936267,1.432204234823
0.0938426,1.433946657154
0.0940589,1.435486616557
0.0942757,1.436836094067
0.094493,1.438008397981
0.0947109,1.439018046789
0.0949292,1.439880654437
0.095148,1.440612819495
0.0953674,1.44123201937
0.0955872,1.441756510359
0.0958076,1.442205233922
0.0960284,1.44259772924
0.0962498,1.442954051782
0.0964717,1.44329469735
0.0966941,1.443640530782
0.096917,1.444012718344
0.0971404,1.444432662613
0.0973643,1.444921938561
0.0975888,1.445502229414
0.0978137,1.446195260831
0.0980392,1.447022731869
0.0982652,1.448006241237
0.0984918,1.449167207341
0.0987188,1.450526780686
0.0989464,1.452105747316
0.0991745,1.453924422052
0.0994031,1.456002530504
0.0996322,1.458359078967
0.0998619,1.461012211617
0.100092,1.463979054631
0.100323,1.467275547235
0.100554,1.470916260015
0.100786,1.474914201264
0.101018,1.47928061259
0.101251,1.48402475553
0.101485,1.489153691474
0.101718,1.494672057797
0.101953,1.500581843749
0.102188,1.506882170274
0.102424,1.513569078619
0.10266,1.520635333224
0.102896,1.528070244932
0.103134,1.535859521136
0.103371,1.543985149749
0.10361,1.552425324169
0.103848,1.561154416289
0.104088,1.570143004346
0.104328,1.579357961696
0.104568,1.58876261162
0.104809,1.598316951868
0.105051,1.607977950828
0.105293,1.617699915113
0.105536,1.627434925898
0.105779,1.637133338719
0.106023,1.646744338763
0.106267,1.656216541034
0.106512,1.665498622432
0.106758,1.674539970831
0.107004,1.68329133488
0.107251,1.691705457581
0.107498,1.699737676877
0.107746,1.707346477444
0.107994,1.714493979678
0.108243,1.721146354399
0.108493,1.727274154859
0.108743,1.732852561172
0.108993,1.737861535943
0.109245,1.742285893549
0.109496,1.746115289008
0.109749,1.749344135419
0.110002,1.751971461588
0.110255,1.75400072347
0.11051,1.755439584553
0.110764,1.756299681209
0.11102,1.756596389581
0.111276,1.756348610662
0.111532,1.755578590202
0.111789,1.754311789917
0.112047,1.752576826385
0.112305,1.750405494106
0.112564,1.747832889551
0.112824,1.744897653648
0.113084,1.741642351081
0.113344,1.738114005874
0.113606,1.734364813725
0.113868,1.730453052104
0.11413,1.726444208407
0.114393,1.722412343497
0.114657,1.718441701028
0.114921,1.714628559651
0.115186,1.711083302272
0.115452,1.707932639398
0.115718,1.705321866661
0.115984,1.70341695338
0.116252,1.702406143113
0.11652,1.702500594638
0.116788,1.703933405253
0.117058,1.706956153244
0.117328,1.711831910996
0.117598,1.718823585653
0.117869,1.728176553643
0.118141,1.740095021374
0.118413,1.754712532999
0.118686,1.772058667871
0.11896,1.792026158378
0.119234,1.814345008924
0.119509,1.838571850223
0.119784,1.864102493452
0.12006,1.890212336449
0.120337,1.916122760645
0.120615,1.941083534291
0.120893,1.964454743088
0.121171,1.985770285568
0.121451,2.004769813518
0.121731,2.021395243282
0.122011,2.035757508738
0.122293,2.048085331341
0.122574,2.058669040648
0.122857,2.067809918735
0.12314,2.075781315432
0.123424,2.082803758667
0.123709,2.089033408099
0.123994,2.094561584804
0.12428,2.099422449571
0.124566,2.103605826803
0.124853,2.107072415577
0.125141,2.109769054986
0.12543,2.111642252652
0.125719,2.112648795966
0.126009,2.112762885708
0.126299,2.111979789769
0.12659,2.110316446271
0.126882,2.107809712333
0.127174,2.104513054605
0.127468,2.100492439258
0.127761,2.095822048979
0.128056,2.090580282134
0.128351,2.084846315016
0.128647,2.078697358619
0.128944,2.072206628882
0.129241,2.065441975333
0.129539,2.058465072352
0.129837,2.051331061806
0.130137,2.044088537273
0.130437,2.036779771491
0.130737,2.02944110463
0.131039,2.022103427974
0.131341,2.014792713572
0.131644,2.007530554097
0.131947,2.000334688474
0.132251,1.993219497538
0.132556,1.986196460611
0.132862,1.979274568641
0.133168,1.972460692843
0.133475,1.965759909989
0.133783,1.95917578685
0.134091,1.952710627063
0.1344,1.946365684049
0.13471,1.940141343665
0.135021,1.934037280171
0.135332,1.928052588862
0.135644,1.922185898447
0.135956,1.916435465927
0.13627,1.910799256446
0.136584,1.905275010264
0.136899,1.899860298763
0.137214,1.894552571095
0.137531,1.889349192912
0.137848,1.884247478376
0.138166,1.879244716494
0.138484,1.874338192666
0.138803,1.869525206207
0.139123,1.864803084471
0.139444,1.860169194142
0.139765,1.855620950142
0.140088,1.851155822551
0.140411,1.846771341868
0.140734,1.8424651029
0.141059,1.838234767503
0.141384,1.834078066386
0.14171,1.829992800136
0.142036,1.825976839613
0.142364,1.822028125827
0.142692,1.818144669396
0.143021,1.814324549678
0.143351,1.810565913631
0.143681,1.806866974478
0.144012,1.803226010202
0.144344,1.799641361939
0.144677,1.79611143227
0.145011,1.792634683473
0.145345,1.789209635723
0.14568,1.785834865291
0.146016,1.78250900272
0.146352,1.779230731027
0.14669,1.775998783901
0.147028,1.772811943931
0.147367,1.769669040852
0.147707,1.76656894981
0.148047,1.763510589654
0.148388,1.760492921243
0.14873,1.757514945773
0.149073,1.75457570312
0.149417,1.751674270191
0.149761,1.748809759296
0.150107,1.745981316538
0.150453,1.743188120232
0.150799,1.740429379374
0.151147,1.737704332194
0.151496,1.735012244825
0.151845,1.732352410161
0.152195,1.729724146975
0.152546,1.727126799397
0.152897,1.72455973687
0.15325,1.722022354728
0.153603,1.719514075545
0.153957,1.717034351415
0.154312,1.714582667343
0.154668,1.712158545866
0.155024,1.709761553059
0.155382,1.707391305971
0.15574,1.705047481529
0.156099,1.702729826809
0.156459,1.700438170545
0.156819,1.69817243558
0.157181,1.695932651923
0.157543,1.693718969971
0.157906,1.691531673434
0.15827,1.689371191538
0.158635,1.68723811025
0.159001,1.685133182618
0.159368,1.683057339003
0.159735,1.681011699368
0.160103,1.678997592513
0.160472,1.677016593676
0.160842,1.675070610121
0.161213,1.673162114146
0.161585,1.671295206786
0.161957,1.669476321877
0.16233,1.667699856388
0.162705,1.665962824839
0.16308,1.664263585228
0.163456,1.662600824066
0.163832,1.660973287377
0.16421,1.659379662786
0.164589,1.657818521331
0.164968,1.65628829176
0.165348,1.654787256458
0.16573,1.653313563423
0.166112,1.651865250655
0.166494,1.650440279954
0.166878,1.649036577335
0.167263,1.647652077327
0.167649,1.646284768504
0.168035,1.644932737713
0.168422,1.643594210715
0.168811,1.642267587299
0.1692,1.640951469336
0.16959,1.63964468072
0.169981,1.638346278669
0.170373,1.637055556321
0.170765,1.635772037066
0.171159,1.634495461422
0.171554,1.6332257676
0.171949,1.631963067111
0.172345,1.630707616916
0.172743,1.6294597896
0.173141,1.628220043044
0.17354,1.626988890886
0.17394,1.625766874882
0.174341,1.624554540069
0.174743,1.623352413344
0.175146,1.622160985859
0.17555,1.62098069937
0.175954,1.619811936491
0.17636,1.618655014625
0.176766,1.6175101832
0.177174,1.616377623765
0.177582,1.615257452436
0.177992,1.614149724172
0.178402,1.613054438376
0.178813,1.611971545338
0.179226,1.610900953115
0.179639,1.609842534495
0.180053,1.608796133744
0.180468,1.607761572947
0.180884,1.606738657769
0.181301,1.605727182557
0.181719,1.604726934737
0.182138,1.603737698501
0.182558,1.602759257816
0.182978,1.601791398797
0.1834,1.600833911523
0.183823,1.599886591353
0.184247,1.598949239829
0.184671,1.598021665227
0.185097,1.597103682843
0.185524,1.596195115045
0.185952,1.595295791184
0.18638,1.594405547368
0.18681,1.593524226178
0.187241,1.592651676314
0.187672,1.591787752237
0.188105,1.590932313789
0.188538,1.590085225824
0.188973,1.58924635786
0.189409,1.588415583739
0.189845,1.587592781325
0.190283,1.586777832216
0.190722,1.585970621487
0.191161,1.585171037455
0.191602,1.584378971471
0.192044,1.58359431773
0.192486,1.582816973097
0.19293,1.58204683696
0.193375,1.581283811086
0.193821,1.580527799502
0.194267,1.579778708382
0.194715,1.579036445942
0.195164,1.578300922353
0.195614,1.577572049649
0.196065,1.57684974166
0.196517,1.576133913929
0.19697,1.575424483656
0.197424,1.57472136963
0.197879,1.574024492177
0.198335,1.573333773104
0.198792,1.57264913565
0.199251,1.571970504439
0.19971,1.571297805438
0.20017,1.570630965912
0.200632,1.569969914389
0.201094,1.569314580619
0.201558,1.568664895541
0.202023,1.568020791247
0.202488,1.567382200955
0.202955,1.566749058972
0.203423,1.56612130067
0.203892,1.565498862456
0.204362,1.564881681744
0.204833,1.564269696935
0.205305,1.563662847384
0.205778,1.563061073385
0.206253,1.562464316144
0.206728,1.561872517756
0.207205,1.561285621189
0.207682,1.560703570261
0.208161,1.56012630962
0.208641,1.559553784727
0.209122,1.558985941839
0.209604,1.55842272799
0.210087,1.557864090973
0.210572,1.557309979329
0.211057,1.556760342328
0.211544,1.556215129952
0.212031,1.555674292887
0.21252,1.555137782502
0.21301,1.554605550842
0.213501,1.55407755061
0.213993,1.553553735156
0.214486,1.553034058467
0.214981,1.552518475151
0.215476,1.552006940431
0.215973,1.551499410127
0.216471,1.550995840652
0.21697,1.550496189
0.21747,1.550000412731
0.217972,1.549508469969
0.218474,1.549020319386
0.218978,1.548535920196
0.219482,1.548055232146
0.219988,1.547578215508
0.220496,1.547104831067
0.221004,1.546635040117
0.221513,1.546168804451
0.222024,1.545706086354
0.222536,1.545246848595
0.223049,1.544791054419
0.223563,1.544338667543
0.224078,1.543889652145
0.224595,1.543443972858
0.225113,1.543001594768
0.225632,1.5425624834
0.226152,1.54212660472
0.226673,1.541693925121
0.227196,1.541264411422
0.227719,1.540838030862
0.228244,1.540414751093
0.22877,1.539994540172
0.229298,1.539577366561
0.229826,1.539163199119
0.230356,1.538752007093
0.230887,1.538343760121
0.231419,1.53793842822
0.231953,1.537535981784
0.232488,1.537136391578
0.233024,1.536739628735
0.233561,1.53634566475
0.234099,1.535954471476
0.234639,1.535566021119
0.23518,1.535180286233
0.235722,1.534797239719
0.236265,1.534416854816
0.23681,1.5340391051
0.237356,1.533663964478
0.237903,1.533291407186
0.238451,1.532921407784
0.239001,1.532553941151
0.239552,1.532188982481
0.240104,1.531826507283
0.240658,1.531466491372
0.241213,1.531108910868
0.241769,1.530753742193
0.242326,1.530400962065
0.242885,1.530050547495
0.243444,1.529702475786
0.244006,1.529356724526
0.244568,1.529013271586
0.245132,1.528672095118
0.245697,1.528333173547
0.246263,1.527996485574
0.246831,1.527662010168
0.2474,1.527329726564
0.24797,1.526999614259
0.248542,1.526671653011
0.249115,1.526345822833
0.249689,1.526022103991
0.250265,1.525700477003
0.250842,1.525380922631
0.25142,1.525063421882
0.252,1.524747956004
0.252581,1.52443450648
0.253163,1.524123055032
0.253746,1.523813583609
0.254331,1.523506074391
0.254918,1.523200509783
0.255505,1.522896872413
0.256094,1.522595145127
0.256685,1.52229531099
0.257276,1.52199735328
0.257869,1.521701255486
0.258464,1.521407001306
0.25906,1.521114574644
0.259657,1.520823959604
0.260255,1.520535140494
0.260855,1.520248101817
0.261457,1.519962828272
0.262059,1.519679304748
0.262664,1.519397516325
0.263269,1.519117448271
0.263876,1.518839086036
0.264484,1.518562415252
0.265094,1.51828742173
0.265705,1.51801409146
0.266318,1.517742410602
0.266932,1.517472365492
0.267547,1.517203942631
0.268164,1.51693712869
0.268782,1.516671910503
0.269401,1.516408275065
0.270022,1.516146209532
0.270645,1.515885701217
0.271269,1.515626737588
0.271894,1.515369306265
0.272521,1.51511339502
0.273149,1.51485899177
0.273779,1.514606084582
0.27441,1.514354661664
0.275043,1.514104711366
0.275677,1.513856222179
0.276312,1.51360918273
0.276949,1.51336358178
0.277587,1.513119408227
0.278227,1.512876651096
0.278869,1.512635299544
0.279512,1.512395342853
0.280156,1.512156770433
0.280802,1.511919571813
0.281449,1.511683736648
0.282098,1.511449254709
0.282748,1.511216115886
0.2834,1.510984310184
0.284053,1.510753827721
0.284708,1.510524658729
0.285364,1.510296793549
0.286022,1.51007022263
0.286682,1.509844936529
0.287342,1.509620925906
0.288005,1.509398181527
0.288669,1.509176694257
0.289334,1.508956455062
0.290001,1.508737455006
0.29067,1.508519685251
0.29134,1.508303137051
0.292011,1.508087801757
0.292685,1.507873670809
0.293359,1.50766073574
0.294036,1.50744898817
0.294713,1.507238419807
0.295393,1.507029022445
0.296074,1.506820787962
0.296756,1.506613708318
0.29744,1.506407775558
0.298126,1.506202981802
0.298813,1.505999319254
0.299502,1.50579678019
0.300193,1.505595356966
0.300885,1.505395042009
0.301578,1.505195827822
0.302273,1.504997706977
0.30297,1.504800672118
0.303669,1.504604715956
0.304369,1.50440983127
0.30507,1.504216010904
0.305774,1.504023247768
0.306478,1.503831534832
0.307185,1.503640865128
0.307893,1.503451231747
0.308603,1.503262627837
0.309314,1.503075046601
0.310027,1.502888481295
0.310742,1.502702925225
0.311458,1.502518371745
0.312176,1.502334814252
0.312896,1.502152246184
0.313617,1.501970661012
0.31434,1.501790052238
0.315065,1.501610413386
0.315791,1.501431737986
0.316519,1.50125401957
0.317249,1.501077251641
0.31798,1.50090142765
0.318713,1.500726540944
0.319448,1.500552584687
0.320184,1.500379551718
0.320922,1.500207434249
0.321662,1.500036223155
0.322404,1.499865905618
0.323147,1.499696443753
0.323892,1.499527881193
0.324638,1.499360273443
0.325387,1.499193578345
0.326137,1.499027782818
0.326889,1.498862877768
0.327642,1.498698855614
0.328398,1.498535709535
0.329155,1.498373433159
0.329913,1.49821202041
0.330674,1.498051465421
0.331436,1.497891762485
0.3322,1.49773290602
0.332966,1.49757489055
0.333734,1.49741771069
0.334503,1.49726136113
0.335274,1.497105836633
0.336047,1.496951132023
0.336822,1.496797242184
0.337598,1.496644162055
0.338376,1.496491886625
0.339156,1.496340410933
0.339938,1.496189730063
0.340722,1.496039839145
0.341507,1.495890733351
0.342294,1.495742407895
0.343084,1.495594858029
0.343874,1.495448079047
0.344667,1.495302066279
0.345462,1.495156815092
0.346258,1.495012320889
0.347056,1.494868579109
0.347856,1.494725585225
0.348658,1.494583334745
0.349462,1.494441823209
0.350268,1.49430104619
0.351075,1.494160999294
0.351884,1.494021678157
0.352695,1.493883078448
0.353509,1.493745195865
0.354323,1.493608026136
0.35514,1.493471565022
0.355959,1.493335808308
0.356779,1.493200751814
0.357602,1.493066391383
0.358426,1.49293272289
0.359253,1.492799742236
0.360081,1.492667445351
0.360911,1.49253582819
0.361743,1.492404886737
0.362577,1.492274617001
0.363413,1.492145015018
0.36425,1.492016076849
0.36509,1.491887798583
0.365932,1.491760176332
0.366775,1.491633206234
0.367621,1.491506884452
0.368468,1.491381207173
0.369317,1.491256170609
0.370169,1.491131770996
0.371022,1.491008004594
0.371877,1.490884867685
0.372735,1.490762356577
0.373594,1.4906404676
0.374455,1.490519197106
0.375318,1.490398541471
0.376184,1.490278497093
0.377051,1.490159060394
0.37792,1.490040227815
0.378791,1.48992199582
0.379664,1.489804360898
0.38054,1.489687319555
0.381417,1.489570868321
0.382296,1.489455003746
0.383177,1.489339722402
0.384061,1.489225020881
0.384946,1.489110895797
0.385833,1.488997343782
0.386723,1.488884361492
0.387614,1.488771945599
0.388508,1.488660092798
0.389404,1.488548799803
0.390301,1.488438063347
0.391201,1.488327880184
0.392103,1.488218247086
0.393007,1.488109160846
0.393913,1.488000618274
0.394821,1.487892616199
0.395731,1.487785151471
0.396643,1.487678220958
0.397557,1.487571821543
0.398474,1.487465950133
0.399392,1.487360603651
0.400313,1.487255779035
0.401236,1.487151473245
0.402161,1.487047683259
0.403088,1.48694440607
0.404017,1.486841638689
0.404949,1.486739378147
0.405882,1.48663762149
0.406818,1.486536365782
0.407756,1.486435608105
0.408696,1.486335345556
0.409638,1.486235575252
0.410582,1.486136294322
0.411528,1.486037499917
0.412477,1.485939189201
0.413428,1.485841359354
0.414381,1.485744007577
0.415336,1.485647131081
0.416294,1.485550727098
0.417253,1.485454792873
0.418215,1.485359325669
0.419179,1.485264322763
0.420146,1.485169781448
0.421114,1.485075699035
0.422085,1.484982072846
0.423058,1.484888900222
0.424033,1.484796178517
0.425011,1.484703905103
0.42599,1.484612077365
0.426972,1.484520692702
0.427957,1.48442974853
0.428943,1.484339242278
0.429932,1.484249171392
0.430923,1.48415953333
0.431917,1.484070325566
0.432912,1.483981545589
0.43391,1.483893190898
0.43491,1.483805259013
0.435913,1.483717747463
0.436918,1.483630653793
0.437925,1.483543975561
0.438935,1.48345771034
0.439946,1.483371855716
0.440961,1.483286409288
0.441977,1.48320136867
0.442996,1.483116731489
0.444017,1.483032495384
0.445041,1.482948658009
0.446067,1.482865217031
0.447095,1.48278217013
0.448126,1.482699514999
0.449159,1.482617249343
0.450194,1.482535370881
0.451232,1.482453877344
0.452272,1.482372766477
0.453315,1.482292036037
0.45436,1.482211683793
0.455407,1.482131707526
0.456457,1.482052105032
0.457509,1.481972874115
0.458564,1.481894012597
0.459621,1.481815518306
0.460681,1.481737389087
0.461743,1.481659622795
0.462807,1.481582217294
0.463874,1.481505170467
0.464943,1.481428480201
0.466015,1.481352144399
0.467089,1.481276160977
0.468166,1.481200527856
0.469245,1.481125242976
0.470327,1.481050304285
0.471411,1.48097570974
0.472498,1.480901457315
0.473587,1.48082754499
0.474679,1.480753970757
0.475773,1.480680732621
0.47687,1.480607828597
0.477969,1.48053525671
0.479071,1.480463014997
0.480175,1.480391101506
0.481282,1.480319514293
0.482392,1.480248251427
0.483504,1.480177310988
0.484618,1.480106691065
0.485736,1.480036389756
0.486855,1.479966405174
0.487978,1.479896735437
0.489102,1.479827378677
0.49023,1.479758333033
0.49136,1.479689596658
0.492493,1.47962116771
0.493628,1.47955304436
0.494766,1.479485224791
0.495907,1.479417707189
0.49705,1.479350489756
0.498196,1.479283570702
0.499344,1.479216948244
0.500495,1.479150620612
0.501649,1.479084586044
0.502805,1.479018842787
0.503964,1.478953389097
0.505126,1.478888223241
0.506291,1.478823343492
0.507458,1.478758748137
0.508628,1.478694435468
0.5098,1.478630403786
0.510975,1.478566651405
0.512153,1.478503176642
0.513334,1.478439977828
0.514517,1.4783770533
0.515703,1.478314401405
0.516892,1.478252020498
0.518084,1.478189908942
0.519278,1.478128065108
0.520475,1.478066487379
0.521675,1.478005174142
0.522877,1.477944123797
0.524083,1.477883334746
0.525291,1.477822805406
0.526502,1.477762534198
0.527716,1.477702519551
0.528932,1.477642759905
0.530151,1.477583253704
0.531373,1.477523999406
0.532598,1.477464995469
0.533826,1.477406240366
0.535057,1.477347732574
0.53629,1.477289470575
0.537526,1.477231452869
0.538766,1.47717367795
0.540008,1.477116144331
0.541252,1.477058850525
0.5425,1.477001795057
0.543751,1.476944976456
0.545004,1.476888393262
0.546261,1.476832044019
0.54752,1.47677592728
0.548782,1.476720041606
0.550047,1.476664385562
0.551315,1.476608957723
0.552586,1.476553756672
0.55386,1.476498780995
0.555137,1.476444029286
0.556416,1.476389500149
0.557699,1.476335192193
0.558985,1.476281104033
0.560273,1.476227234293
0.561565,1.476173581599
0.562859,1.476120144589
0.564157,1.476066921904
0.565457,1.476013912195
0.566761,1.475961114115
0.568067,1.475908526327
0.569377,1.4758561475
0.570689,1.475803976309
0.572005,1.475752011432
0.573324,1.475700251561
0.574645,1.475648695384
0.57597,1.475597341607
0.577298,1.475546188932
0.578629,1.47549523607
0.579962,1.475444481742
0.581299,1.475393924671
0.582639,1.475343563585
0.583983,1.475293397221
0.585329,1.475243424324
0.586678,1.47519364364
0.588031,1.475144053916
0.589386,1.475094653922
0.590745,1.475045442415
0.592107,1.47499641817
0.593471,1.474947579957
0.59484,1.474898926566
0.596211,1.474850456777
0.597585,1.474802169385
0.598963,1.474754063191
0.600344,1.474706136997
0.601728,1.47465838961
0.603115,1.474610819846
0.604505,1.474563426521
0.605898,1.474516208468
0.607295,1.474469164509
0.608695,1.474422293482
0.610098,1.474375594228
0.611505,1.474329065595
0.612914,1.474282706425
0.614327,1.474236515581
0.615744,1.47419049192
0.617163,1.474144634311
0.618586,1.474098941621
0.620012,1.474053412723
0.621441,1.474008046502
0.622874,1.473962841837
0.624309,1.473917797624
0.625749,1.473872912751
0.627191,1.473828186121
0.628637,1.473783616636
0.630086,1.473739203204
0.631539,1.473694944737
0.632994,1.47365084015
0.634454,1.47360688837
0.635916,1.473563088318
0.637382,1.473519438927
0.638851,1.473475939131
0.640324,1.473432587871
0.6418,1.473389384085
0.64328,1.473346326727
0.644763,1.473303414746
0.646249,1.473260647098
0.647739,1.473218022745
0.649232,1.473175540644
0.650729,1.473133199774
0.652229,1.473090999104
0.653732,1.47304893761
0.655239,1.473007014269
0.65675,1.472965228072
0.658264,1.472923578003
0.659781,1.472882063056
0.661302,1.472840682226
0.662827,1.472799434515
0.664354,1.472758318928
0.665886,1.472717334463
0.667421,1.472676480147
0.66896,1.472635754984
0.670502,1.472595157997
0.672047,1.472554688201
0.673597,1.472514344637
0.675149,1.472474126317
0.676706,1.472434032289
0.678266,1.472394061583
0.679829,1.472354213234
0.681396,1.472314486294
0.682967,1.472274879809
0.684542,1.472235392823
0.68612,1.472196024396
0.687701,1.472156773581
0.689287,1.472117639442
0.690876,1.472078621044
0.692468,1.472039717444
0.694065,1.472000927719
0.695665,1.471962250947
0.697268,1.471923686198
0.698876,1.471885232548
0.700487,1.471846889088
0.702101,1.471808654895
0.70372,1.471770529064
0.705342,1.471732510691
0.706968,1.471694598858
0.708598,1.471656792672
0.710231,1.471619091232
0.711869,1.471581493635
0.71351,1.471543998995
0.715154,1.471506606417
0.716803,1.471469315013
0.718455,1.471432123904
0.720112,1.4713950322
0.721772,1.471358039016
0.723436,1.471321143488
0.725103,1.471284344733
0.726775,1.47124764188
0.72845,1.471211034068
0.730129,1.471174520418
0.731813,1.471138100075
0.7335,1.47110177217
0.73519,1.471065535848
0.736885,1.471029390249
0.738584,1.470993334525
0.740287,1.47095736782
0.741993,1.470921489286
0.743704,1.470885698071
0.745418,1.470849993335
0.747136,1.470814374238
0.748859,1.470778839939
0.750585,1.470743389593
0.752315,1.470708022371
0.75405,1.470672737436
0.755788,1.470637533961
0.75753,1.47060241111
0.759276,1.470567368061
0.761027,1.470532403999
0.762781,1.47049751809
0.764539,1.470462709506
0.766302,1.470427977432
0.768068,1.470393321068
0.769839,1.470358739587
0.771614,1.470324232173
0.773392,1.470289798014
0.775175,1.470255436316
0.776962,1.470221146259
0.778753,1.470186927039
0.780548,1.470152777857
0.782348,1.470118697903
0.784151,1.470084686395
0.785959,1.470050742512
0.787771,1.470016865475
0.789587,1.469983054481
0.791407,1.469949308739
0.793231,1.469915627465
0.79506,1.469882009857
0.796893,1.469848455136
0.79873,1.469814962517
0.800571,1.469781531204
0.802417,1.469748160415
0.804266,1.469714849391
0.80612,1.469681597319
0.807979,1.469648403447
0.809841,1.469615266981
0.811708,1.46958218715
0.813579,1.469549163181
0.815455,1.469516194298
0.817335,1.46948327974
0.819219,1.469450418722
0.821107,1.469417610473
0.823,1.469384854242
0.824897,1.469352149247
0.826799,1.469319494732
0.828705,1.469286889925
0.830615,1.469254334065
0.83253,1.469221826396
0.834449,1.469189366152
0.836373,1.469156952578
0.838301,1.469124584898
0.840233,1.469092262386
0.84217,1.469059984252
0.844112,1.469027749764
0.846057,1.468995558163
0.848008,1.468963408683
0.849963,1.468931300582
0.851922,1.468899233109
0.853886,1.468867205513
0.855854,1.46883521704
0.857827,1.468803266939
0.859805,1.468771354463
0.861787,1.468739478868
0.863773,1.468707639413
0.865765,1.468675835333
0.86776,1.468644065904
0.869761,1.468612330381
0.871766,1.468580628001
0.873776,1.468548958022
0.87579,1.468517319716
0.877809,1.468485712335
0.879832,1.46845413515
0.88186,1.468422587398
0.883893,1.468391068357
0.885931,1.46835957727
0.887973,1.468328113412
0.89002,1.468296676036
0.892072,1.468265264406
0.894128,1.468233877798
0.89619,1.468202515445
0.898255,1.468171176634
0.900326,1.468139860619
0.902402,1.468108566664
0.904482,1.468077294042
0.906567,1.468046041993
0.908657,1.468014809808
0.910751,1.467983596733
0.912851,1.467952402057
0.914955,1.467921225017
0.917064,1.467890064882
0.919179,1.467858920925
0.921297,1.467827792429
0.923421,1.467796678626
0.92555,1.467765578812
0.927684,1.467734492221
0.929822,1.467703418145
0.931966,1.467672355835
0.934114,1.467641304552
0.936267,1.467610263586
0.938426,1.467579232175
0.940589,1.467548209608
0.942757,1.467517195124
0.94493,1.467486188011
0.947109,1.467455187496
0.949292,1.467424192901
0.95148,1.467393203461
0.953674,1.467362218415
0.955872,1.467331237068
0.958076,1.46730025866
0.960284,1.467269282472
0.962498,1.467238307735
0.964717,1.467207333743
0.966941,1.467176359748
0.96917,1.467145384993
0.971404,1.467114408778
0.973643,1.467083430317
0.975888,1.467052448909
0.978137,1.467021463778
0.980392,1.46699047421
0.982652,1.466959479461
0.984918,1.466928478771
0.987188,1.466897471417
0.989464,1.46686645663
0.991745,1.46683543369
0.994031,1.466804401824
0.996322,1.466773360318
0.998619,1.466742308407
1.00092,1.466711245341
1.00323,1.466680170383
1.00554,1.466649082777
1.00786,1.466617981767
1.01018,1.466586866593
1.01251,1.46655573652
1.01485,1.466524590787
1.01718,1.466493428658
1.01953,1.466462249347
1.02188,1.466431052111
1.02424,1.466399836183
1.0266,1.466368600827
1.02896,1.466337345257
1.03134,1.466306068724
1.03371,1.466274770459
1.0361,1.466243449699
1.03848,1.466212105687
1.04088,1.466180737646
1.04328,1.466149344823
1.04568,1.466117926421
1.04809,1.466086481688
1.05051,1.466055009858
1.05293,1.466023510125
1.05536,1.465991981732
1.05779,1.465960423941
1.06023,1.465928835905
1.06267,1.465897216866
1.06512,1.465865566052
1.06758,1.465833882689
1.07004,1.46580216598
1.07251,1.465770415117
1.07498,1.465738629347
1.07746,1.465706807859
1.07994,1.465674949844
1.08243,1.465643054529
1.08493,1.465611121129
1.08743,1.465579148817
1.08993,1.465547136781
1.09245,1.465515084243
1.09496,1.465482990399
1.09749,1.465450854414
1.10002,1.465418675524
1.10255,1.465386452868
1.1051,1.465354185647
1.10764,1.465321873049
1.1102,1.465289514282
1.11276,1.465257108463
1.11532,1.46522465482
1.11789,1.465192152505
1.12047,1.465159600656
1.12305,1.465126998496
1.12564,1.465094345171
1.12824,1.46506163981
1.13084,1.465028881621
1.13344,1.46499606974
1.13606,1.464963203313
1.13868,1.464930281503
1.1413,1.46489730348
1.14393,1.464864268304
1.14657,1.464831175216
1.14921,1.464798023268
1.15186,1.464764811662
1.15452,1.464731539498
1.15718,1.464698205921
1.15984,1.464664810002
1.16252,1.46463135097
1.1652,1.464597827837
1.16788,1.464564239739
1.17058,1.464530585844
1.17328,1.46449686523
1.17598,1.464463076961
1.17869,1.46442922017
1.18141,1.46439529399
1.18413,1.464361297433
1.18686,1.464327229625
1.1896,1.464293089617
1.19234,1.464258876569
1.19509,1.464224589479
1.19784,1.46419022746
1.2006,1.464155789522
1.20337,1.464121274803
1.20615,1.464086682275
1.20893,1.46405201106
1.21171,1.464017260174
1.21451,1.463982428681
1.21731,1.46394751563
1.22011,1.463912519974
1.22293,1.463877440787
1.22574,1.463842277081
1.22857,1.463807027916
1.2314,1.463771692221
1.23424,1.463736269092
1.23709,1.463700757455
1.23994,1.463665156356
1.2428,1.463629464739
1.24566,1.463593681617
1.24853,1.463557805935
1.25141,1.463521836662
1.2543,1.463485772754
1.25719,1.463449613222
1.26009,1.463413356958
1.26299,1.46337700291
1.2659,1.463340550003
1.26882,1.463303997204
1.27174,1.46326734341
1.27468,1.463230587512
1.27761,1.463193728461
1.28056,1.463156765119
1.28351,1.463119696342
1.28647,1.463082521011
1.28944,1.463045238072
1.29241,1.46300784634
1.29539,1.462970344639
1.29837,1.462932731863
1.30137,1.462895006807
1.30437,1.462857168347
1.30737,1.462819215245
1.31039,1.462781146291
1.31341,1.462742960369
1.31644,1.462704656157
1.31947,1.462666232549
1.32251,1.462627688183
1.32556,1.462589021881
1.32862,1.462550232401
1.33168,1.462511318411
1.33475,1.462472278628
1.33783,1.462433111871
1.34091,1.462393816749
1.344,1.462354391896
1.3471,1.462314836047
1.35021,1.462275147869
1.35332,1.462235326009
1.35644,1.462195369068
1.35956,1.4621552756
1.3627,1.462115044382
1.36584,1.462074673854
1.36899,1.462034162646
1.37214,1.461993509333
1.37531,1.461952712543
1.37848,1.461911770576
1.38166,1.461870682165
1.38484,1.461829445755
1.38803,1.461788059774
1.39123,1.461746522792
1.39444,1.461704833308
1.39765,1.461662989611
1.40088,1.461620990249
1.40411,1.461578833588
1.40734,1.461536518079
1.41059,1.461494042124
1.41384,1.461451403958
1.4171,1.461408602185
1.42036,1.461365634911
1.42364,1.461322500618
1.42692,1.461279197549
1.43021,1.461235724041
1.43351,1.461192078354
1.43681,1.461148258783
1.44012,1.461104263693
1.44344,1.461060091058
1.44677,1.461015739391
1.45011,1.460971206837
1.45345,1.46092649151
1.4568,1.460881591733
1.46016,1.46083650566
1.46352,1.460791231496
1.4669,1.460745767452
1.47028,1.460700111464
1.47367,1.46065426201
1.47707,1.46060821708
1.48047,1.460561974882
1.48388,1.460515533515
1.4873,1.460468890981
1.49073,1.460422045634
1.49417,1.460374995483
1.49761,1.460327738793
1.50107,1.460280273521
1.50453,1.460232597781
1.50799,1.460184709889
1.51147,1.46013660784
1.51496,1.460088289849
1.51845,1.460039754028
1.52195,1.459990998563
1.52546,1.459942021578
1.52897,1.459892821123
1.5325,1.459843395665
1.53603,1.45979374319
1.53957,1.459743861832
1.54312,1.459693750102
1.54668,1.459643406012
1.55024,1.459592827946
1.55382,1.459542014123
1.5574,1.459490962899
1.56099,1.459439672398
1.56459,1.459388141243
1.56819,1.45933636776
1.57181,1.459284350205
1.57543,1.459232087231
1.57906,1.459179577107
1.5827,1.459126818322
1.58635,1.459073809613
1.59001,1.459020549421
1.59368,1.458967036287
1.59735,1.458913269049
1.60103,1.458859246179
1.60472,1.458804966629
1.60842,1.45875042903
1.61213,1.458695632087
1.61585,1.458640574896
1.61957,1.458585256255
1.6233,1.458529675133
1.62705,1.4584738304
1.6308,1.458417721154
1.63456,1.458361346698
1.63832,1.458304705829
1.6421,1.458247798195
1.64589,1.458190622557
1.64968,1.45813317851
1.65348,1.458075465283
1.6573,1.458017482359
1.66112,1.457959229144
1.66494,1.457900705131
1.66878,1.457841909876
1.67263,1.457782843015
1.67649,1.457723504205
1.68035,1.457663893042
1.68422,1.457604009371
1.68811,1.457543853042
1.692,1.457483423817
1.6959,1.457422721474
1.69981,1.457361746301
1.70373,1.45730049783
1.70765,1.457238976392
1.71159,1.45717718198
1.71554,1.457115114703
1.71949,1.457052774515
1.72345,1.456990161848
1.72743,1.456927276647
1.73141,1.456864119129
1.7354,1.456800689674
1.7394,1.456736988506
1.74341,1.456673015898
1.74743,1.456608772054
1.75146,1.456544257493
1.7555,1.456479472223
1.75954,1.456414417009
1.7636,1.456349091673
1.76766,1.456283496922
1.77174,1.456217632733
1.77582,1.456151499576
1.77992,1.456085098017
1.78402,1.456018427692
1.78813,1.455951489316
1.79226,1.455884282997
1.79639,1.455816808769
1.80053,1.455749066975
1.80468,1.45568105777
1.80884,1.455612781012
1.81301,1.455544236561
1.81719,1.455475424615
1.82138,1.455406345187
1.82558,1.455336997704
1.82978,1.455267382135
1.834,1.455197498322
1.83823,1.455127345392
1.84247,1.455056922985
1.84671,1.454986230746
1.85097,1.454915267413
1.85524,1.454844033005
1.85952,1.454772526098
1.8638,1.454700745385
1.8681,1.454628690346
1.87241,1.454556359194
1.87672,1.454483750835
1.88105,1.454410863654
1.88538,1.454337695517
1.88973,1.45426424533
1.89409,1.454190510537
1.89845,1.45411648912
1.90283,1.454042178913
1.90722,1.453967577331
1.91161,1.453892681809
1.91602,1.453817489261
1.92044,1.453741997007
1.92486,1.453666201368
1.9293,1.453590099623
1.93375,1.453513687538
1.93821,1.453436961725
1.94267,1.453359917908
1.94715,1.453282552134
1.95164,1.45320485952
1.95614,1.453126835924
1.96065,1.453048476246
1.96517,1.452969775569
1.9697,1.452890728205
1.97424,1.452811328783
1.97879,1.452731571527
1.98335,1.452651450051
1.98792,1.452570958493
1.99251,1.452490089933
1.9971,1.452408837484
2.0017,1.452327194431
2.00632,1.452245152776
2.01094,1.452162705581
2.01558,1.452079844441
2.02023,1.451996561399
2.02488,1.451912847726
2.02955,1.451828694685
2.03423,1.451744093281
2.03892,1.451659034012
2.04362,1.451573507414
2.04833,1.451487503335
2.05305,1.451401011178
2.05778,1.451314020949
2.06253,1.451226520785
2.06728,1.451138499948
2.07205,1.451049946678
2.07682,1.450960848869
2.08161,1.450871194191
2.08641,1.450780970063
2.09122,1.450690162875
2.09604,1.450598759722
2.10087,1.450506746377
2.10572,1.450414108247
2.11057,1.450320831374
2.11544,1.450226900063
2.12031,1.450132298594
2.1252,1.4500370115
2.1301,1.449941021718
2.13501,1.449844312162
2.13993,1.449746865717
2.14486,1.449648663721
2.14981,1.449549688104
2.15476,1.449449919723
2.15973,1.449349338163
2.16471,1.449247923182
2.1697,1.449145653754
2.1747,1.449042507918
2.17972,1.448938462828
2.18474,1.448833495844
2.18978,1.448727581723
2.19482,1.448620695791
2.19988,1.448512811799
2.20496,1.448403902765
2.21004,1.448293940319
2.21513,1.448182895302
2.22024,1.44807073718
2.22536,1.447957434586
2.23049,1.447842953539
2.23563,1.447727261058
2.24078,1.447610319972
2.24595,1.447492093758
2.25113,1.447372544299
2.25632,1.44725163029
2.26152,1.447129311011
2.26673,1.44700554293
2.27196,1.446880282419
2.27719,1.446753483968
2.28244,1.446625099835
2.2877,1.446495082964
2.29298,1.446363384886
2.29826,1.446229956655
2.30356,1.44609474986
2.30887,1.445957714296
2.31419,1.445818802519
2.31953,1.445677965806
2.32488,1.445535159477
2.33024,1.44539033813
2.33561,1.445243460591
2.34099,1.445094487316
2.34639,1.444943382892
2.3518,1.444790114536
2.35722,1.444634654918
2.36265,1.444476980363
2.3681,1.444317071461
2.37356,1.444154914689
2.37903,1.443990499512
2.38451,1.443823821092
2.39001,1.443654878033
2.39552,1.443483671464
2.40104,1.443310206253
2.40658,1.44313448926
2.41213,1.442956523788
2.41769,1.442776314846
2.42326,1.44259386373
2.42885,1.44240916405
2.43444,1.442222203852
2.44006,1.442032958682
2.44568,1.441841394795
2.45132,1.441647457449
2.45697,1.441451077054
2.46263,1.441252160147
2.46831,1.44105058997
2.474,1.440846219127
2.4797,1.440638871847
2.48542,1.440428336267
2.49115,1.440214363555
2.49689,1.439996663798
2.50265,1.439774904912
2.50842,1.439548706826
2.5142,1.439317639635
2.52,1.439081220256
2.52581,1.438838906076
2.53163,1.438590094552
2.53746,1.438334112801
2.54331,1.438070210178
2.54918,1.437797554452
2.55505,1.437515216026
2.56094,1.437222164847
2.56685,1.436917259398
2.57276,1.436599257706
2.57869,1.436266827981
2.58464,1.435918589354
2.5906,1.43555316077
2.59657,1.435169223419
2.60255,1.434765562089
2.60855,1.434341069748
2.61457,1.433894650345
2.62059,1.433425015216
2.62664,1.43293032898
2.63269,1.432407730154
2.63876,1.431852755624
2.64484,1.431258694262
2.65094,1.430615865539
2.65705,1.429910742203
2.66318,1.429124851567
2.66932,1.428233737336
2.67547,1.427207301462
2.68164,1.426014627721
2.68782,1.424637732466
2.69401,1.423096731654
2.70022,1.421480734402
2.70645,1.419965961334
2.71269,1.418795481805
2.71894,1.418207582771
2.72521,1.418334819899
2.73149,1.419130190795
2.73779,1.420374883872
2.7441,1.421772601223
2.75043,1.42307489677
2.75677,1.424162481785
2.76312,1.425044556105
2.76949,1.425796584584
2.77587,1.426489514441
2.78227,1.4271525025
2.78869,1.427776776533
2.79512,1.428341145434
2.80156,1.428835121396
2.80802,1.429267288513
2.81449,1.429660155772
2.82098,1.430039450085
2.82748,1.430425163893
2.834,1.430827715344
2.84053,1.431248826317
2.84708,1.431684929075
2.85364,1.43213085931
2.86022,1.432582436882
2.86682,1.433037564342
2.87342,1.43349612996
2.88005,1.433959241213
2.88669,1.434428335289
2.89334,1.434904467151
2.90001,1.435387927982
2.9067,1.435878170767
2.9134,1.436373945757
2.92011,1.436873536325
2.92685,1.43737497274
2.93359,1.437876168543
2.94036,1.438374993457
2.94713,1.438869254168
2.95393,1.439356647884
2.96074,1.439834762784
2.96756,1.440301097171
2.9744,1.44075317864
2.98126,1.441188711676
2.98813,1.441605791258
2.99502,1.442003068994
3.00193,1.442379907361
3.00885,1.442736430967
3.01578,1.443073483701
3.02273,1.443392513007
3.0297,1.443695365212
3.03669,1.44398403997
3.04369,1.444260453824
3.0507,1.444526203635
3.05774,1.444782420948
3.06478,1.445029644885
3.07185,1.445267823219
3.07893,1.445496336044
3.08603,1.445714100075
3.09314,1.445919703209
3.10027,1.446111547359
3.10742,1.446288003624
3.11458,1.446447547591
3.12176,1.446588860007
3.12896,1.446710924206
3.13617,1.446813051408
3.1434,1.446894915335
3.15065,1.446956526298
3.15791,1.44699821396
3.16519,1.447020560893
3.17249,1.447024356229
3.1798,1.447010520286
3.18713,1.44698004871
3.19448,1.446933942528
3.20184,1.446873161104
3.20922,1.446798577137
3.21662,1.446710947122
3.22404,1.446610894875
3.23147,1.44649890407
3.23892,1.446375324253
3.24638,1.446240389406
3.25387,1.446094235762
3.26137,1.445936935638
3.26889,1.44576851189
3.27642,1.445588976911
3.28398,1.445398338708
3.29155,1.44519661929
3.29913,1.444983860696
3.30674,1.444760088337
3.31436,1.444525276669
3.322,1.444279216029
3.32966,1.444021154718
3.33734,1.44374873266
3.34503,1.443455815258
3.35274,1.443137150988
3.36047,1.442821788796
3.36822,1.442592855981
3.37598,1.442467627537
3.38376,1.442307257912
3.39156,1.442012796589
3.39938,1.441648202819
3.40722,1.441310360443
3.41507,1.441043901382
3.42294,1.440834291082
3.43084,1.440620356929
3.43874,1.44035143935
3.44667,1.440030202656
3.45462,1.439688069251
3.46258,1.439345556053
3.47056,1.439005082607
3.47856,1.438660594574
3.48658,1.438302952277
3.49462,1.437944316267
3.50268,1.43764958841
3.51075,1.437396740273
3.51884,1.437071027302
3.52695,1.436696298446
3.53509,1.436327290835
3.54323,1.435966756145
3.5514,1.435609200268
3.55959,1.435252666281
3.56779,1.434896482294
3.57602,1.434540274552
3.58426,1.434183770592
3.59253,1.433826744189
3.60081,1.43346899693
3.60911,1.433110378596
3.61743,1.432750781403
3.62577,1.432390163619
3.63413,1.432028537704
3.6425,1.43166597172
3.6509,1.431302600389
3.65932,1.43093857665
3.66775,1.430574084426
3.67621,1.4302093252
3.68468,1.429844487006
3.69317,1.429479735722
3.70169,1.429115216461
3.71022,1.428751024341
3.71877,1.428387225149
3.72735,1.428023814916
3.73594,1.427660766955
3.74455,1.427297994144
3.75318,1.426935389411
3.76184,1.426572808718
3.77051,1.426210084889
3.7792,1.425847058115
3.78791,1.42548355143
3.79664,1.425119404879
3.8054,1.42475447658
3.81417,1.424388635882
3.82296,1.424021792563
3.83177,1.423653874357
3.84061,1.42328483949
3.84946,1.422914661859
3.85833,1.422543356591
3.86723,1.422170939072
3.87614,1.421797456407
3.88508,1.421422953046
3.89404,1.421047487905
3.90301,1.420671108284
3.91201,1.420293865245
3.92103,1.419915803907
3.93007,1.41953695856
3.93913,1.419157342763
3.94821,1.4187769706
3.95731,1.4183958354
3.96643,1.418013918289
3.97557,1.417631194107
3.98474,1.417247616642
3.99392,1.416863138745
4.00313,1.416477706663
4.01236,1.416091255523
4.02161,1.415703726714
4.03088,1.415315048341
4.04017,1.414925154548
4.04949,1.414533985921
4.05882,1.41414148305
4.06818,1.413747585048
4.07756,1.413352245627
4.08696,1.412955413613
4.09638,1.412557043513
4.10582,1.412157104164
4.11528,1.411755549371
4.12477,1.411352345211
4.13428,1.410947451077
4.14381,1.410540814459
4.15336,1.410132370706
4.16294,1.40972202705
4.17253,1.409309647795
4.18215,1.40889501628
4.19179,1.408477796568
4.20146,1.408057414048
4.21114,1.407632870578
4.22085,1.407202161712
4.23058,1.406760508099
4.24033,1.406292649539
4.25011,1.405766587583
4.2599,1.405286755098
4.26972,1.405174025619
4.27957,1.405099469512
4.28943,1.404645592284
4.29932,1.404106893131
4.30923,1.403623965696
4.31917,1.40316779087
4.32912,1.402720605791
4.3391,1.402276795975
4.3491,1.401834010751
4.35913,1.401390976767
4.36918,1.400946895287
4.37925,1.400501235468
4.38935,1.400053564485
4.39946,1.399603532403
4.40961,1.399150859426
4.41977,1.398695275124
4.42996,1.398236557294
4.44017,1.397774491397
4.45041,1.397308877102
4.46067,1.396839526765
4.47095,1.396366287398
4.48126,1.39588899744
4.49159,1.395407514686
4.50194,1.394921693035
4.51232,1.394431432284
4.52272,1.393936593284
4.53315,1.3934370821
4.5436,1.392932782382
4.55407,1.392423595025
4.56457,1.391909413093
4.57509,1.391390139544
4.58564,1.390865664736
4.59621,1.390335852283
4.60681,1.389800590143
4.61743,1.389259743188
4.62807,1.388713154269
4.63874,1.388160643055
4.64943,1.387602059689
4.66015,1.387037192798
4.67089,1.386465867642
4.68166,1.385887862165
4.69245,1.385302993736
4.70327,1.384711072851
4.71411,1.384111961342
4.72498,1.383505527506
4.73587,1.382891707268
4.74679,1.382270536195
4.75773,1.381642088893
4.7687,1.381006590159
4.77969,1.380364413006
4.79071,1.379716026303
4.80175,1.379062072971
4.81282,1.378403376171
4.82392,1.377740929376
4.83504,1.377075848362
4.84618,1.376409422677
4.85736,1.375743028437
4.86855,1.375078146872
4.87978,1.374416271263
4.89102,1.373758894341
4.9023,1.373107388137
4.9136,1.372463027329
4.92493,1.371826815604
4.93628,1.371199508357
4.94766,1.370581565645
4.95907,1.369973000418
4.9705,1.369373473569
4.98196,1.368782191263
4.99344,1.36819795648
5.00495,1.36761916968
5.01649,1.367043908796
5.02805,1.366469960047
5.03964,1.365894916125
5.05126,1.36531628278
5.06291,1.364731575239
5.07458,1.364138468378
5.08628,1.363534854901
5.098,1.362918974551
5.10975,1.362289543295
5.12153,1.361645757372
5.13334,1.36098740803
5.14517,1.360314848318
5.15703,1.359629084438
5.16892,1.358931591381
5.18084,1.35822444605
5.19278,1.357510047935
5.20475,1.356791157961
5.21675,1.356070687686
5.22877,1.355351621007
5.24083,1.354636805764
5.25291,1.353928863812
5.26502,1.353230049514
5.27716,1.352542093699
5.28932,1.351866196839
5.30151,1.351202844176
5.31373,1.350551884709
5.32598,1.349912378505
5.33826,1.349282756967
5.35057,1.348660767467
5.3629,1.348043628743
5.37526,1.347428055937
5.38766,1.346810388072
5.40008,1.346186773403
5.41252,1.34555325269
5.425,1.344905871468
5.43751,1.34424089259
5.45004,1.343554772133
5.46261,1.342844432217
5.4752,1.34210714907
5.48782,1.341340798124
5.50047,1.340543764506
5.51315,1.339715039418
5.52586,1.338854101849
5.5386,1.33796109771
5.55137,1.337036539519
5.56416,1.336081476742
5.57699,1.335097295881
5.58985,1.334085739404
5.60273,1.333048720683
5.61565,1.331988377022
5.62859,1.330906890327
5.64157,1.329806505974
5.65457,1.32868937347
5.66761,1.327557539204
5.68067,1.326412968741
5.69377,1.32525734269
5.70689,1.324092157856
5.72005,1.322918676981
5.73324,1.321737846615
5.74645,1.320550316821
5.7597,1.31935645257
5.77298,1.318156249068
5.78629,1.316949365147
5.79962,1.315735112447
5.81299,1.31451246696
5.82639,1.313280118908
5.83983,1.312036477731
5.85329,1.310779830371
5.86678,1.30950852509
5.88031,1.308221226772
5.89386,1.306917235017
5.90745,1.305596790148
5.92107,1.304261536796
5.93471,1.302914724618
5.9484,1.301561351132
5.96211,1.300208124366
5.97585,1.298862732959
5.98963,1.297533003489
6.00344,1.296225709616
6.01728,1.294945207435
6.03115,1.293692661718
6.04505,1.292467368244
6.05898,1.291269449744
6.07295,1.290105429245
6.08695,1.288993322976
6.10098,1.287964618536
6.11505,1.287058693713
6.12914,1.286308316992
6.14327,1.285720121067
6.15744,1.285258681661
6.17163,1.284843840416
6.18586,1.284365626825
6.20012,1.28371296771
6.21441,1.282803705569
6.22874,1.281603969401
6.24309,1.280129715314
6.25749,1.278433104951
6.27191,1.27658122014
6.28637,1.274637208255
6.30086,1.272648893276
6.31539,1.270645565538
6.32994,1.268641007974
6.34454,1.266638680025
6.35916,1.26463640056
6.37382,1.26262988787
6.38851,1.260614423205
6.40324,1.258585671635
6.418,1.256539959935
6.4328,1.25447410887
6.44763,1.252385467444
6.46249,1.250271695153
6.47739,1.248130860744
6.49232,1.245961260188
6.50729,1.243761561246
6.52229,1.241530501961
6.53732,1.239267019497
6.55239,1.236970314082
6.5675,1.234639477919
6.58264,1.232274012381
6.59781,1.229873117482
6.61302,1.227436371192
6.62827,1.22496323157
6.64354,1.222453187694
6.65886,1.219905793487
6.67421,1.217320588095
6.6896,1.214697200946
6.70502,1.212035062904
6.72047,1.209333805885
6.73597,1.206592868956
6.75149,1.203811805072
6.76706,1.200990111106
6.78266,1.198127090856
6.79829,1.195222228787
6.81396,1.192274859297
6.82967,1.18928419965
6.84542,1.186249480967
6.8612,1.183169840614
6.87701,1.180044267514
6.89287,1.176871769572
6.90876,1.173651207879
6.92468,1.170381371297
6.94065,1.167060951832
6.95665,1.163688238638
6.97268,1.160261838197
6.98876,1.156779882999
7.00487,1.153240547027
7.02101,1.14964158304
7.0372,1.145980846891
7.05342,1.142255835533
7.06968,1.13846394918
7.08598,1.134602284613
7.10231,1.13066764057
7.11869,1.126656675724
7.1351,1.122565937254
7.15154,1.118391182322
7.16803,1.114128423035
7.18455,1.109772953213
7.20112,1.105319992547
7.21772,1.100764079098
7.23436,1.096099532708
7.25103,1.09132003718
7.26775,1.086419051336
7.2845,1.081389269378
7.30129,1.076222828985
7.31813,1.07091133275
7.335,1.065445480722
7.3519,1.059815321971
7.36885,1.054010189298
7.38584,1.048018177437
7.40287,1.041826617909
7.41993,1.035421694759
7.43704,1.028788416947
7.45418,1.021910642175
7.47136,1.014770813776
7.48859,1.00734960842
7.50585,0.9996268328079
7.52315,0.9915802660638
7.5405,0.9831863219687
7.55788,0.9744196154616
7.5753,0.9652532486839
7.59276,0.9556587041054
7.61027,0.9456061074836
7.62781,0.9350643131026
7.64539,0.9240006945423
7.66302,0.912382576815
7.68068,0.9001763241058
7.69839,0.8873490769663
7.71614,0.8738687229526
7.73392,0.8597054352263
7.75175,0.8448325615748
7.76962,0.829228497693
7.78753,0.8128787784099
7.80548,0.7957781585668
7.82348,0.7779354059625
7.84151,0.7593769928102
7.85959,0.7401529145742
7.87771,0.7203448939726
7.89587,0.7000752458007
7.91407,0.6795179133556
7.93231,0.6589101386318
7.9506,0.6385624971159
7.96893,0.6188626889187
7.9873,0.6002666252102
8.00571,0.583269024092
8.02417,0.5683517912414
8.04266,0.5559163078649
8.0612,0.5462210963592
8.07979,0.5393466741526
8.09841,0.5351997356084
8.11708,0.5335494436089
8.13579,0.5340771726683
8.15455,0.5364241520113
8.17335,0.5402268172244
8.19219,0.5451400920743
8.21107,0.5508515957878
8.23,0.557088549855
8.24897,0.5636227074233
8.26799,0.5702727342524
8.28705,0.576906051398
8.30615,0.583437986359
8.3253,0.5898306056442
8.34449,0.5960870239095
8.36373,0.6022433815134
8.38301,0.6083575907733
8.40233,0.6144951119373
8.4217,0.620714514611
8.44112,0.6270540892446
8.46057,0.633520827394
8.48008,0.6400859525973
8.49963,0.6466854549259
8.51922,0.6532272337749
8.53886,0.6596033813823
8.55854,0.665705475236
8.57827,0.6714402967059
8.59805,0.676743717359
8.61787,0.6815894937192
8.63773,0.6859912742195
8.65765,0.6899971121991
8.6776,0.6936764838865
8.69761,0.6971017727954
8.71766,0.7003276834009
8.73776,0.7033723347991
8.7579,0.7062038141356
8.77809,0.7087367238248
8.79832,0.7108395956276
8.8186,0.7123570687502
8.83893,0.7131442123226
8.85931,0.7131139523137
8.87973,0.7122941344226
8.9002,0.7108893376204
8.92072,0.7093403288259
8.94128,0.7083713626132
8.9619,0.7090122809943
8.98255,0.7125831076472
9.00326,0.7206303041839
9.02402,0.7348083381923
9.04482,0.7567090115578
9.06567,0.7876554620514
9.08657,0.8284933199034
9.10751,0.8794263528298
9.12851,0.9399439907348
9.14955,1.008872144555
9.17064,1.084546399848
9.19179,1.165068995136
9.21297,1.248580790846
9.23421,1.33347688737
9.2555,1.418513312921
9.27684,1.502797082752
9.29822,1.585692822484
9.31966,1.666705716318
9.34114,1.745394802684
9.36267,1.821343138403
9.38426,1.894179689286
9.40589,1.9636258418
9.42757,2.029535031934
9.4493,2.091907173596
9.47109,2.150871123548
9.49292,2.2066423074
9.5148,2.259468691311
9.53674,2.309577259637
9.55872,2.357130506901
9.58076,2.402200442777
9.60284,2.444758057824
9.62498,2.484679594784
9.64717,2.521763711795
9.66941,2.555756379823
9.6917,2.586378168681
9.71404,2.613351398958
9.73643,2.636423854827
9.75888,2.655387652478
9.78137,2.670092974524
9.80392,2.68045613728
9.82652,2.686463707336
9.84918,2.688171324632
9.87188,2.685700756609
9.89464,2.679234488528
9.91745,2.669007879761
9.94031,2.655300900326
9.96322,2.63843037921
9.98619,2.618740729146
10.0092,2.596595669062
10.0323,2.572369953991
10.0554,2.546442003254
10.0786,2.519186515224
10.1018,2.490968447827
10.1251,2.462136780131
10.1485,2.433019775934
10.1718,2.403920535953
10.1953,2.375113505316
10.2188,2.346841623265
10.2424,2.319314678685
10.266,2.292708321776
10.2896,2.267163538938
10.3134,2.242787510581
10.3371,2.219655035485
10.361,2.197810794853
10.3848,2.177271199509
10.4088,2.158028628415
10.4328,2.140053374069
10.4568,2.12329837475
10.4809,2.107701892797
10.5051,2.093191364428
10.5293,2.079685965988
10.5536,2.067100307919
10.5779,2.055345890687
10.6023,2.044334080105
10.6267,2.033977840743
10.6512,2.024192374557
10.6758,2.014896824448
10.7004,2.006015173303
10.7251,1.997476115657
10.7498,1.989213646889
10.7746,1.98116734606
10.7994,1.973282160231
10.8243,1.965508510007
10.8493,1.957801459457
10.8743,1.950120745637
10.8993,1.942431020156
10.9245,1.93470072865
10.9496,1.92690202074
10.9749,1.91901095405
11.0002,1.911006191303
11.0255,1.902870075306
11.051,1.894586954986
11.0764,1.886144201267
11.102,1.877531660534
11.1276,1.868742057207
11.1532,1.859769612086
11.1789,1.850611914202
11.2047,1.841268981453
11.2305,1.831744399933
11.2564,1.822044166375
11.2824,1.812178854022
11.3084,1.802162439102
11.3344,1.792013979697
11.3606,1.781757842404
11.3868,1.771423379992
11.413,1.76104657248
11.4393,1.7506699279
11.4657,1.740342599045
11.4921,1.730121383273
11.5186,1.720069807643
11.5452,1.71025918731
11.5718,1.700766860865
11.5984,1.691677190847
11.6252,1.683078166274
11.652,1.675062669713
11.6788,1.667723909353
11.7058,1.661155534526
11.7328,1.655448027022
11.7598,1.650685206793
11.7869,1.646943664441
11.8141,1.644287540527
11.8413,1.642768362835
11.8686,1.642419886049
11.896,1.643258540763
11.9234,1.645282355508
11.9509,1.648469256735
11.9784,1.652777870456
12.006,1.658148671656
12.0337,1.664505398083
12.0615,1.671757082194
12.0893,1.679800438346
12.1171,1.688522468749
12.1451,1.697803158987
12.1731,1.707518150121
12.2011,1.717541295769
12.2293,1.727747035614
12.2574,1.738012538736
12.2857,1.748219589351
12.314,1.758256203062
12.3424,1.768017973435
12.3709,1.777409157013
12.3994,1.786343510231
12.428,1.794744894863
12.4566,1.802547670181
12.4853,1.80969689046
12.5141,1.816148326325
12.543,1.82186832789
12.5719,1.826833546997
12.6009,1.831030535202
12.6299,1.834455233526
12.659,1.837112369486
12.6882,1.839014776454
12.7174,1.840182650021
12.7468,1.840642755669
12.7761,1.840427601754
12.8056,1.839574591361
12.8351,1.838125166232
12.8647,1.836123955413
12.8944,1.83361794067
12.9241,1.830655649981
12.9539,1.827286389551
12.9837,1.823559523788
13.0137,1.819523811507
13.0437,1.815226805378
13.0737,1.810714320214
13.1039,1.806029974188
13.1341,1.80121480552
13.1644,1.796306965571
13.1947,1.791341487705
13.2251,1.786350129754
13.2556,1.781361286506
13.2862,1.776399967387
13.3168,1.771487833408
13.3475,1.766643286618
13.3783,1.761881604693
13.4091,1.75721511292
13.44,1.752653385749
13.471,1.748203470209
13.5021,1.743870123835
13.5332,1.739656060285
13.5644,1.735562196497
13.5956,1.731587896004
13.627,1.727731203891
13.6584,1.723989069718
13.6899,1.720357555584
13.7214,1.716832027339
13.7531,1.713407327662
13.7848,1.710077930431
13.8166,1.706838076326
13.8484,1.703681890139
13.8803,1.700603480583
13.9123,1.69759702373
13.9444,1.694656831366
13.9765,1.691777405682
14.0088,1.688953481812
14.0411,1.686180059668
14.0734,1.683452426539
14.1059,1.680766171822
14.1384,1.678117195158
14.171,1.675501709128
14.2036,1.672916237564
14.2364,1.670357610377
14.2692,1.667822955704
14.3021,1.66530969005
14.3351,1.66281550699
14.3681,1.660338364904
14.4012,1.657876474113
14.4344,1.65542828372
14.4677,1.652992468389
14.5011,1.650567915225
14.5345,1.648153710876
14.568,1.645749128945
14.6016,1.643353617752
14.6352,1.640966788472
14.669,1.638588403653
14.7028,1.636218366095
14.7367,1.633856708073
14.7707,1.631503580876
14.8047,1.629159244616
14.8388,1.626824058299
14.873,1.624498470085
14.9073,1.62218300775
14.9417,1.619878269282
14.9761,1.617584913605
15.0107,1.615303651415
15.0453,1.613035236091
15.0799,1.610780454691
15.1147,1.608540119009
15.1496,1.606315056702
15.1845,1.604106102488
15.2195,1.601914089402
15.2546,1.599739840157
15.2897,1.597584158585
15.325,1.595447821195
15.3603,1.593331568868
15.3957,1.591236098696
15.4312,1.589162056011
15.4668,1.587110026598
15.5024,1.585080529156
15.5382,1.583074007993
15.574,1.581090826012
15.6099,1.57913125801
15.6459,1.577195484291
15.6819,1.575283584657
15.7181,1.573395532767
15.7543,1.571531190907
15.7906,1.569690305171
15.827,1.567872501101
15.8635,1.566077279762
15.9001,1.564304014294
15.9368,1.562551946941
15.9735,1.560820186554
16.0103,1.559107706577
16.0472,1.557413343525
16.0842,1.55573579593
16.1213,1.554073623747
16.1585,1.552425248243
16.1957,1.550788952298
16.233,1.549162881148
16.2705,1.547545043521
16.308,1.54593331315
16.3456,1.544325430638
16.3832,1.542719005638
16.421,1.54111151932
16.4589,1.539500327086
16.4968,1.537882661507
16.5348,1.536255635432
16.573,1.534616245236
16.6112,1.532961374165
16.6494,1.531287795743
16.6878,1.529592177196
16.7263,1.527871082849
16.7649,1.526120977468
16.8035,1.524338229499
16.8422,1.522519114174
16.8811,1.520659816434
16.92,1.518756433664
16.959,1.51680497818
16.9981,1.514801379456
17.0373,1.512741486072
17.0765,1.510621067345
17.1159,1.508435814645
17.1554,1.506181342383
17.1949,1.503853188654
17.2345,1.501446815552
17.2743,1.498957609152
17.3141,1.496380879187
17.354,1.493711858427
17.394,1.490945701813
17.4341,1.488077485363
17.4743,1.485102204924
17.5146,1.482014774811
17.555,1.478810026435
17.5954,1.475482706969
17.636,1.472027478192
17.6766,1.468438915592
17.7174,1.464711507891
17.7582,1.460839657104
17.7992,1.456817679329
17.8402,1.452639806432
17.8813,1.448300188841
17.9226,1.44379289968
17.9639,1.439111940476
18.0053,1.434251248745
18.0468,1.429204707726
18.0884,1.423966158645
18.1301,1.418529415833
18.1719,1.412888285136
18.2138,1.407036586067
18.2558,1.40096817818
18.2978,1.394676992242
18.34,1.388157066804
18.3823,1.381402590867
18.4247,1.374407953404
18.4671,1.367167800616
18.5097,1.359677101888
18.5524,1.351931225544
18.5952,1.343926025677
18.638,1.335657941432
18.681,1.327124110383
18.7241,1.31832249779
18.7672,1.309252043809
18.8105,1.299912830891
18.8538,1.29030627392
18.8973,1.280435335796
18.9409,1.270304771376
18.9845,1.259921402712
19.0283,1.249294428496
19.0722,1.238435770264
19.1161,1.227360457233
19.1602,1.216087050536
19.2044,1.204638105715
19.2486,1.193040669726
19.293,1.181326804915
19.3375,1.169534127427
19.3821,1.157706341157
19.4267,1.145893740648
19.4715,1.134153647599
19.5164,1.122550736525
19.5614,1.111157196857
19.6065,1.100052672909
19.6517,1.089323922215
19.697,1.079064138865
19.7424,1.069371904224
19.7879,1.060349753511
19.8335,1.052102382659
19.8792,1.04473456183
19.9251,1.038348863926
19.971,1.033043350142
20.017,1.028909372136
20.0632,1.026029646165
20.1094,1.02447672747
20.1558,1.024311967724
20.2023,1.025584983006
20.2488,1.028333605154
20.2955,1.032584244763
20.3423,1.038352565749
20.3892,1.045644360745
20.4362,1.054456521778
20.4833,1.06477801693
20.5305,1.076590805975
20.5778,1.089870651465
20.6253,1.104587803237
20.6728,1.12070755167
20.7205,1.138190657813
20.7682,1.156993676766
20.8161,1.177069195119
20.8641,1.198366004855
20.9122,1.220829235529
20.9604,1.244400464717
21.0087,1.269017824054
21.0572,1.294616115268
21.1057,1.321126947538
21.1544,1.348478904665
21.2031,1.37659774783
21.252,1.405406657357
21.301,1.434826514795
21.3501,1.464776224801
21.3993,1.495173074842
21.4486,1.5259331294
21.4981,1.556971654367
21.5476,1.588203566496
21.5973,1.619543902149
21.6471,1.650908299135
21.697,1.68221348517
21.747,1.71337776636
21.7972,1.744321509092
21.8474,1.774967608889
21.8978,1.805241940003
21.9482,1.835073779875
21.9988,1.864396203011
22.0496,1.893146439382
22.1004,1.921266192957
22.1513,1.948701916715
22.2024,1.975405041056
22.2536,2.001332153337
22.3049,2.026445126937
22.3563,2.050711199001
22.4078,2.074102996816
22.4595,2.096598513408
22.5113,2.118181033744
22.5632,2.138839013557
22.6152,2.158565913446
22.6673,2.17735999151
22.7196,2.195224058265
22.7719,2.212165198065
22.8244,2.228194461631
22.877,2.243326534583
22.9298,2.257579387073
22.9826,2.27097390976
23.0356,2.283533541402
23.0887,2.295283893266
23.1419,2.306252375415
23.1953,2.316467829733
23.2488,2.325960174192
23.3024,2.334760062504
23.3561,2.34289856286
23.4099,2.35040685894
23.4639,2.357315975849
23.518,2.36365653304
23.5722,2.369458525737
23.6265,2.374751135738
23.681,2.379562571946
23.7356,2.383919940393
23.7903,2.387849143033
23.8451,2.391374804118
23.9001,2.394520222562
23.9552,2.397307348354
24.0104,2.399756780822
24.0658,2.40188778634
24.1213,2.403718332952
24.1769,2.405265139301
24.2326,2.406543735264
24.2885,2.407568531777
24.3444,2.408352897377
24.4006,2.408909239212
24.4568,2.409249086411
24.5132,2.409383173908
24.5697,2.409321525091
24.6263,2.409073531824
24.6831,2.408648030665
24.74,2.408053374347
24.797,2.40729749776
24.8542,2.406387977958
24.9115,2.405332087853
24.9689,2.404136843447
25.0265,2.402809044631
25.0842,2.401355309671
25.142,2.39978210365
25.2,2.398095761188
25.2581,2.396302503878
25.3163,2.39440845286
25.3746,2.392419637058
25.4331,2.390341997571
25.4918,2.388181388743
25.5505,2.38594357641
25.6094,2.383634233835
25.6685,2.381258935769
25.7276,2.378823151111
25.7869,2.376332234554
25.8464,2.373791417577
25.906,2.371205799147
25.9657,2.368580336375
26.0255,2.365919835422
26.0855,2.363228942845
26.1457,2.36051213757
26.2059,2.357773723625
26.2664,2.355017823761
26.3269,2.352248374036
26.3876,2.349469119413
26.4484,2.346683610403
26.5094,2.343895200783
26.5705,2.341107046354
26.6318,2.338322104724
26.6932,2.3355431361
26.7547,2.332772705002
26.8164,2.33001318288
26.8782,2.327266751542
26.9401,2.324535407338
27.0022,2.321820966032
27.0645,2.31912506827
27.1269,2.316449185582
27.1894,2.313794626849
27.2521,2.311162545142
27.3149,2.308553944881
27.3779,2.305969689235
27.441,2.3034105077
27.5043,2.300877003796
27.5677,2.298369662821
27.6312,2.295888859612
27.6949,2.293434866273
27.7587,2.291007859791
27.8227,2.288607929559
27.8869,2.286235084709
27.9512,2.283889261263
28.0156,2.281570329062
28.0802,2.279278098453
28.1449,2.277012326703
28.2098,2.274772724145
28.2748,2.272558960027
28.34,2.27037066806
28.4053,2.268207451656
28.4708,2.266068888864
28.5364,2.263954536985
28.6022,2.261863936879
28.6682,2.259796616959
28.7342,2.257752096898
28.8005,2.255729891013
28.8669,2.253729511379
28.9334,2.251750470662
29.0001,2.249792284665
29.067,2.247854474626
29.134,2.245936569266
29.2011,2.244038106597
29.2685,2.242158635497
29.3359,2.240297717087
29.4036,2.238454925893
29.4713,2.236629850823
29.5393,2.234822095964
29.6074,2.233031281232
29.6756,2.231257042838
29.744,2.229499033649
29.8126,2.227756923392
29.8813,2.226030398747
29.9502,2.224319163351
30.0193,2.222622937672
30.0885,2.220941458824
30.1578,2.21927448029
30.2273,2.217621771576
30.297,2.215983117813
30.3669,2.214358319298
30.4369,2.212747190988
30.507,2.211149561961
30.5774,2.209565274852
30.6478,2.20799418524
30.7185,2.206436161044
30.7893,2.204891081879
30.8603,2.203358838415
30.9314,2.201839331733
31.0027,2.200332472656
31.0742,2.198838181125
31.1458,2.197356385525
31.2176,2.195887022067
31.2896,2.19443003415
31.3617,2.192985371744
31.434,2.191552990798
31.5065,2.190132852647
31.5791,2.188724923449
31.6519,2.187329173628
31.7249,2.185945577354
31.798,2.184574112039
31.8713,2.183214757841
31.9448,2.181867497197
32.0184,2.180532314392
32.0922,2.17920919514
32.1662,2.177898126174
32.2404,2.176599094883
32.3147,2.175312088956
32.3892,2.174037096046
32.4638,2.172774103482
32.5387,2.171523097959
32.6137,2.17028406529
32.6889,2.169056990143
32.7642,2.167841855849
32.8398,2.166638644152
32.9155,2.165447335063
32.9913,2.164267906668
33.0674,2.163100334985
33.1436,2.161944593831
33.22,2.160800654703
33.2966,2.159668486675
33.3734,2.158548056309
33.4503,2.15743932758
33.5274,2.156342261827
33.6047,2.15525681769
33.6822,2.15418295108
33.7598,2.153120615158
33.8376,2.152069760312
33.9156,2.151030334168
33.9938,2.150002281571
34.0722,2.148985544625
34.1507,2.14798006269
34.2294,2.146985772428
34.3084,2.146002607833
34.3874,2.145030500266
34.4667,2.144069378516
34.5462,2.143119168836
34.6258,2.142179795015
34.7056,2.141251178434
34.7856,2.140333238127
34.8658,2.139425890857
34.9462,2.138529051177
35.0268,2.137642631518
35.1075,2.13676654226
35.1884,2.135900691799
35.2695,2.135044986641
35.3509,2.134199331475
35.4323,2.133363629258
35.514,2.132537781297
35.5959,2.131721687325
35.6779,2.130915245592
35.7602,2.130118352944
35.8426,2.129330904899
35.9253,2.128552795739
36.0081,2.127783918587
36.0911,2.127024165483
36.1743,2.126273427457
36.2577,2.125531594627
36.3413,2.124798556256
36.425,2.124074200829
36.509,2.123358416133
36.5932,2.12265108933
36.6775,2.12195210702
36.7621,2.121261355304
36.8468,2.120578719868
36.9317,2.119904086029
37.0169,2.119237338808
37.1022,2.118578362986
37.1877,2.117927043168
37.2735,2.117283263831
37.3594,2.116646909382
37.4455,2.11601786422
37.5318,2.115396012769
37.6184,2.114781239539
37.7051,2.114173429166
37.792,2.11357246647
37.8791,2.112978236481
37.9664,2.112390624482
38.054,2.111809516071
38.1417,2.111234797163
38.2296,2.110666354057
38.3177,2.110104073456
38.4061,2.109547842501
38.4946,2.108997548805
38.5833,2.108453080482
38.6723,2.10791432618
38.7614,2.107381175101
38.8508,2.106853517039
38.9404,2.106331242398
39.0301,2.105814242211
39.1201,2.105302408182
39.2103,2.104795632693
39.3007,2.104293808834
39.3913,2.103796830429
39.4821,2.103304592054
39.5731,2.102816989053
39.6643,2.10233391757
39.7557,2.101855274563
39.8474,2.101380957832
39.9392,2.100910866035
40.0313,2.100444898717
40.1236,2.099982956325
40.2161,2.099524940232
40.3088,2.099070752761
40.4017,2.098620297227
40.4949,2.098173477925
40.5882,2.097730200187
40.6818,2.097290370396
40.7756,2.096853896017
40.8696,2.096420685626
40.9638,2.095990648931
41.0582,2.095563696827
41.1528,2.095139741394
41.2477,2.094718695962
41.3428,2.094300475128
41.4381,2.093884994804
41.5336,2.093472172247
41.6294,2.093061926096
41.7253,2.092654176432
41.8215,2.092248844798
41.9179,2.091845854251
42.0146,2.091445129424
42.1114,2.091046596545
42.2085,2.090650183508
42.3058,2.090255819911
42.4033,2.089863437121
42.5011,2.089472968309
42.599,2.089084348526
42.6972,2.088697514734
42.7957,2.088312405881
42.8943,2.087928962962
42.9932,2.087547129062
43.0923,2.087166849418
43.1917,2.086788071489
43.2912,2.086410745011
43.391,2.086034822062
43.491,2.085660257117
43.5913,2.08528700711
43.6918,2.084915031504
43.7925,2.084544292337
43.8935,2.084174754294
43.9946,2.083806384771
44.0961,2.083439153918
44.1977,2.083073034707
44.2996,2.08270800299
44.4017,2.08234403754
44.5041,2.081981120131
44.6067,2.081619235566
44.7095,2.081258371724
44.8126,2.080898519626
44.9159,2.080539673464
45.0194,2.080181830645
45.1232,2.079824991833
45.2272,2.07946916097
45.3315,2.079114345327
45.436,2.078760555516
45.5407,2.078407805515
45.6457,2.078056112677
45.7509,2.077705497783
45.8564,2.077355984997
45.9621,2.077007601902
46.0681,2.076660379494
46.1743,2.076314352177
46.2807,2.075969557751
46.3874,2.075626037381
46.4943,2.075283835596
46.6015,2.074943000253
46.7089,2.074603582487
46.8166,2.074265636688
46.9245,2.07392922045
47.0327,2.073594394511
47.1411,2.073261222701
47.2498,2.072929771871
47.3587,2.072600111819
47.4679,2.072272315219
47.5773,2.071946457528
47.687,2.071622616901
47.7969,2.071300874077
47.9071,2.07098131231
48.0175,2.070664017212
48.1282,2.070349076675
48.2392,2.070036580734
48.3504,2.069726621423
48.4618,2.069419292694
48.5736,2.069114690204
48.6855,2.068812911234
48.7978,2.068514054507
48.9102,2.068218220051
49.023,2.067925509012
49.136,2.067636023539
49.2493,2.067349866571
49.3628,2.067067141702
49.4766,2.066787952978
49.5907,2.066512404742
49.705,2.06624060144
49.8196,2.065972647476
49.9344,2.065708646961
50.0495,2.065448703588
50.1649,2.065192920428
50.2805,2.064941399735
50.3964,2.064694242767
50.5126,2.064451549581
50.6291,2.064213418881
50.7458,2.063979947802
50.8628,2.063751231728
50.98,2.063527364123
51.0975,2.063308436336
51.2153,2.063094537433
51.3334,2.062885753992
51.4517,2.062682169984
51.5703,2.062483866539
51.6892,2.062290921837
51.8084,2.062103410902
51.9278,2.061921405466
52.0475,2.061744973816
52.1675,2.061574180663
52.2877,2.061409086948
52.4083,2.061249749768
52.5291,2.061096222217
52.6502,2.060948553256
52.7716,2.060806787624
52.8932,2.060670965701
53.0151,2.060541123442
53.1373,2.060417292219
53.2598,2.060299498826
53.3826,2.060187765319
53.5057,2.060082108984
53.629,2.059982542283
53.7526,2.059889072767
53.8766,2.059801703067
54.0008,2.059720430823
54.1252,2.059645248681
54.25,2.059576144266
54.3751,2.059513100159
54.5004,2.059456093924
54.6261,2.059405098059
54.752,2.059360080065
54.8782,2.059321002451
55.0047,2.059287822742
55.1315,2.059260493541
55.2586,2.059238962578
55.386,2.059223172741
55.5137,2.059213062167
55.6416,2.059208564294
55.7699,2.059209607943
55.8985,2.059216117394
56.0273,2.059228012484
56.1565,2.059245208706
56.2859,2.059267617331
56.4157,2.059295145472
56.5457,2.059327696242
56.6761,2.059365168858
56.8067,2.059407458772
56.9377,2.059454457801
57.0689,2.059506054264
57.2005,2.059562133129
57.3324,2.059622576162
57.4645,2.059687262047
57.597,2.05975606658
57.7298,2.059828862787
57.8629,2.059905521126
57.9962,2.059985909578
58.1299,2.060069893899
58.2639,2.06015733771
58.3983,2.060248102709
58.5329,2.060342048813
58.6678,2.060439034334
58.8031,2.060538916144
58.9386,2.060641549852
59.0745,2.060746789978
59.2107,2.060854490099
59.3471,2.060964503034
59.484,2.061076681005
59.6211,2.061190875798
59.7585,2.061306938944
59.8963,2.061424721859
60.0344,2.061544076001
60.1728,2.06166485306
60.3115,2.061786905097
60.4505,2.061910084655
60.5898,2.062034244989
60.7295,2.062159240136
60.8695,2.062284925106
61.0098,2.062411155998
61.1505,2.062537790155
61.2914,2.062664686264
61.4327,2.062791704513
61.5744,2.062918706697
61.7163,2.063045556375
61.8586,2.063172118911
62.0012,2.063298261662
62.1441,2.063423854042
62.2874,2.063548767617
62.4309,2.063672876255
62.5749,2.063796056146
62.7191,2.063918185943
62.8637,2.06403914681
63.0086,2.064158822541
63.1539,2.064277099589
63.2994,2.064393867168
63.4454,2.064509017298
63.5916,2.064622444857
63.7382,2.064734047657
63.8851,2.064843726497
64.0324,2.064951385159
64.18,2.065056930514
64.328,2.065160272511
64.4763,2.065261324242
64.6249,2.065360001905
64.7739,2.065456224928
64.9232,2.065549915882
65.0729,2.065641000553
65.2229,2.065729407971
65.3732,2.065815070344
65.5239,2.065897923116
65.675,2.065977904936
65.8264,2.066054957688
65.9781,2.066129026429
66.1302,2.066200059433
66.2827,2.066268008103
66.4354,2.066332827042
66.5886,2.066394473937
66.7421,2.066452909605
66.896,2.066508097914
67.0502,2.066560005782
67.2047,2.066608603131
67.3597,2.066653862842
67.5149,2.066695760735
67.6706,2.066734275514
67.8266,2.066769388716
67.9829,2.066801084678
68.1396,2.066829350485
68.2967,2.066854175905
68.4542,2.066875553376
68.612,2.066893477902
68.7701,2.066907947038
68.9287,2.066918960819
69.0876,2.066926521703
69.2468,2.066930634496
69.4065,2.066931306326
69.5665,2.066928546573
69.7268,2.066922366766
69.8876,2.066912780598
70.0487,2.06689980378
70.2101,2.066883454056
70.372,2.066863751075
70.5342,2.066840716368
70.6968,2.066814373251
70.8598,2.066784746825
71.0231,2.066751863813
71.1869,2.066715752574
71.351,2.066676443034
71.5154,2.066633966575
71.6803,2.066588356012
71.8455,2.066539645534
72.0112,2.066487870593
72.1772,2.066433067911
72.3436,2.06637527534
72.5103,2.066314531879
72.6775,2.066250877551
72.845,2.066184353407
73.0129,2.066115001377
73.1813,2.066042864318
73.35,2.065967985859
73.519,2.065890410443
73.6885,2.065810183138
73.8584,2.065727349743
74.0287,2.065641956591
74.1993,2.065554050617
74.3704,2.065463679202
74.5418,2.065370890193
74.7136,2.06527573182
74.8859,2.065178252661
75.0585,2.065078501594
75.2315,2.064976527747
75.405,2.064872380465
75.5788,2.064766109256
75.753,2.064657763729
75.9276,2.064547393597
76.1027,2.064435048608
76.2781,2.064320778519
76.4539,2.06420463304
76.6302,2.064086661817
76.8068,2.063966914388
76.9839,2.063845440155
77.1614,2.063722288353
77.3392,2.063597508008
77.5175,2.063471147895
77.6962,2.063343256555
77.8753,2.063213882228
78.0548,2.06308307284
78.2348,2.062950875967
78.4151,2.062817338818
78.5959,2.062682508245
78.7771,2.062546430617
78.9587,2.06240915195
79.1407,2.062270717772
79.3231,2.062131173117
79.506,2.061990562563
79.6893,2.061848930175
79.873,2.061706319504
80.0571,2.061562773546
80.2417,2.061418334725
80.4266,2.061273044979
80.612,2.061126945604
80.7979,2.060980077326
80.9841,2.06083248028
81.1708,2.060684194001
81.3579,2.060535257395
81.5455,2.060385708778
81.7335,2.06023558578
81.9219,2.060084925465
82.1107,2.059933764203
82.3,2.05978213776
82.4897,2.059630081232
82.6799,2.059477629044
82.8705,2.059324815028
83.0615,2.059171672312
83.253,2.059018233365
83.4449,2.058864530035
83.6373,2.058710593469
83.8301,2.058556454195
84.0233,2.058402142071
84.217,2.058247686276
84.4112,2.058093115383
84.6057,2.057938457263
84.8008,2.057783739212
84.9963,2.057628987796
85.1922,2.05747422899
85.3886,2.057319488131
85.5854,2.057164789937
85.7827,2.057010158451
85.9805,2.056855617129
86.1787,2.056701188808
86.3773,2.056546895714
86.5765,2.056392759475
86.776,2.056238801097
86.9761,2.056085041034
87.1766,2.055931499098
87.3776,2.05577819457
87.579,2.05562514615
87.7809,2.055472371988
87.9832,2.055319889623
88.186,2.055167716112
88.3893,2.055015867927
88.5931,2.054864361042
88.7973,2.054713210884
89.002,2.054562432344
89.2072,2.054412039871
89.4128,2.05426204735
89.619,2.054112468212
89.8255,2.053963315377
90.0326,2.053814601311
90.2402,2.053666338019
90.4482,2.053518537028
90.6567,2.053371209435
90.8657,2.053224365882
91.0751,2.053078016624
91.2851,2.052932171399
91.4955,2.052786839644
91.7064,2.0526420303
91.9179,2.052497751985
92.1297,2.052354012867
92.3421,2.052210820774
92.555,2.052068183144
92.7684,2.051926107043
92.9822,2.051784599223
93.1966,2.05164366606
93.4114,2.051503313578
93.6267,2.051363547498
93.8426,2.051224373234
94.0589,2.051085795818
94.2757,2.050947820053
94.493,2.050810450409
94.7109,2.050673691056
94.9292,2.050537545914
95.148,2.0504020186
95.3674,2.050267112455
95.5872,2.050132830589
95.8076,2.049999175846
96.0284,2.049866150833
96.2498,2.049733757892
96.4717,2.049601999164
96.6941,2.049470876547
96.917,2.049340391729
97.1404,2.049210546171
97.3643,2.049081341133
97.5888,2.048952777717
97.8137,2.048824856734
98.0392,2.048697578935
98.2652,2.048570944802
98.4918,2.048444954647
98.7188,2.048319608675
98.9464,2.048194906835
99.1745,2.048070849023
99.4031,2.04794743488
99.6322,2.04782466398
99.8619,2.047702535709
100.092,2.047581049335
100.323,2.047460203994
100.554,2.047339998677
100.786,2.047220432274
101.018,2.047101503574
101.251,2.046983211206
101.485,2.04686555371
101.718,2.04674852955
101.953,2.046632137052
102.188,2.046516374456
102.424,2.046401239923
102.66,2.046286731529
102.896,2.046172847243
103.134,2.046059584973
103.371,2.04594694256
103.61,2.045834917733
103.848,2.045723508185
104.088,2.04561271155
104.328,2.045502525339
104.568,2.045392947094
104.809,2.045283974228
105.051,2.045175604145
105.293,2.045067834156
105.536,2.044960661526
105.779,2.044854083574
106.023,2.044748097418
106.267,2.044642700286
106.512,2.044537889225
106.758,2.044433661377
107.004,2.044330013773
107.251,2.044226943446
107.498,2.044124447382
107.746,2.044022522514
107.994,2.043921165861
108.243,2.043820374287
108.493,2.043720144714
108.743,2.043620474023
108.993,2.043521359067
109.245,2.043422796714
109.496,2.04332478381
109.749,2.043227317162
110.002,2.043130393596
110.255,2.043034009935
110.51,2.042938162956
110.764,2.042842849452
111.02,2.04274806623
111.276,2.042653810076
111.532,2.042560077746
111.789,2.042466866073
112.047,2.042374171826
112.305,2.0422819918
112.564,2.042190322753
112.824,2.042099161518
113.084,2.042008504854
113.344,2.041918349624
113.606,2.041828692566
113.868,2.041739530505
114.13,2.041650860335
114.393,2.04156267885
114.657,2.041474982844
114.921,2.041387769257
115.186,2.041301034883
115.452,2.041214776661
115.718,2.041128991427
115.984,2.04104367611
116.252,2.040958827621
116.52,2.040874442865
116.788,2.040790518801
117.058,2.040707052399
117.328,2.040624040593
117.598,2.040541480413
117.869,2.040459368852
118.141,2.04037770294
118.413,2.040296479652
118.686,2.040215696087
118.96,2.040135349318
119.234,2.040055436431
119.509,2.039975954515
119.784,2.039896900738
120.06,2.039818272182
120.337,2.039740066017
120.615,2.039662279461
120.893,2.039584909688
121.171,2.039507953899
121.451,2.039431409349
121.731,2.039355273305
122.011,2.039279542992
122.293,2.039204215768
122.574,2.039129288887
122.857,2.039054759715
123.14,2.038980625611
123.424,2.038906883917
123.709,2.038833532034
123.994,2.038760567357
124.28,2.038687987355
124.566,2.038615789438
124.853,2.038543971108
125.141,2.038472529835
