wl,Ag_n,PDMS_n
0.400000,0.058170,1.414910
0.410000,0.056470,1.414030
0.420000,0.055150,1.413000
0.430000,0.054110,1.411790
0.440000,0.053320,1.411130
0.450000,0.052710,1.410330
0.460000,0.052270,1.409430
0.470000,0.051980,1.408660
0.480000,0.051810,1.408020
0.490000,0.051750,1.407330
0.500000,0.051800,1.406750
0.510000,0.051930,1.406140
0.520000,0.052150,1.405570
0.530000,0.052450,1.405130
0.540000,0.052820,1.404300
0.550000,0.053260,1.404200
0.560000,0.053760,1.403750
0.570000,0.054310,1.403380
0.580000,0.054930,1.402920
0.590000,0.055600,1.402590
0.600000,0.056320,1.402020
0.610000,0.057090,1.401580
0.620000,0.057900,1.401390
0.630000,0.058760,1.401210
0.640000,0.059660,1.400590
0.650000,0.060610,1.400470
0.660000,0.061590,1.400220
0.670000,0.062620,1.400060
0.680000,0.063680,1.399840
0.690000,0.064780,1.399580
0.700000,0.065910,1.399070
0.710000,0.067080,1.399050
0.720000,0.068290,1.398710
0.730000,0.069530,1.398170
0.740000,0.070800,1.398140
0.750000,0.072100,1.397650
0.760000,0.073440,1.397500
0.770000,0.074800,1.397270
0.780000,0.076200,1.396600
0.790000,0.077620,1.396450
0.800000,0.079080,1.396010
0.810000,0.080570,1.396170
0.820000,0.082080,1.396840
0.830000,0.083620,1.397010
0.840000,0.085190,1.396290
0.850000,0.086790,1.396870
0.860000,0.088410,1.396710
0.870000,0.090070,1.396520
0.880000,0.091740,1.396240
0.890000,0.093450,1.396290
0.900000,0.095180,1.396160
0.910000,0.096940,1.396100
0.920000,0.098720,1.395830
0.930000,0.100500,1.395840
0.940000,0.102400,1.395540
0.950000,0.104200,1.395460
0.960000,0.106100,1.395520
0.970000,0.108000,1.395370
0.980000,0.110000,1.395130
0.990000,0.111900,1.395060
1.000000,0.113900,1.395250
1.010000,0.115900,1.395230
1.020000,0.117900,1.395440
1.030000,0.120000,1.391210
1.040000,0.122100,1.391270
1.050000,0.124200,1.391810
1.060000,0.126300,1.391020
1.070000,0.128500,1.391930
1.080000,0.130600,1.392170
1.090000,0.132800,1.392200
1.100000,0.135100,1.391400
1.110000,0.137300,1.392020
1.120000,0.139600,1.391640
1.130000,0.141900,1.390840
1.140000,0.144200,1.391050
1.150000,0.146500,1.390870
1.160000,0.148900,1.391350
1.170000,0.151300,1.391340
1.180000,0.153700,1.391990
1.190000,0.156100,1.391450
1.200000,0.158500,1.391060
1.210000,0.161000,1.389480
1.220000,0.163500,1.390530
1.230000,0.166000,1.389880
1.240000,0.168600,1.389290
1.250000,0.171100,1.389750
1.260000,0.173700,1.389990
1.270000,0.176100,1.390490
1.280000,0.178750,1.390090
1.290000,0.181400,1.389100
1.300000,0.184150,1.388780
1.310000,0.186900,1.388500
1.320000,0.189700,1.388440
1.330000,0.192150,1.388950
1.340000,0.195050,1.388700
1.350000,0.197650,1.388970
1.360000,0.200400,1.389140
1.370000,0.202900,1.390000
1.380000,0.206200,1.389720
1.390000,0.208700,1.389230
1.400000,0.212200,1.389380
1.410000,0.214800,1.388360
1.420000,0.217600,1.389320
1.430000,0.220650,1.389330
1.440000,0.223550,1.389290
1.450000,0.227000,1.388400
1.460000,0.230050,1.388400
1.470000,0.233050,1.388950
1.480000,0.236150,1.389680
1.490000,0.239250,1.389140
1.500000,0.241900,1.388860
1.510000,0.245050,1.388440
1.520000,0.248350,1.388500
1.530000,0.251600,1.388040
1.540000,0.254950,1.388630
1.550000,0.257700,1.389220
1.560000,0.261150,1.388410
1.570000,0.264600,1.388150
1.580000,0.267500,1.387870
1.590000,0.271050,1.387550
1.600000,0.274050,1.387480
1.610000,0.277700,1.387310
1.620000,0.280750,1.388110
1.630000,0.284500,1.387250
1.640000,0.287600,1.386090
1.650000,0.291450,1.387590
1.660000,0.294650,1.387510
1.670000,0.297850,1.387970
1.680000,0.301850,1.387730
1.690000,0.305200,1.387190
1.700000,0.308500,1.386940
1.710000,0.311900,1.387550
1.720000,0.316050,1.386890
1.730000,0.319500,1.387560
1.740000,0.323050,1.387360
1.750000,0.326550,1.387360
1.760000,0.330150,1.386110
1.770000,0.334700,1.387030
1.780000,0.339200,1.386510
1.790000,0.342900,1.386450
1.800000,0.346700,1.386440
1.810000,0.350450,1.386800
1.820000,0.354300,1.387040
1.830000,0.357000,1.386390
1.840000,0.360100,1.387300
1.850000,0.364050,1.387120
1.860000,0.368050,1.386340
1.870000,0.372050,1.385710
1.880000,0.376150,1.386510
1.890000,0.380300,1.386310
1.900000,0.383350,1.386000
1.910000,0.387550,1.386100
1.920000,0.391800,1.385850
1.930000,0.396833,1.386230
1.940000,0.400400,1.386250
1.950000,0.403750,1.385710
1.960000,0.408200,1.385460
1.970000,0.412700,1.386230
1.980000,0.415950,1.385860
1.990000,0.421300,1.386530
2.000000,0.425100,1.386480
2.010000,0.427900,1.398585
2.020000,0.434450,1.397540
2.030000,0.438525,1.396330
2.040000,0.442600,1.395160
2.050000,0.446775,1.395050
2.060000,0.450950,1.395455
2.070000,0.455250,1.396195
2.080000,0.459550,1.396920
2.090000,0.463975,1.396150
2.100000,0.468400,1.395065
2.110000,0.472975,1.394825
2.120000,0.477550,1.394640
2.130000,0.481425,1.395335
2.140000,0.485300,1.397050
2.150000,0.490100,1.398555
2.160000,0.494975,1.399190
2.170000,0.499850,1.398220
2.180000,0.504025,1.397000
2.190000,0.508200,1.397465
2.200000,0.513350,1.399100
2.210000,0.517725,1.400495
2.220000,0.522100,1.400880
2.230000,0.527400,1.399980
2.240000,0.532800,1.398480
2.250000,0.536500,1.397680
2.260000,0.540200,1.397675
2.270000,0.545800,1.398330
2.280000,0.551500,1.399335
2.290000,0.555400,1.399520
2.300000,0.559300,1.398805
2.310000,0.565200,1.398260
2.320000,0.571200,1.398145
2.330000,0.575300,1.398255
2.340000,0.579400,1.398535
2.350000,0.583500,1.398740
2.360000,0.587700,1.398220
2.370000,0.594150,1.397395
2.380000,0.600600,1.396740
2.390000,0.605000,1.396380
2.400000,0.609450,1.396875
2.410000,0.613900,1.397625
2.420000,0.618500,1.398160
2.430000,0.623100,1.398570
2.440000,0.630050,1.398710
2.450000,0.634825,1.397900
2.460000,0.639600,1.396940
2.470000,0.646800,1.396890
2.480000,0.651700,1.397005
2.490000,0.656700,1.396745
2.500000,0.661700,1.396255
2.510000,0.666800,1.396150
2.520000,0.672000,1.396285
2.530000,0.677200,1.395800
2.540000,0.682400,1.394870
2.550000,0.687800,1.394570
2.560000,0.693100,1.395075
2.570000,0.698600,1.395680
2.580000,0.704100,1.395685
2.590000,0.709700,1.395170
2.600000,0.715400,1.394720
2.610000,0.721100,1.394325
2.620000,0.726900,1.394040
2.630000,0.732700,1.394510
2.640000,0.735700,1.395010
2.650000,0.738700,1.395360
2.660000,0.744700,1.395205
2.670000,0.750800,1.395245
2.680000,0.756900,1.395300
2.690000,0.763100,1.395050
2.700000,0.769500,1.395030
2.710000,0.775800,1.395265
2.720000,0.782300,1.395240
2.730000,0.788900,1.395085
2.740000,0.792200,1.395215
2.750000,0.795500,1.395390
2.760000,0.802200,1.395695
2.770000,0.809000,1.396140
2.780000,0.815900,1.396250
2.790000,0.822900,1.395755
2.800000,0.826450,1.395265
2.810000,0.830000,1.395450
2.820000,0.837100,1.395870
2.830000,0.844400,1.396185
2.840000,0.851700,1.396040
2.850000,0.859200,1.395345
2.860000,0.862950,1.394065
2.870000,0.866700,1.393160
2.880000,0.874400,1.393855
2.890000,0.882100,1.394855
2.900000,0.886050,1.394955
2.910000,0.890000,1.394875
2.920000,0.897900,1.394905
2.930000,0.906000,1.394435
2.940000,0.910100,1.393830
2.950000,0.914200,1.393715
2.960000,0.922500,1.393785
2.970000,0.930900,1.393780
2.980000,0.935150,1.393725
2.990000,0.939400,1.393540
3.000000,0.948000,1.393660
3.010000,0.956800,1.394105
3.020000,0.961250,1.394310
3.030000,0.965700,1.394290
3.040000,0.974700,1.393990
3.050000,0.979250,1.393295
3.060000,0.983800,1.392460
3.070000,0.993100,1.391590
3.080000,0.998050,1.391165
3.090000,1.003000,1.391315
3.100000,1.012000,1.391845
3.110000,1.017000,1.392175
3.120000,1.022000,1.391890
3.130000,1.031000,1.391410
3.140000,1.036000,1.391130
3.150000,1.041000,1.391000
3.160000,1.052000,1.391085
3.170000,1.057000,1.391490
3.180000,1.062000,1.391710
3.190000,1.072000,1.391485
3.200000,1.077500,1.390800
3.210000,1.083000,1.390145
3.220000,1.093000,1.389570
3.230000,1.098500,1.388985
3.240000,1.104000,1.388465
3.250000,1.109500,1.387770
3.260000,1.115000,1.386935
3.270000,1.126000,1.386385
3.280000,1.132000,1.386425
3.290000,1.138000,1.386245
3.300000,1.143500,1.385195
3.310000,1.149000,1.383600
3.320000,1.161000,1.381860
3.330000,1.167000,1.379815
3.340000,1.173000,1.374800
3.350000,1.179000,1.370320
3.360000,1.185000,1.373270
3.370000,1.191000,1.385015
3.380000,1.197000,1.400910
3.390000,1.210000,1.411465
3.400000,1.216000,1.413055
3.410000,1.222000,1.409415
3.420000,1.228500,1.403890
3.430000,1.235000,1.400735
3.440000,1.241500,1.400985
3.450000,1.248000,1.401420
3.460000,1.262000,1.401405
3.470000,1.268500,1.400900
3.480000,1.275000,1.400015
3.490000,1.282000,1.399030
3.500000,1.289000,1.398305
3.510000,1.296000,1.397775
3.520000,1.303000,1.397295
3.530000,1.310000,1.397070
3.540000,1.317000,1.396915
3.550000,1.324000,1.396580
3.560000,1.331000,1.396415
3.570000,1.338500,1.396445
3.580000,1.346000,1.396290
3.590000,1.353500,1.395930
3.600000,1.361000,1.395495
3.610000,1.368500,1.395070
3.620000,1.376000,1.394565
3.630000,1.383500,1.394060
3.640000,1.391000,1.393790
3.650000,1.399000,1.393535
3.660000,1.407000,1.393175
3.670000,1.414500,1.392870
3.680000,1.422000,1.392770
3.690000,1.430500,1.392820
3.700000,1.439000,1.392885
3.710000,1.447000,1.393150
3.720000,1.455000,1.393455
3.730000,1.460667,1.393185
3.740000,1.466333,1.392525
3.750000,1.472000,1.392125
3.760000,1.480500,1.391910
3.770000,1.489000,1.391575
3.780000,1.497500,1.391303
3.790000,1.506000,1.391237
3.800000,1.515000,1.391065
3.810000,1.524000,1.390740
3.820000,1.532500,1.390320
3.830000,1.541000,1.390135
3.840000,1.547333,1.390305
3.850000,1.553667,1.390405
3.860000,1.560000,1.390095
3.870000,1.569000,1.389723
3.880000,1.578000,1.389607
3.890000,1.587500,1.389355
3.900000,1.597000,1.389155
3.910000,1.603333,1.389100
3.920000,1.609667,1.389050
3.930000,1.616000,1.388920
3.940000,1.626000,1.388883
3.950000,1.636000,1.388917
3.960000,1.642667,1.388980
3.970000,1.649333,1.388845
3.980000,1.656000,1.388495
3.990000,1.666000,1.388323
4.000000,1.676000,1.388337
4.010000,1.683000,1.388355
4.020000,1.690000,1.388305
4.030000,1.697000,1.388260
4.040000,1.707500,1.388283
4.050000,1.718000,1.388297
4.060000,1.725000,1.388260
4.070000,1.732000,1.388085
4.080000,1.739000,1.387715
4.090000,1.750000,1.387310
4.100000,1.761000,1.387150
4.110000,1.768333,1.386925
4.120000,1.775667,1.386800
4.130000,1.783000,1.386640
4.140000,1.794500,1.386540
4.150000,1.806000,1.386445
4.160000,1.813667,1.386485
4.170000,1.821333,1.386383
4.180000,1.829000,1.386247
4.190000,1.837000,1.385945
4.200000,1.845000,1.385950
4.210000,1.853000,1.386437
4.220000,1.861000,1.386753
4.230000,1.869000,1.387250
4.240000,1.877000,1.386830
4.250000,1.889000,1.385783
4.260000,1.901000,1.385337
4.270000,1.909333,1.384670
4.280000,1.917667,1.384590
4.290000,1.926000,1.384730
4.300000,1.934333,1.384845
4.310000,1.942667,1.384523
4.320000,1.951000,1.384227
4.330000,1.959667,1.383615
4.340000,1.968333,1.383145
4.350000,1.977000,1.382850
4.360000,1.986000,1.382710
4.370000,1.995000,1.382350
4.380000,2.004000,1.382050
4.390000,2.013000,1.381970
4.400000,2.022000,1.382025
4.410000,2.031000,1.382273
4.420000,2.040333,1.382387
4.430000,2.049667,1.382335
4.440000,2.059000,1.381987
4.450000,2.068333,1.381803
4.460000,2.077667,1.381535
4.470000,2.087000,1.381383
4.480000,2.096333,1.381317
4.490000,2.105667,1.381097
4.500000,2.115000,1.380943
4.510000,2.125000,1.380525
4.520000,2.135000,1.380080
4.530000,2.145000,1.379900
4.540000,2.155000,1.379485
4.550000,2.165000,1.379100
4.560000,2.175000,1.378950
4.570000,2.182500,1.378657
4.580000,2.190000,1.378513
4.590000,2.197500,1.378220
4.600000,2.205000,1.378133
4.610000,2.215333,1.378197
4.620000,2.225667,1.378520
4.630000,2.236000,1.379113
4.640000,2.246667,1.379447
4.650000,2.257333,1.380003
4.660000,2.268000,1.380227
4.670000,2.276250,1.380390
4.680000,2.284500,1.380123
4.690000,2.292750,1.379917
4.700000,2.301000,1.379450
4.710000,2.312000,1.379190
4.720000,2.323000,1.378790
4.730000,2.334000,1.378650
4.740000,2.345333,1.378560
4.750000,2.356667,1.378647
4.760000,2.368000,1.378683
4.770000,2.376750,1.378600
4.780000,2.385500,1.378480
4.790000,2.394250,1.378183
4.800000,2.403000,1.378007
4.810000,2.411750,1.377640
4.820000,2.420500,1.377297
4.830000,2.429250,1.377143
4.840000,2.438000,1.376883
4.850000,2.450000,1.376777
4.860000,2.462000,1.376597
4.870000,2.474000,1.376523
4.880000,2.483500,1.376443
4.890000,2.493000,1.376437
4.900000,2.502500,1.376350
4.910000,2.512000,1.376270
4.920000,2.521500,1.375890
4.930000,2.531000,1.375267
4.940000,2.540500,1.375023
4.950000,2.550000,1.374693
4.960000,2.559500,1.374607
4.970000,2.569000,1.374390
4.980000,2.578500,1.374260
4.990000,2.588000,1.373893
5.000000,2.601333,1.373657
5.010000,2.614667,1.373283
5.020000,2.628000,1.373147
5.030000,2.638250,1.372960
5.040000,2.648500,1.372910
5.050000,2.658750,1.372673
5.060000,2.669000,1.372487
5.070000,2.679250,1.372000
5.080000,2.689500,1.371700
5.090000,2.699750,1.371270
5.100000,2.710000,1.371140
5.110000,2.720750,1.371047
5.120000,2.731500,1.371083
5.130000,2.742250,1.371250
5.140000,2.753000,1.371380
5.150000,2.763750,1.371543
5.160000,2.774500,1.371577
5.170000,2.785250,1.371460
5.180000,2.796000,1.371310
5.190000,2.805000,1.370977
5.200000,2.814000,1.370793
5.210000,2.823000,1.370440
5.220000,2.832000,1.370270
5.230000,2.841000,1.369980
5.240000,2.852250,1.369860
5.250000,2.863500,1.369643
5.260000,2.874750,1.369547
5.270000,2.886000,1.369413
5.280000,2.897750,1.369375
5.290000,2.909500,1.369337
5.300000,2.921250,1.369057
5.310000,2.933000,1.368813
5.320000,2.942600,1.368443
5.330000,2.952200,1.368317
5.340000,2.961800,1.368077
5.350000,2.971400,1.367963
5.360000,2.981000,1.367560
5.370000,2.993250,1.367270
5.380000,3.005500,1.366793
5.390000,3.017750,1.366605
5.400000,3.030000,1.366418
5.410000,3.040000,1.366073
5.420000,3.050000,1.365917
5.430000,3.060000,1.365717
5.440000,3.070000,1.365673
5.450000,3.080000,1.365397
5.460000,3.093000,1.365163
5.470000,3.106000,1.364698
5.480000,3.119000,1.364465
5.490000,3.132000,1.364232
5.500000,3.142600,1.363920
5.510000,3.153200,1.363840
5.520000,3.163800,1.363727
5.530000,3.174400,1.363693
5.540000,3.185000,1.363575
5.550000,3.195800,1.363490
5.560000,3.206600,1.363405
5.570000,3.217400,1.363107
5.580000,3.228200,1.362893
5.590000,3.239000,1.362480
5.600000,3.252750,1.362280
5.610000,3.266500,1.362080
5.620000,3.280250,1.361667
5.630000,3.294000,1.361453
5.640000,3.305400,1.361088
5.650000,3.316800,1.360935
5.660000,3.328200,1.360783
5.670000,3.339600,1.360477
5.680000,3.351000,1.360323
5.690000,3.360833,1.360008
5.700000,3.370667,1.359845
5.710000,3.380500,1.359683
5.720000,3.390333,1.359183
5.730000,3.400167,1.358847
5.740000,3.410000,1.358353
5.750000,3.422000,1.358195
5.760000,3.434000,1.358038
5.770000,3.446000,1.357773
5.780000,3.458000,1.357667
5.790000,3.470000,1.357420
5.800000,3.482400,1.357280
5.810000,3.494800,1.357140
5.820000,3.507200,1.356787
5.830000,3.519600,1.356573
5.840000,3.532000,1.356275
5.850000,3.544600,1.356190
5.860000,3.557200,1.356105
5.870000,3.569800,1.355880
5.880000,3.582400,1.355740
5.890000,3.595000,1.355600
5.900000,3.605833,1.355120
5.910000,3.616667,1.354780
5.920000,3.627500,1.354148
5.930000,3.638333,1.353855
5.940000,3.649167,1.353563
5.950000,3.660000,1.352972
5.960000,3.673200,1.352675
5.970000,3.686400,1.352378
5.980000,3.699600,1.351913
5.990000,3.712800,1.351745
6.000000,3.726000,1.351577
6.010000,3.737500,1.351277
6.020000,3.749000,1.351143
6.030000,3.760500,1.350720
6.040000,3.772000,1.350430
6.050000,3.783500,1.350140
6.060000,3.795000,1.349527
6.070000,3.809000,1.349205
6.080000,3.823000,1.348882
6.090000,3.837000,1.348345
6.100000,3.851000,1.348130
6.110000,3.865000,1.347915
6.120000,3.877167,1.347445
6.130000,3.889333,1.347190
6.140000,3.901500,1.346935
6.150000,3.913667,1.346440
6.160000,3.925833,1.346200
6.170000,3.938000,1.345960
6.180000,3.950333,1.345410
6.190000,3.962667,1.345100
6.200000,3.975000,1.344790
6.210000,3.987333,1.344313
6.220000,3.999667,1.344145
6.230000,4.012000,1.343977
6.240000,4.024833,1.343675
6.250000,4.037667,1.343540
6.260000,4.050500,1.343405
6.270000,4.063333,1.343095
6.280000,4.076167,1.342920
6.290000,4.089000,1.342745
6.300000,4.102167,1.342398
6.310000,4.115333,1.342225
6.320000,4.128500,1.342052
6.330000,4.141667,1.341650
6.340000,4.154833,1.341420
6.350000,4.168000,1.341190
6.360000,4.179571,1.340590
6.370000,4.191143,1.340220
6.380000,4.202714,1.339850
6.390000,4.214286,1.339220
6.400000,4.225857,1.338960
6.410000,4.237429,1.338700
6.420000,4.249000,1.338075
6.430000,4.262833,1.337710
6.440000,4.276667,1.337345
6.450000,4.290500,1.336620
6.460000,4.304333,1.336260
6.470000,4.318167,1.335900
6.480000,4.332000,1.335540
6.490000,4.344286,1.334935
6.500000,4.356571,1.334690
6.510000,4.368857,1.334445
6.520000,4.381143,1.333867
6.530000,4.393429,1.333535
6.540000,4.405714,1.333203
6.550000,4.418000,1.332407
6.560000,4.432833,1.331945
6.570000,4.447667,1.331483
6.580000,4.462500,1.330738
6.590000,4.477333,1.330456
6.600000,4.492167,1.330174
6.610000,4.507000,1.329892
6.620000,4.520000,1.328985
6.630000,4.533000,1.328360
6.640000,4.546000,1.327735
6.650000,4.559000,1.326416
6.660000,4.572000,1.325722
6.670000,4.585000,1.325028
6.680000,4.598000,1.324334
6.690000,4.611429,1.323150
6.700000,4.624857,1.322660
6.710000,4.638286,1.322170
6.720000,4.651714,1.321450
6.730000,4.665143,1.321220
6.740000,4.678571,1.320990
6.750000,4.692000,1.320760
6.760000,4.705714,1.319995
6.770000,4.719429,1.319460
6.780000,4.733143,1.318925
6.790000,4.746857,1.317700
6.800000,4.760571,1.317010
6.810000,4.774286,1.316320
6.820000,4.788000,1.315630
6.830000,4.802286,1.314262
6.840000,4.816571,1.313585
6.850000,4.830857,1.312908
6.860000,4.845143,1.312166
6.870000,4.859429,1.312102
6.880000,4.873714,1.312038
6.890000,4.888000,1.311974
6.900000,4.900875,1.311838
6.910000,4.913750,1.311766
6.920000,4.926625,1.311694
6.930000,4.939500,1.311622
6.940000,4.952375,1.310750
6.950000,4.965250,1.309950
6.960000,4.978125,1.309150
6.970000,4.991000,1.307292
6.980000,5.006143,1.306234
6.990000,5.021286,1.305176
7.000000,5.036429,1.304118
7.010000,5.051571,1.302524
7.020000,5.066714,1.301988
7.030000,5.081857,1.301452
7.040000,5.097000,1.300916
7.050000,5.110750,1.300968
7.060000,5.124500,1.301556
7.070000,5.138250,1.302144
7.080000,5.152000,1.302732
7.090000,5.165750,1.304236
7.100000,5.179500,1.305152
7.110000,5.193250,1.306068
7.120000,5.207000,1.306984
7.130000,5.221125,1.308198
7.140000,5.235250,1.308496
7.150000,5.249375,1.308794
7.160000,5.263500,1.309092
7.170000,5.277625,1.308798
7.180000,5.291750,1.308206
7.190000,5.305875,1.307614
7.200000,5.320000,1.307022
7.210000,5.334625,1.305318
7.220000,5.349250,1.304206
7.230000,5.363875,1.303094
7.240000,5.378500,1.301982
7.250000,5.393125,1.299654
7.260000,5.407750,1.298438
7.270000,5.422375,1.297222
7.280000,5.437000,1.296006
7.290000,5.452000,1.293716
7.300000,5.467000,1.292642
7.310000,5.482000,1.291568
7.320000,5.497000,1.290494
7.330000,5.512000,1.288262
7.340000,5.527000,1.287104
7.350000,5.542000,1.285946
7.360000,5.557000,1.284788
7.370000,5.570889,1.282298
7.380000,5.584778,1.280966
7.390000,5.598667,1.279634
7.400000,5.612556,1.278302
7.410000,5.626444,1.275708
7.420000,5.640333,1.274446
7.430000,5.654222,1.273184
7.440000,5.668111,1.271922
7.450000,5.682000,1.269570
7.460000,5.696333,1.268480
7.470000,5.710667,1.267390
7.480000,5.725000,1.266300
7.490000,5.739333,1.265210
7.500000,5.753667,1.262596
7.510000,5.768000,1.261072
7.520000,5.782333,1.259548
7.530000,5.796667,1.258024
7.540000,5.811000,1.255013
7.550000,5.827625,1.253527
7.560000,5.844250,1.252040
7.570000,5.860875,1.250553
7.580000,5.877500,1.249067
7.590000,5.894125,1.245366
7.600000,5.910750,1.243152
7.610000,5.927375,1.240938
7.620000,5.944000,1.238724
7.630000,5.959333,1.234042
7.640000,5.974667,1.231574
7.650000,5.990000,1.229106
7.660000,6.005333,1.226638
7.670000,6.020667,1.224170
7.680000,6.036000,1.220830
7.690000,6.051333,1.217490
7.700000,6.066667,1.214150
7.710000,6.082000,1.210810
7.720000,6.096300,1.203592
7.730000,6.110600,1.199713
7.740000,6.124900,1.195835
7.750000,6.139200,1.191957
7.760000,6.153500,1.188078
7.770000,6.167800,1.175104
7.780000,6.182100,1.166008
7.790000,6.196400,1.156912
7.800000,6.210700,1.147816
7.810000,6.225000,1.127133
7.820000,6.241444,1.115547
7.830000,6.257889,1.103960
7.840000,6.274333,1.092373
7.850000,6.290778,1.080787
7.860000,6.307222,1.079477
7.870000,6.323667,1.089753
7.880000,6.340111,1.100030
7.890000,6.356556,1.110307
7.900000,6.373000,1.120583
7.910000,6.388300,1.161748
7.920000,6.403600,1.192637
7.930000,6.418900,1.223525
7.940000,6.434200,1.254413
7.950000,6.449500,1.285302
7.960000,6.464800,1.334997
7.970000,6.480100,1.353803
7.980000,6.495400,1.372610
7.990000,6.510700,1.391417
8.000000,6.526000,1.410223
8.010000,6.541800,1.420898
8.020000,6.557600,1.412767
8.030000,6.573400,1.404635
8.040000,6.589200,1.396503
8.050000,6.605000,1.388372
8.060000,6.620800,1.370075
8.070000,6.636600,1.359910
8.080000,6.652400,1.349745
8.090000,6.668200,1.339580
8.100000,6.684000,1.329415
8.110000,6.700400,1.313003
8.120000,6.716800,1.306757
8.130000,6.733200,1.300510
8.140000,6.749600,1.294263
8.150000,6.766000,1.288017
8.160000,6.782400,1.277293
8.170000,6.798800,1.272817
8.180000,6.815200,1.268340
8.190000,6.831600,1.263863
8.200000,6.848000,1.259387
8.210000,6.863545,1.251408
8.220000,6.879091,1.247907
8.230000,6.894636,1.244405
8.240000,6.910182,1.240903
8.250000,6.925727,1.237402
8.260000,6.941273,1.231283
8.270000,6.956818,1.228667
8.280000,6.972364,1.226050
8.290000,6.987909,1.223433
8.300000,7.003455,1.220817
8.310000,7.019000,1.216554
8.320000,7.035000,1.214909
8.330000,7.051000,1.213263
8.340000,7.067000,1.211617
8.350000,7.083000,1.209971
8.360000,7.099000,1.208326
8.370000,7.115000,1.204852
8.380000,7.131000,1.203023
8.390000,7.147000,1.201195
8.400000,7.163000,1.199367
8.410000,7.179000,1.197538
8.420000,7.195000,1.193654
8.430000,7.211727,1.191599
8.440000,7.228455,1.189543
8.450000,7.245182,1.187487
8.460000,7.261909,1.185431
8.470000,7.278636,1.183376
8.480000,7.295364,1.178197
8.490000,7.312091,1.175073
8.500000,7.328818,1.171950
8.510000,7.345545,1.168827
8.520000,7.362273,1.165703
8.530000,7.379000,1.159410
8.540000,7.396273,1.156240
8.550000,7.413545,1.153070
8.560000,7.430818,1.149900
8.570000,7.448091,1.146730
8.580000,7.465364,1.143560
8.590000,7.482636,1.136617
8.600000,7.499909,1.132844
8.610000,7.517182,1.129071
8.620000,7.534455,1.125299
8.630000,7.551727,1.121526
8.640000,7.569000,1.117753
8.650000,7.585500,1.108050
8.660000,7.602000,1.102120
8.670000,7.618500,1.096190
8.680000,7.635000,1.090260
8.690000,7.651500,1.084330
8.700000,7.668000,1.072493
8.710000,7.684500,1.066586
8.720000,7.701000,1.060679
8.730000,7.717500,1.054771
8.740000,7.734000,1.048864
8.750000,7.750500,1.042957
8.760000,7.767000,1.030439
8.770000,7.784083,1.023827
8.780000,7.801167,1.017216
8.790000,7.818250,1.010604
8.800000,7.835333,1.003993
8.810000,7.852417,0.997381
8.820000,7.869500,0.983864
8.830000,7.886583,0.976959
8.840000,7.903667,0.970053
8.850000,7.920750,0.963147
8.860000,7.937833,0.956241
8.870000,7.954917,0.949336
8.880000,7.972000,0.937583
8.890000,7.989833,0.932736
8.900000,8.007667,0.927889
8.910000,8.025500,0.923041
8.920000,8.043333,0.918194
8.930000,8.061167,0.913347
8.940000,8.079000,0.909555
8.950000,8.096833,0.910610
8.960000,8.114667,0.911665
8.970000,8.132500,0.912720
8.980000,8.150333,0.913775
8.990000,8.168167,0.914830
9.000000,8.186000,0.915885
9.010000,8.203077,0.927800
9.020000,8.220154,0.938660
9.030000,8.237231,0.949520
9.040000,8.254308,0.960380
9.050000,8.271385,0.971240
9.060000,8.288462,0.982100
9.070000,8.305538,1.011940
9.080000,8.322615,1.030920
9.090000,8.339692,1.049900
9.100000,8.356769,1.068880
9.110000,8.373846,1.087860
9.120000,8.390923,1.106840
9.130000,8.408000,1.143930
9.140000,8.425769,1.162040
9.150000,8.443538,1.180150
9.160000,8.461308,1.198260
9.170000,8.479077,1.216370
9.180000,8.496846,1.234480
9.190000,8.514615,1.252590
9.200000,8.532385,1.287279
9.210000,8.550154,1.303857
9.220000,8.567923,1.320436
9.230000,8.585692,1.337014
9.240000,8.603462,1.353593
9.250000,8.621231,1.370171
9.260000,8.639000,1.396481
9.270000,8.657538,1.406212
9.280000,8.676077,1.415944
9.290000,8.694615,1.425675
9.300000,8.713154,1.435406
9.310000,8.731692,1.445137
9.320000,8.750231,1.454869
9.330000,8.768769,1.470481
9.340000,8.787308,1.476363
9.350000,8.805846,1.482244
9.360000,8.824385,1.488125
9.370000,8.842923,1.494006
9.380000,8.861462,1.499887
9.390000,8.880000,1.505769
9.400000,8.897929,1.514880
9.410000,8.915857,1.518110
9.420000,8.933786,1.521340
9.430000,8.951714,1.524570
9.440000,8.969643,1.527800
9.450000,8.987571,1.531030
9.460000,9.005500,1.534260
9.470000,9.023429,1.539313
9.480000,9.041357,1.541135
9.490000,9.059286,1.542957
9.500000,9.077214,1.544780
9.510000,9.095143,1.546603
9.520000,9.113071,1.548425
9.530000,9.131000,1.550248
9.540000,9.149714,1.554160
9.550000,9.168429,1.556250
9.560000,9.187143,1.558340
9.570000,9.205857,1.560430
9.580000,9.224571,1.562520
9.590000,9.243286,1.564610
9.600000,9.262000,1.566700
9.610000,9.280714,1.572912
9.620000,9.299429,1.577035
9.630000,9.318143,1.581157
9.640000,9.336857,1.585280
9.650000,9.355571,1.589402
9.660000,9.374286,1.593525
9.670000,9.393000,1.597647
9.680000,9.411133,1.610291
9.690000,9.429267,1.618812
9.700000,9.447400,1.627334
9.710000,9.465533,1.635855
9.720000,9.483667,1.644376
9.730000,9.501800,1.652897
9.740000,9.519933,1.661419
9.750000,9.538067,1.683032
9.760000,9.556200,1.696125
9.770000,9.574333,1.709218
9.780000,9.592467,1.722310
9.790000,9.610600,1.735402
9.800000,9.628733,1.748495
9.810000,9.646867,1.761588
9.820000,9.665000,1.783191
9.830000,9.684000,1.791702
9.840000,9.703000,1.800213
9.850000,9.722000,1.808724
9.860000,9.741000,1.817236
9.870000,9.760000,1.825747
9.880000,9.779000,1.834258
9.890000,9.798000,1.842769
9.900000,9.817000,1.849889
9.910000,9.836000,1.848498
9.920000,9.855000,1.847107
9.930000,9.874000,1.845716
9.940000,9.893000,1.844324
9.950000,9.912000,1.842933
9.960000,9.931000,1.841542
9.970000,9.950000,1.840151
9.980000,9.968750,1.830595
9.990000,9.987500,1.822430
10.000000,10.006250,1.814265
10.010000,10.025000,1.806100
10.020000,10.043750,1.797935
10.030000,10.062500,1.789770
10.040000,10.081250,1.781605
10.050000,10.100000,1.766390
10.060000,10.118750,1.759340
10.070000,10.137500,1.752290
10.080000,10.156250,1.745240
10.090000,10.175000,1.738190
10.100000,10.193750,1.731140
10.110000,10.212500,1.724090
10.120000,10.231250,1.717040
10.130000,10.250000,1.704463
10.140000,10.269375,1.698937
10.150000,10.288750,1.693410
10.160000,10.308125,1.687883
10.170000,10.327500,1.682357
10.180000,10.346875,1.676830
10.190000,10.366250,1.671303
10.200000,10.385625,1.665777
10.210000,10.405000,1.655661
10.220000,10.424375,1.651072
10.230000,10.443750,1.646483
10.240000,10.463125,1.641894
10.250000,10.482500,1.637306
10.260000,10.501875,1.632717
10.270000,10.521250,1.628128
10.280000,10.540625,1.623539
10.290000,10.560000,1.615009
10.300000,10.580000,1.611068
10.310000,10.600000,1.607127
10.320000,10.620000,1.603186
10.330000,10.640000,1.599244
10.340000,10.660000,1.595303
10.350000,10.680000,1.591362
10.360000,10.700000,1.587421
10.370000,10.720000,1.583480
10.380000,10.740000,1.580138
10.390000,10.760000,1.576796
10.400000,10.780000,1.573453
10.410000,10.800000,1.570111
10.420000,10.820000,1.566769
10.430000,10.840000,1.563427
10.440000,10.860000,1.560084
10.450000,10.880000,1.556742
10.460000,10.900000,1.550420
10.470000,10.920000,1.547440
10.480000,10.940000,1.544460
10.490000,10.960000,1.541480
10.500000,10.980000,1.538500
10.510000,11.000000,1.535520
10.520000,11.020000,1.532540
10.530000,11.040000,1.529560
10.540000,11.060000,1.524056
10.550000,11.080000,1.521532
10.560000,11.100000,1.519008
10.570000,11.120000,1.516484
10.580000,11.140000,1.513960
10.590000,11.160000,1.511436
10.600000,11.180000,1.508912
10.610000,11.200000,1.506388
10.620000,11.220000,1.503864
10.630000,11.240000,1.498869
10.640000,11.260000,1.496398
10.650000,11.280000,1.493927
10.660000,11.300000,1.491456
10.670000,11.320000,1.488985
10.680000,11.340000,1.486514
10.690000,11.360000,1.484043
10.700000,11.380000,1.481572
10.710000,11.400000,1.479101
10.720000,11.420000,1.474066
10.730000,11.440000,1.471502
10.740000,11.460000,1.468938
10.750000,11.480000,1.466374
10.760000,11.500000,1.463810
10.770000,11.520000,1.461246
10.780000,11.540000,1.458682
10.790000,11.560000,1.456118
10.800000,11.580000,1.453554
10.810000,11.600556,1.448872
10.820000,11.621111,1.446754
10.830000,11.641667,1.444636
10.840000,11.662222,1.442518
10.850000,11.682778,1.440400
10.860000,11.703333,1.438282
10.870000,11.723889,1.436164
10.880000,11.744444,1.434046
10.890000,11.765000,1.431928
10.900000,11.785556,1.428394
10.910000,11.806111,1.426978
10.920000,11.826667,1.425562
10.930000,11.847222,1.424146
10.940000,11.867778,1.422730
10.950000,11.888333,1.421314
10.960000,11.908889,1.419898
10.970000,11.929444,1.418482
10.980000,11.950000,1.417066
10.990000,11.970526,1.413812
11.000000,11.991053,1.411974
11.010000,12.011579,1.410136
11.020000,12.032105,1.408298
11.030000,12.052632,1.406460
11.040000,12.073158,1.404622
11.050000,12.093684,1.402784
11.060000,12.114211,1.400946
11.070000,12.134737,1.399108
11.080000,12.155263,1.394455
11.090000,12.175789,1.391639
11.100000,12.196316,1.388824
11.110000,12.216842,1.386008
11.120000,12.237368,1.383193
11.130000,12.257895,1.380377
11.140000,12.278421,1.377562
11.150000,12.298947,1.374746
11.160000,12.319474,1.371931
11.170000,12.340000,1.369115
11.180000,12.360500,1.362962
11.190000,12.381000,1.359624
11.200000,12.401500,1.356285
11.210000,12.422000,1.352947
11.220000,12.442500,1.349609
11.230000,12.463000,1.346271
11.240000,12.483500,1.342933
11.250000,12.504000,1.339595
11.260000,12.524500,1.336256
11.270000,12.545000,1.332918
11.280000,12.565500,1.326725
11.290000,12.586000,1.323870
11.300000,12.606500,1.321015
11.310000,12.627000,1.318160
11.320000,12.647500,1.315305
11.330000,12.668000,1.312450
11.340000,12.688500,1.309595
11.350000,12.709000,1.306740
11.360000,12.729500,1.303885
11.370000,12.750000,1.301030
11.380000,12.771500,1.301216
11.390000,12.793000,1.301403
11.400000,12.814500,1.301589
11.410000,12.836000,1.301775
11.420000,12.857500,1.301962
11.430000,12.879000,1.302148
11.440000,12.900500,1.302335
11.450000,12.922000,1.302521
11.460000,12.943500,1.302707
11.470000,12.965000,1.302894
11.480000,12.986500,1.305150
11.490000,13.008000,1.307220
11.500000,13.029500,1.309290
11.510000,13.051000,1.311360
11.520000,13.072500,1.313430
11.530000,13.094000,1.315500
11.540000,13.115500,1.317570
11.550000,13.137000,1.319640
11.560000,13.158500,1.321710
11.570000,13.180000,1.323780
11.580000,13.201429,1.326408
11.590000,13.222857,1.326966
11.600000,13.244286,1.327525
11.610000,13.265714,1.328083
11.620000,13.287143,1.328641
11.630000,13.308571,1.329199
11.640000,13.330000,1.329757
11.650000,13.351429,1.330315
11.660000,13.372857,1.330874
11.670000,13.394286,1.331432
11.680000,13.415714,1.332003
11.690000,13.437143,1.332017
11.700000,13.458571,1.332030
11.710000,13.480000,1.332043
11.720000,13.501429,1.332057
11.730000,13.522857,1.332070
11.740000,13.544286,1.332083
11.750000,13.565714,1.332097
11.760000,13.587143,1.332110
11.770000,13.608571,1.332123
11.780000,13.630000,1.332137
11.790000,13.651364,1.332213
11.800000,13.672727,1.332275
11.810000,13.694091,1.332337
11.820000,13.715455,1.332400
11.830000,13.736818,1.332462
11.840000,13.758182,1.332525
11.850000,13.779545,1.332588
11.860000,13.800909,1.332650
11.870000,13.822273,1.332712
11.880000,13.843636,1.332775
11.890000,13.865000,1.332837
11.900000,13.886364,1.328968
11.910000,13.907727,1.325037
11.920000,13.929091,1.321105
11.930000,13.950455,1.317173
11.940000,13.971818,1.313242
11.950000,13.993182,1.309310
11.960000,14.014545,1.305378
11.970000,14.035909,1.301447
11.980000,14.057273,1.297515
11.990000,14.078636,1.293583
12.000000,14.100000,1.289652
12.010000,14.121739,1.281188
12.020000,14.143478,1.276657
12.030000,14.165217,1.272125
12.040000,14.186957,1.267593
12.050000,14.208696,1.263062
12.060000,14.230435,1.258530
12.070000,14.252174,1.253998
12.080000,14.273913,1.249467
12.090000,14.295652,1.244935
12.100000,14.317391,1.240403
12.110000,14.339130,1.235872
12.120000,14.360870,1.233166
12.130000,14.382609,1.234992
12.140000,14.404348,1.236818
12.150000,14.426087,1.238643
12.160000,14.447826,1.240469
12.170000,14.469565,1.242295
12.180000,14.491304,1.244121
12.190000,14.513043,1.245947
12.200000,14.534783,1.247772
12.210000,14.556522,1.249598
12.220000,14.578261,1.251424
12.230000,14.600000,1.262331
12.240000,14.622609,1.271412
12.250000,14.645217,1.280492
12.260000,14.667826,1.289573
12.270000,14.690435,1.298654
12.280000,14.713043,1.307735
12.290000,14.735652,1.316815
12.300000,14.758261,1.325896
12.310000,14.780870,1.334977
12.320000,14.803478,1.344058
12.330000,14.826087,1.353138
12.340000,14.848696,1.362219
12.350000,14.871304,1.389248
12.360000,14.893913,1.407195
12.370000,14.916522,1.425143
12.380000,14.939130,1.443091
12.390000,14.961739,1.461038
12.400000,14.984348,1.478986
12.410000,15.006957,1.496934
12.420000,15.029565,1.514882
12.430000,15.052174,1.532829
12.440000,15.074783,1.550777
12.450000,15.097391,1.568725
12.460000,15.120000,1.586672
12.470000,15.142000,1.624538
12.480000,15.164000,1.644455
12.490000,15.186000,1.664373
12.500000,15.208000,1.684291
12.510000,15.230000,1.704208
12.520000,15.252000,1.724126
12.530000,15.274000,1.744044
12.540000,15.296000,1.763962
12.550000,15.318000,1.783879
12.560000,15.340000,1.803797
12.570000,15.362000,1.823715
12.580000,15.384000,1.843632
12.590000,15.406000,1.871172
12.600000,15.428000,1.878793
12.610000,15.450000,1.886415
12.620000,15.472000,1.894036
12.630000,15.494000,1.901658
12.640000,15.516000,1.909279
12.650000,15.538000,1.916901
12.660000,15.560000,1.924522
12.670000,15.582000,1.932144
12.680000,15.604000,1.939765
12.690000,15.626000,1.947387
12.700000,15.648000,1.955008
12.710000,15.670000,1.957738
12.720000,15.693200,1.952846
12.730000,15.716400,1.947954
12.740000,15.739600,1.943061
12.750000,15.762800,1.938169
12.760000,15.786000,1.933277
12.770000,15.809200,1.928385
12.780000,15.832400,1.923493
12.790000,15.855600,1.918601
12.800000,15.878800,1.913709
12.810000,15.902000,1.908816
12.820000,15.925200,1.903924
12.830000,15.948400,1.899032
12.840000,15.971600,1.887168
12.850000,15.994800,1.880196
12.860000,16.018000,1.873224
12.870000,16.041200,1.866251
12.880000,16.064400,1.859279
12.890000,16.087600,1.852307
12.900000,16.110800,1.845335
12.910000,16.134000,1.838363
12.920000,16.157200,1.831391
12.930000,16.180400,1.824419
12.940000,16.203600,1.817446
12.950000,16.226800,1.810474
12.960000,16.250000,1.803502
12.970000,16.272963,1.792106
12.980000,16.295926,1.787683
12.990000,16.318889,1.783259
13.000000,16.341852,1.778836
13.010000,16.364815,1.774412
13.020000,16.387778,1.769989
13.030000,16.410741,1.765565
13.040000,16.433704,1.761141
13.050000,16.456667,1.756718
13.060000,16.479630,1.752294
13.070000,16.502593,1.747871
13.080000,16.525556,1.743447
13.090000,16.548519,1.739024
13.100000,16.571481,1.733007
13.110000,16.594444,1.731414
13.120000,16.617407,1.729821
13.130000,16.640370,1.728229
13.140000,16.663333,1.726636
13.150000,16.686296,1.725043
13.160000,16.709259,1.723450
13.170000,16.732222,1.721857
13.180000,16.755185,1.720264
13.190000,16.778148,1.718671
13.200000,16.801111,1.717079
13.210000,16.824074,1.715486
13.220000,16.847037,1.713893
13.230000,16.870000,1.711183
13.240000,16.894074,1.710065
13.250000,16.918148,1.708948
13.260000,16.942222,1.707831
13.270000,16.966296,1.706713
13.280000,16.990370,1.705596
13.290000,17.014444,1.704479
13.300000,17.038519,1.703361
13.310000,17.062593,1.702244
13.320000,17.086667,1.701127
13.330000,17.110741,1.700009
13.340000,17.134815,1.698892
13.350000,17.158889,1.697775
13.360000,17.182963,1.696657
13.370000,17.207037,1.693491
13.380000,17.231111,1.691443
13.390000,17.255185,1.689394
13.400000,17.279259,1.687345
13.410000,17.303333,1.685297
13.420000,17.327407,1.683248
13.430000,17.351481,1.681199
13.440000,17.375556,1.679151
13.450000,17.399630,1.677102
13.460000,17.423704,1.675053
13.470000,17.447778,1.673005
13.480000,17.471852,1.670956
13.490000,17.495926,1.668907
13.500000,17.520000,1.666859
13.510000,17.543448,1.662845
13.520000,17.566897,1.660879
13.530000,17.590345,1.658914
13.540000,17.613793,1.656949
13.550000,17.637241,1.654983
13.560000,17.660690,1.653018
13.570000,17.684138,1.651053
13.580000,17.707586,1.649087
13.590000,17.731034,1.647122
13.600000,17.754483,1.645157
13.610000,17.777931,1.643191
13.620000,17.801379,1.641226
13.630000,17.824828,1.639261
13.640000,17.848276,1.637295
13.650000,17.871724,1.633827
13.660000,17.895172,1.632325
13.670000,17.918621,1.630822
13.680000,17.942069,1.629319
13.690000,17.965517,1.627817
13.700000,17.988966,1.626314
13.710000,18.012414,1.624811
13.720000,18.035862,1.623309
13.730000,18.059310,1.621806
13.740000,18.082759,1.620303
13.750000,18.106207,1.618801
13.760000,18.129655,1.617298
13.770000,18.153103,1.615795
13.780000,18.176552,1.614293
13.790000,18.200000,1.612790
13.800000,18.224333,1.611346
13.810000,18.248667,1.609902
13.820000,18.273000,1.608458
13.830000,18.297333,1.607014
13.840000,18.321667,1.605570
13.850000,18.346000,1.604126
13.860000,18.370333,1.602682
13.870000,18.394667,1.601238
13.880000,18.419000,1.599794
13.890000,18.443333,1.598350
13.900000,18.467667,1.596906
13.910000,18.492000,1.595462
13.920000,18.516333,1.594018
13.930000,18.540667,1.592574
13.940000,18.565000,1.590216
13.950000,18.589333,1.589303
13.960000,18.613667,1.588389
13.970000,18.638000,1.587475
13.980000,18.662333,1.586561
13.990000,18.686667,1.585647
14.000000,18.711000,1.584734
14.010000,18.735333,1.583820
14.020000,18.759667,1.582906
14.030000,18.784000,1.581993
14.040000,18.808333,1.581079
14.050000,18.832667,1.580165
14.060000,18.857000,1.579251
14.070000,18.881333,1.578337
14.080000,18.905667,1.577424
14.090000,18.930000,1.576513
14.100000,18.954839,1.576516
14.110000,18.979677,1.576519
14.120000,19.004516,1.576522
14.130000,19.029355,1.576525
14.140000,19.054194,1.576528
14.150000,19.079032,1.576531
14.160000,19.103871,1.576534
14.170000,19.128710,1.576536
14.180000,19.153548,1.576539
14.190000,19.178387,1.576542
14.200000,19.203226,1.576545
14.210000,19.228065,1.576548
14.220000,19.252903,1.576551
14.230000,19.277742,1.576554
14.240000,19.302581,1.576557
14.250000,19.327419,1.576855
14.260000,19.352258,1.577149
14.270000,19.377097,1.577444
14.280000,19.401935,1.577739
14.290000,19.426774,1.578034
14.300000,19.451613,1.578328
14.310000,19.476452,1.578623
14.320000,19.501290,1.578918
14.330000,19.526129,1.579212
14.340000,19.550968,1.579507
14.350000,19.575806,1.579802
14.360000,19.600645,1.580096
14.370000,19.625484,1.580391
14.380000,19.650323,1.580686
14.390000,19.675161,1.580981
14.400000,19.700000,1.581275
14.410000,19.724545,1.581801
14.420000,19.749091,1.582031
14.430000,19.773636,1.582262
14.440000,19.798182,1.582492
14.450000,19.822727,1.582723
14.460000,19.847273,1.582954
14.470000,19.871818,1.583184
14.480000,19.896364,1.583415
14.490000,19.920909,1.583645
14.500000,19.945455,1.583876
14.510000,19.970000,1.584106
14.520000,19.994545,1.584337
14.530000,20.019091,1.584568
14.540000,20.043636,1.584798
14.550000,20.068182,1.585029
14.560000,20.092727,1.585259
14.570000,20.117273,1.585436
14.580000,20.141818,1.585382
14.590000,20.166364,1.585328
14.600000,20.190909,1.585274
14.610000,20.215455,1.585219
14.620000,20.240000,1.585165
14.630000,20.264545,1.585111
14.640000,20.289091,1.585057
14.650000,20.313636,1.585003
14.660000,20.338182,1.584949
14.670000,20.362727,1.584895
14.680000,20.387273,1.584841
14.690000,20.411818,1.584786
14.700000,20.436364,1.584732
14.710000,20.460909,1.584678
14.720000,20.485455,1.584624
14.730000,20.510000,1.584570
14.740000,20.535294,1.584244
14.750000,20.560588,1.583917
14.760000,20.585882,1.583591
14.770000,20.611176,1.583264
14.780000,20.636471,1.582938
14.790000,20.661765,1.582611
14.800000,20.687059,1.582285
14.810000,20.712353,1.581958
14.820000,20.737647,1.581632
14.830000,20.762941,1.581305
14.840000,20.788235,1.580979
14.850000,20.813529,1.580652
14.860000,20.838824,1.580326
14.870000,20.864118,1.579999
14.880000,20.889412,1.579673
14.890000,20.914706,1.579346
14.900000,20.940000,1.579018
14.910000,20.965294,1.579016
14.920000,20.990588,1.579014
14.930000,21.015882,1.579012
14.940000,21.041176,1.579009
14.950000,21.066471,1.579007
14.960000,21.091765,1.579005
14.970000,21.117059,1.579003
14.980000,21.142353,1.579001
14.990000,21.167647,1.578999
15.000000,21.192941,1.578997
15.010000,21.218235,1.578995
15.020000,21.243529,1.578993
15.030000,21.268824,1.578991
15.040000,21.294118,1.578988
15.050000,21.319412,1.578986
15.060000,21.344706,1.578984
15.070000,21.370000,1.578982
15.080000,21.395556,1.578894
15.090000,21.421111,1.578809
15.100000,21.446667,1.578723
15.110000,21.472222,1.578638
15.120000,21.497778,1.578552
15.130000,21.523333,1.578467
15.140000,21.548889,1.578381
15.150000,21.574444,1.578296
15.160000,21.600000,1.578210
15.170000,21.625556,1.578124
15.180000,21.651111,1.578039
15.190000,21.676667,1.577953
15.200000,21.702222,1.577868
15.210000,21.727778,1.577782
15.220000,21.753333,1.577697
15.230000,21.778889,1.577611
15.240000,21.804444,1.577526
15.250000,21.830000,1.577440
15.260000,21.855556,1.576823
15.270000,21.881111,1.576206
15.280000,21.906667,1.575589
15.290000,21.932222,1.574973
15.300000,21.957778,1.574356
15.310000,21.983333,1.573739
15.320000,22.008889,1.573122
15.330000,22.034444,1.572505
15.340000,22.060000,1.571888
15.350000,22.085556,1.571272
15.360000,22.111111,1.570655
15.370000,22.136667,1.570038
15.380000,22.162222,1.569421
15.390000,22.187778,1.568804
15.400000,22.213333,1.568187
15.410000,22.238889,1.567571
15.420000,22.264444,1.566954
15.430000,22.290000,1.566337
15.440000,22.315789,1.564921
15.450000,22.341579,1.564122
15.460000,22.367368,1.563323
15.470000,22.393158,1.562524
15.480000,22.418947,1.561725
15.490000,22.444737,1.560926
15.500000,22.470526,1.560127
15.510000,22.496316,1.559328
15.520000,22.522105,1.558529
15.530000,22.547895,1.557731
15.540000,22.573684,1.556932
15.550000,22.599474,1.556133
15.560000,22.625263,1.555334
15.570000,22.651053,1.554535
15.580000,22.676842,1.553736
15.590000,22.702632,1.552937
15.600000,22.728421,1.552138
15.610000,22.754211,1.551339
15.620000,22.780000,1.549991
15.630000,22.805789,1.549443
15.640000,22.831579,1.548895
15.650000,22.857368,1.548346
15.660000,22.883158,1.547798
15.670000,22.908947,1.547249
15.680000,22.934737,1.546701
15.690000,22.960526,1.546152
15.700000,22.986316,1.545604
15.710000,23.012105,1.545055
15.720000,23.037895,1.544507
15.730000,23.063684,1.543958
15.740000,23.089474,1.543410
15.750000,23.115263,1.542861
15.760000,23.141053,1.542312
15.770000,23.166842,1.541764
15.780000,23.192632,1.541216
15.790000,23.218421,1.540667
15.800000,23.244211,1.540119
15.810000,23.270000,1.539233
15.820000,23.296667,1.538896
15.830000,23.323333,1.538559
15.840000,23.350000,1.538221
15.850000,23.376667,1.537884
15.860000,23.403333,1.537547
15.870000,23.430000,1.537210
15.880000,23.456667,1.536873
15.890000,23.483333,1.536536
15.900000,23.510000,1.536199
15.910000,23.536667,1.535861
15.920000,23.563333,1.535524
15.930000,23.590000,1.535187
15.940000,23.616667,1.534850
15.950000,23.643333,1.534513
15.960000,23.670000,1.534176
15.970000,23.696667,1.533839
15.980000,23.723333,1.533501
15.990000,23.750000,1.533164
16.000000,23.776667,1.532827
16.010000,23.803333,1.532129
16.020000,23.830000,1.531768
16.030000,23.856667,1.531407
16.040000,23.883333,1.531046
16.050000,23.910000,1.530685
16.060000,23.936667,1.530324
16.070000,23.963333,1.529963
16.080000,23.990000,1.529602
16.090000,24.016667,1.529241
16.100000,24.043333,1.528880
16.110000,24.070000,1.528520
16.120000,24.096667,1.528159
16.130000,24.123333,1.527798
16.140000,24.150000,1.527437
16.150000,24.176667,1.527076
16.160000,24.203333,1.526715
16.170000,24.230000,1.526354
16.180000,24.256667,1.525993
16.190000,24.283333,1.525632
16.200000,24.310000,1.525271
16.210000,24.336190,1.524561
16.220000,24.362381,1.524212
16.230000,24.388571,1.523863
16.240000,24.414762,1.523514
16.250000,24.440952,1.523165
16.260000,24.467143,1.522816
16.270000,24.493333,1.522467
16.280000,24.519524,1.522118
16.290000,24.545714,1.521769
16.300000,24.571905,1.521420
16.310000,24.598095,1.521070
16.320000,24.624286,1.520721
16.330000,24.650476,1.520372
16.340000,24.676667,1.520023
16.350000,24.702857,1.519674
16.360000,24.729048,1.519325
16.370000,24.755238,1.518976
16.380000,24.781429,1.518627
16.390000,24.807619,1.518278
16.400000,24.833810,1.517929
16.410000,24.860000,1.517514
16.420000,24.886190,1.517447
16.430000,24.912381,1.517381
16.440000,24.938571,1.517315
16.450000,24.964762,1.517248
16.460000,24.990952,1.517182
16.470000,25.017143,1.517115
16.480000,25.043333,1.517049
16.490000,25.069524,1.516983
16.500000,25.095714,1.516916
16.510000,25.121905,1.516850
16.520000,25.148095,1.516784
16.530000,25.174286,1.516717
16.540000,25.200476,1.516651
16.550000,25.226667,1.516585
16.560000,25.252857,1.516518
16.570000,25.279048,1.516452
16.580000,25.305238,1.516385
16.590000,25.331429,1.516319
16.600000,25.357619,1.516253
16.610000,25.383810,1.516186
16.620000,25.410000,1.515952
16.630000,25.437442,1.515783
16.640000,25.464884,1.515615
16.650000,25.492326,1.515447
16.660000,25.519767,1.515279
16.670000,25.547209,1.515110
16.680000,25.574651,1.514942
16.690000,25.602093,1.514774
16.700000,25.629535,1.514606
16.710000,25.656977,1.514437
16.720000,25.684419,1.514269
16.730000,25.711860,1.514101
16.740000,25.739302,1.513933
16.750000,25.766744,1.513764
16.760000,25.794186,1.513596
16.770000,25.821628,1.513428
16.780000,25.849070,1.513260
16.790000,25.876512,1.513091
16.800000,25.903953,1.512923
16.810000,25.931395,1.512755
16.820000,25.958837,1.512587
16.830000,25.986279,1.512418
16.840000,26.013721,1.511997
16.850000,26.041163,1.511743
16.860000,26.068605,1.511490
16.870000,26.096047,1.511236
16.880000,26.123488,1.510983
16.890000,26.150930,1.510729
16.900000,26.178372,1.510476
16.910000,26.205814,1.510222
16.920000,26.233256,1.509969
16.930000,26.260698,1.509715
16.940000,26.288140,1.509462
16.950000,26.315581,1.509208
16.960000,26.343023,1.508955
16.970000,26.370465,1.508701
16.980000,26.397907,1.508448
16.990000,26.425349,1.508194
17.000000,26.452791,1.507941
17.010000,26.480233,1.507687
17.020000,26.507674,1.507434
17.030000,26.535116,1.507180
17.040000,26.562558,1.506927
17.050000,26.590000,1.506673
17.060000,26.617391,1.506293
17.070000,26.644783,1.506165
17.080000,26.672174,1.506038
17.090000,26.699565,1.505910
17.100000,26.726957,1.505783
17.110000,26.754348,1.505655
17.120000,26.781739,1.505528
17.130000,26.809130,1.505400
17.140000,26.836522,1.505273
17.150000,26.863913,1.505145
17.160000,26.891304,1.505018
17.170000,26.918696,1.504890
17.180000,26.946087,1.504763
17.190000,26.973478,1.504635
17.200000,27.000870,1.504508
17.210000,27.028261,1.504380
17.220000,27.055652,1.504252
17.230000,27.083043,1.504125
17.240000,27.110435,1.503998
17.250000,27.137826,1.503870
17.260000,27.165217,1.503742
17.270000,27.192609,1.503615
17.280000,27.220000,1.503488
17.290000,27.247391,1.503236
17.300000,27.274783,1.503112
17.310000,27.302174,1.502988
17.320000,27.329565,1.502863
17.330000,27.356957,1.502739
17.340000,27.384348,1.502615
17.350000,27.411739,1.502491
17.360000,27.439130,1.502367
17.370000,27.466522,1.502242
17.380000,27.493913,1.502118
17.390000,27.521304,1.501994
17.400000,27.548696,1.501870
17.410000,27.576087,1.501746
17.420000,27.603478,1.501622
17.430000,27.630870,1.501497
17.440000,27.658261,1.501373
17.450000,27.685652,1.501249
17.460000,27.713043,1.501125
17.470000,27.740435,1.501001
17.480000,27.767826,1.500877
17.490000,27.795217,1.500752
17.500000,27.822609,1.500628
17.510000,27.850000,1.500504
17.520000,27.877551,1.500270
17.530000,27.905102,1.500161
17.540000,27.932653,1.500051
17.550000,27.960204,1.499942
17.560000,27.987755,1.499832
17.570000,28.015306,1.499722
17.580000,28.042857,1.499613
17.590000,28.070408,1.499503
17.600000,28.097959,1.499394
17.610000,28.125510,1.499284
17.620000,28.153061,1.499174
17.630000,28.180612,1.499065
17.640000,28.208163,1.498955
17.650000,28.235714,1.498846
17.660000,28.263265,1.498736
17.670000,28.290816,1.498626
17.680000,28.318367,1.498517
17.690000,28.345918,1.498407
17.700000,28.373469,1.498298
17.710000,28.401020,1.498188
17.720000,28.428571,1.498078
17.730000,28.456122,1.497969
17.740000,28.483673,1.497859
17.750000,28.511224,1.497750
17.760000,28.538776,1.497731
17.770000,28.566327,1.497822
17.780000,28.593878,1.497913
17.790000,28.621429,1.498005
17.800000,28.648980,1.498096
17.810000,28.676531,1.498187
17.820000,28.704082,1.498278
17.830000,28.731633,1.498369
17.840000,28.759184,1.498460
17.850000,28.786735,1.498552
17.860000,28.814286,1.498643
17.870000,28.841837,1.498734
17.880000,28.869388,1.498825
17.890000,28.896939,1.498916
17.900000,28.924490,1.499007
17.910000,28.952041,1.499098
17.920000,28.979592,1.499190
17.930000,29.007143,1.499281
17.940000,29.034694,1.499372
17.950000,29.062245,1.499463
17.960000,29.089796,1.499554
17.970000,29.117347,1.499645
17.980000,29.144898,1.499737
17.990000,29.172449,1.499828
18.000000,29.200000,1.499919
18.010000,29.227885,1.500040
18.020000,29.255769,1.500071
18.030000,29.283654,1.500101
18.040000,29.311538,1.500132
18.050000,29.339423,1.500162
18.060000,29.367308,1.500192
18.070000,29.395192,1.500223
18.080000,29.423077,1.500253
18.090000,29.450962,1.500283
18.100000,29.478846,1.500314
18.110000,29.506731,1.500344
18.120000,29.534615,1.500375
18.130000,29.562500,1.500405
18.140000,29.590385,1.500435
18.150000,29.618269,1.500466
18.160000,29.646154,1.500496
18.170000,29.674038,1.500527
18.180000,29.701923,1.500557
18.190000,29.729808,1.500587
18.200000,29.757692,1.500618
18.210000,29.785577,1.500648
18.220000,29.813462,1.500678
18.230000,29.841346,1.500709
18.240000,29.869231,1.500739
18.250000,29.897115,1.500770
18.260000,29.925000,1.500530
18.270000,29.952885,1.500259
18.280000,29.980769,1.499989
18.290000,30.008654,1.499719
18.300000,30.036538,1.499448
18.310000,30.064423,1.499178
18.320000,30.092308,1.498907
18.330000,30.120192,1.498637
18.340000,30.148077,1.498367
18.350000,30.175962,1.498096
18.360000,30.203846,1.497826
18.370000,30.231731,1.497556
18.380000,30.259615,1.497285
18.390000,30.287500,1.497015
18.400000,30.315385,1.496744
18.410000,30.343269,1.496474
18.420000,30.371154,1.496204
18.430000,30.399038,1.495933
18.440000,30.426923,1.495663
18.450000,30.454808,1.495393
18.460000,30.482692,1.495122
18.470000,30.510577,1.494852
18.480000,30.538462,1.494581
18.490000,30.566346,1.494311
18.500000,30.594231,1.494041
18.510000,30.622115,1.493770
18.520000,30.650000,1.493384
18.530000,30.678704,1.493268
18.540000,30.707407,1.493152
18.550000,30.736111,1.493036
18.560000,30.764815,1.492920
18.570000,30.793519,1.492804
18.580000,30.822222,1.492688
18.590000,30.850926,1.492571
18.600000,30.879630,1.492455
18.610000,30.908333,1.492339
18.620000,30.937037,1.492223
18.630000,30.965741,1.492107
18.640000,30.994444,1.491991
18.650000,31.023148,1.491875
18.660000,31.051852,1.491759
18.670000,31.080556,1.491643
18.680000,31.109259,1.491527
18.690000,31.137963,1.491411
18.700000,31.166667,1.491295
18.710000,31.195370,1.491179
18.720000,31.224074,1.491062
18.730000,31.252778,1.490946
18.740000,31.281481,1.490830
18.750000,31.310185,1.490714
18.760000,31.338889,1.490598
18.770000,31.367593,1.490482
18.780000,31.396296,1.490366
18.790000,31.425000,1.490329
18.800000,31.453704,1.490408
18.810000,31.482407,1.490487
18.820000,31.511111,1.490566
18.830000,31.539815,1.490645
18.840000,31.568519,1.490724
18.850000,31.597222,1.490803
18.860000,31.625926,1.490882
18.870000,31.654630,1.490961
18.880000,31.683333,1.491040
18.890000,31.712037,1.491119
18.900000,31.740741,1.491198
18.910000,31.769444,1.491277
18.920000,31.798148,1.491356
18.930000,31.826852,1.491434
18.940000,31.855556,1.491513
18.950000,31.884259,1.491592
18.960000,31.912963,1.491671
18.970000,31.941667,1.491750
18.980000,31.970370,1.491829
18.990000,31.999074,1.491908
19.000000,32.027778,1.491987
19.010000,32.056481,1.492066
19.020000,32.085185,1.492145
19.030000,32.113889,1.492224
19.040000,32.142593,1.492303
19.050000,32.171296,1.492382
19.060000,32.200000,1.492461
19.070000,32.228621,1.492472
19.080000,32.257241,1.492403
19.090000,32.285862,1.492335
19.100000,32.314483,1.492267
19.110000,32.343103,1.492199
19.120000,32.371724,1.492130
19.130000,32.400345,1.492062
19.140000,32.428966,1.491994
19.150000,32.457586,1.491926
19.160000,32.486207,1.491857
19.170000,32.514828,1.491789
19.180000,32.543448,1.491721
19.190000,32.572069,1.491652
19.200000,32.600690,1.491584
19.210000,32.629310,1.491516
19.220000,32.657931,1.491448
19.230000,32.686552,1.491379
19.240000,32.715172,1.491311
19.250000,32.743793,1.491243
19.260000,32.772414,1.491174
19.270000,32.801034,1.491106
19.280000,32.829655,1.491038
19.290000,32.858276,1.490970
19.300000,32.886897,1.490901
19.310000,32.915517,1.490833
19.320000,32.944138,1.490765
19.330000,32.972759,1.490697
19.340000,33.001379,1.490628
19.350000,33.030000,1.490386
19.360000,33.058621,1.490211
19.370000,33.087241,1.490037
19.380000,33.115862,1.489863
19.390000,33.144483,1.489688
19.400000,33.173103,1.489514
19.410000,33.201724,1.489340
19.420000,33.230345,1.489165
19.430000,33.258966,1.488991
19.440000,33.287586,1.488817
19.450000,33.316207,1.488642
19.460000,33.344828,1.488468
19.470000,33.373448,1.488294
19.480000,33.402069,1.488119
19.490000,33.430690,1.487945
19.500000,33.459310,1.487771
19.510000,33.487931,1.487596
19.520000,33.516552,1.487422
19.530000,33.545172,1.487248
19.540000,33.573793,1.487073
19.550000,33.602414,1.486899
19.560000,33.631034,1.486725
19.570000,33.659655,1.486550
19.580000,33.688276,1.486376
19.590000,33.716897,1.486202
19.600000,33.745517,1.486027
19.610000,33.774138,1.485853
19.620000,33.802759,1.485679
19.630000,33.831379,1.485504
19.640000,33.860000,1.485330
19.650000,33.907105,1.485175
19.660000,33.954211,1.485019
19.670000,34.001316,1.484864
19.680000,34.048421,1.484708
19.690000,34.095526,1.484553
19.700000,34.142632,1.484397
19.710000,34.189737,1.484242
19.720000,34.236842,1.484086
19.730000,34.283947,1.483931
19.740000,34.331053,1.483775
19.750000,34.378158,1.483620
19.760000,34.425263,1.483464
19.770000,34.472368,1.483309
19.780000,34.519474,1.483153
19.790000,34.566579,1.482998
19.800000,34.613684,1.482842
19.810000,34.660789,1.482687
19.820000,34.707895,1.482531
19.830000,34.755000,1.482376
19.840000,34.802105,1.482220
19.850000,34.849211,1.482065
19.860000,34.896316,1.481909
19.870000,34.943421,1.481754
19.880000,34.990526,1.481598
19.890000,35.037632,1.481443
19.900000,35.084737,1.481287
19.910000,35.131842,1.481132
19.920000,35.178947,1.480976
19.930000,35.226053,1.480821
19.940000,35.273158,1.480665
19.950000,35.320263,1.480510
19.960000,35.367368,1.480510
19.970000,35.414474,1.480510
19.980000,35.461579,1.480510
19.990000,35.508684,1.480510
20.000000,35.555789,1.480510