wl,Al_n,Al_k
0.40,0.521350,5.000800
0.41,0.521350,5.000800
0.42,0.542987,5.092500
0.43,0.564625,5.184200
0.44,0.586263,5.275900
0.45,0.637875,5.470225
0.46,0.667850,5.572850
0.47,0.697825,5.675475
0.48,0.756920,5.870840
0.49,0.786040,5.963580
0.50,0.815160,6.056320
0.51,0.844280,6.149060
0.52,0.906633,6.332150
0.53,0.939867,6.422500
0.54,0.973100,6.512850
0.55,1.006333,6.603200
0.56,1.039567,6.693550
0.57,1.121667,6.887450
0.58,1.170533,6.991000
0.59,1.219400,7.094550
0.60,1.268267,7.198100
0.61,1.317133,7.301650
0.62,1.407280,7.471240
0.63,1.448560,7.537280
0.64,1.489840,7.603320
0.65,1.531120,7.669360
0.66,1.636825,7.816575
0.67,1.701250,7.897750
0.68,1.765675,7.978925
0.69,1.896200,8.119380
0.70,1.962300,8.178660
0.71,2.028400,8.237940
0.72,2.094500,8.297220
0.73,2.236400,8.378983
0.74,2.312200,8.401467
0.75,2.388000,8.423950
0.76,2.463800,8.446433
0.77,2.539600,8.468917
0.78,2.666100,8.456467
0.79,2.716800,8.421533
0.80,2.767267,8.343500
0.81,2.767033,8.300400
0.82,2.742700,8.234133
0.83,2.718600,8.210967
0.84,2.625450,8.175400
0.85,2.556400,8.163000
0.86,2.487350,8.150600
0.87,2.418300,8.138200
0.88,2.349250,8.125800
0.89,2.203625,8.161500
0.90,2.127050,8.209600
0.91,2.050475,8.257700
0.92,1.875400,8.402867
0.93,1.776900,8.499933
0.94,1.630475,8.714125
0.95,1.582550,8.831250
0.96,1.534625,8.948375
0.97,1.474000,9.172600
0.98,1.461300,9.279700
0.99,1.448600,9.386800
1.00,1.428680,9.573400
1.01,1.421460,9.652900
1.02,1.414240,9.732400
1.03,1.407020,9.811900
1.04,1.392630,9.999160
1.05,1.385460,10.106920
1.06,1.378290,10.214680
1.07,1.371120,10.322440
1.08,1.363950,10.430200
1.09,1.356780,10.537960
1.10,1.349610,10.645720
1.11,1.342440,10.753480
1.12,1.335270,10.861240
1.13,1.327067,11.075333
1.14,1.326033,11.181667
1.15,1.325000,11.288000
1.16,1.323967,11.394333
1.17,1.322933,11.500667
1.18,1.321900,11.607000
1.19,1.320867,11.713333
1.20,1.319833,11.819667
1.21,1.318800,11.926000
1.22,1.317767,12.032333
1.23,1.316733,12.138667
1.24,1.320647,12.347600
1.25,1.325593,12.450200
1.26,1.330540,12.552800
1.27,1.335487,12.655400
1.28,1.340433,12.758000
1.29,1.345380,12.860600
1.30,1.350327,12.963200
1.31,1.355273,13.065800
1.32,1.360220,13.168400
1.33,1.365167,13.271000
1.34,1.370113,13.373600
1.35,1.375060,13.476200
1.36,1.380007,13.578800
1.37,1.384953,13.681400
1.38,1.400361,13.888000
1.39,1.410822,13.992000
1.40,1.421283,14.096000
1.41,1.431744,14.200000
1.42,1.442206,14.304000
1.43,1.452667,14.408000
1.44,1.463128,14.512000
1.45,1.473589,14.616000
1.46,1.484050,14.720000
1.47,1.494511,14.824000
1.48,1.504972,14.928000
1.49,1.515433,15.032000
1.50,1.525894,15.136000
1.51,1.536356,15.240000
1.52,1.546817,15.344000
1.53,1.557278,15.448000
1.54,1.567739,15.552000
1.55,1.592463,15.753292
1.56,1.606725,15.850583
1.57,1.620988,15.947875
1.58,1.635250,16.045167
1.59,1.649513,16.142458
1.60,1.663775,16.239750
1.61,1.678038,16.337042
1.62,1.692300,16.434333
1.63,1.706562,16.531625
1.64,1.720825,16.628917
1.65,1.735088,16.726208
1.66,1.749350,16.823500
1.67,1.763613,16.920792
1.68,1.777875,17.018083
1.69,1.792138,17.115375
1.70,1.806400,17.212667
1.71,1.820663,17.309958
1.72,1.834925,17.407250
1.73,1.849188,17.504542
1.74,1.863450,17.601833
1.75,1.877713,17.699125
1.76,1.891975,17.796417
1.77,1.906238,17.893708
1.78,1.938943,18.090700
1.79,1.957387,18.190400
1.80,1.975830,18.290100
1.81,1.994273,18.389800
1.82,2.012717,18.489500
1.83,2.031160,18.589200
1.84,2.049603,18.688900
1.85,2.068047,18.788600
1.86,2.086490,18.888300
1.87,2.104933,18.988000
1.88,2.123377,19.087700
1.89,2.141820,19.187400
1.90,2.160263,19.287100
1.91,2.178707,19.386800
1.92,2.197150,19.486500
1.93,2.215593,19.586200
1.94,2.234037,19.685900
1.95,2.252480,19.785600
1.96,2.270923,19.885300
1.97,2.289367,19.985000
1.98,2.307810,20.084700
1.99,2.326253,20.184400
2.00,2.344697,20.284100
2.01,2.363140,20.383800
2.02,2.381583,20.483500
2.03,2.400027,20.583200
2.04,2.418470,20.682900
2.05,2.436913,20.782600
2.06,2.455357,20.882300
2.07,2.494357,21.077762
2.08,2.514914,21.173524
2.09,2.535471,21.269286
2.10,2.556029,21.365048
2.11,2.576586,21.460810
2.12,2.597143,21.556571
2.13,2.617700,21.652333
2.14,2.638257,21.748095
2.15,2.658814,21.843857
2.16,2.679371,21.939619
2.17,2.699929,22.035381
2.18,2.720486,22.131143
2.19,2.741043,22.226905
2.20,2.761600,22.322667
2.21,2.782157,22.418429
2.22,2.802714,22.514190
2.23,2.823271,22.609952
2.24,2.843829,22.705714
2.25,2.864386,22.801476
2.26,2.884943,22.897238
2.27,2.905500,22.993000
2.28,2.926057,23.088762
2.29,2.946614,23.184524
2.30,2.967171,23.280286
2.31,2.987729,23.376048
2.32,3.008286,23.471810
2.33,3.028843,23.567571
2.34,3.049400,23.663333
2.35,3.069957,23.759095
2.36,3.090514,23.854857
2.37,3.111071,23.950619
2.38,3.131629,24.046381
2.39,3.152186,24.142143
2.40,3.172743,24.237905
2.41,3.193300,24.333667
2.42,3.213857,24.429429
2.43,3.234414,24.525190
2.44,3.254971,24.620952
2.45,3.275529,24.716714
2.46,3.296086,24.812476
2.47,3.316643,24.908238
2.48,3.357917,25.092828
2.49,3.378634,25.181655
2.50,3.399352,25.270483
2.51,3.420069,25.359310
2.52,3.440786,25.448138
2.53,3.461503,25.536966
2.54,3.482221,25.625793
2.55,3.502938,25.714621
2.56,3.523655,25.803448
2.57,3.544372,25.892276
2.58,3.565090,25.981103
2.59,3.585807,26.069931
2.60,3.606524,26.158759
2.61,3.627241,26.247586
2.62,3.647959,26.336414
2.63,3.668676,26.425241
2.64,3.689393,26.514069
2.65,3.710110,26.602897
2.66,3.730828,26.691724
2.67,3.751545,26.780552
2.68,3.772262,26.869379
2.69,3.792979,26.958207
2.70,3.813697,27.047034
2.71,3.834414,27.135862
2.72,3.855131,27.224690
2.73,3.875848,27.313517
2.74,3.896566,27.402345
2.75,3.917283,27.491172
2.76,3.960049,27.670200
2.77,3.982097,27.760400
2.78,4.004146,27.850600
2.79,4.026194,27.940800
2.80,4.048243,28.031000
2.81,4.070291,28.121200
2.82,4.092340,28.211400
2.83,4.114389,28.301600
2.84,4.136437,28.391800
2.85,4.158486,28.482000
2.86,4.180534,28.572200
2.87,4.202583,28.662400
2.88,4.224631,28.752600
2.89,4.246680,28.842800
2.90,4.268729,28.933000
2.91,4.290777,29.023200
2.92,4.312826,29.113400
2.93,4.334874,29.203600
2.94,4.356923,29.293800
2.95,4.378971,29.384000
2.96,4.401020,29.474200
2.97,4.423069,29.564400
2.98,4.445117,29.654600
2.99,4.467166,29.744800
3.00,4.489214,29.835000
3.01,4.511263,29.925200
3.02,4.533311,30.015400
3.03,4.555360,30.105600
3.04,4.577409,30.195800
3.05,4.599457,30.286000
3.06,4.621506,30.376200
3.07,4.643554,30.466400
3.08,4.665603,30.556600
3.09,4.687651,30.646800
3.10,4.729911,30.817333
3.11,4.750122,30.897667
3.12,4.770333,30.978000
3.13,4.790544,31.058333
3.14,4.810756,31.138667
3.15,4.830967,31.219000
3.16,4.851178,31.299333
3.17,4.871389,31.379667
3.18,4.891600,31.460000
3.19,4.911811,31.540333
3.20,4.932022,31.620667
3.21,4.952233,31.701000
3.22,4.972444,31.781333
3.23,4.992656,31.861667
3.24,5.012867,31.942000
3.25,5.033078,32.022333
3.26,5.053289,32.102667
3.27,5.095437,32.268842
3.28,5.117374,32.354684
3.29,5.139311,32.440526
3.30,5.161247,32.526368
3.31,5.183184,32.612211
3.32,5.205121,32.698053
3.33,5.227058,32.783895
3.34,5.248995,32.869737
3.35,5.270932,32.955579
3.36,5.292868,33.041421
3.37,5.314805,33.127263
3.38,5.336742,33.213105
3.39,5.358679,33.298947
3.40,5.380616,33.384789
3.41,5.402553,33.470632
3.42,5.424489,33.556474
3.43,5.446426,33.642316
3.44,5.468363,33.728158
3.45,5.512495,33.899429
3.46,5.534690,33.984857
3.47,5.556886,34.070286
3.48,5.579081,34.155714
3.49,5.601276,34.241143
3.50,5.623471,34.326571
3.51,5.645667,34.412000
3.52,5.667862,34.497429
3.53,5.690057,34.582857
3.54,5.712252,34.668286
3.55,5.734448,34.753714
3.56,5.756643,34.839143
3.57,5.778838,34.924571
3.58,5.801033,35.010000
3.59,5.823229,35.095429
3.60,5.845424,35.180857
3.61,5.867619,35.266286
3.62,5.889814,35.351714
3.63,5.912010,35.437143
3.64,5.934205,35.522571
3.65,5.978250,35.690792
3.66,6.000100,35.773583
3.67,6.021950,35.856375
3.68,6.043800,35.939167
3.69,6.065650,36.021958
3.70,6.087500,36.104750
3.71,6.109350,36.187542
3.72,6.131200,36.270333
3.73,6.153050,36.353125
3.74,6.174900,36.435917
3.75,6.196750,36.518708
3.76,6.218600,36.601500
3.77,6.240450,36.684292
3.78,6.262300,36.767083
3.79,6.284150,36.849875
3.80,6.306000,36.932667
3.81,6.327850,37.015458
3.82,6.349700,37.098250
3.83,6.371550,37.181042
3.84,6.393400,37.263833
3.85,6.415250,37.346625
3.86,6.437100,37.429417
3.87,6.458950,37.512208
3.88,6.502978,37.677630
3.89,6.525156,37.760259
3.90,6.547333,37.842889
3.91,6.569511,37.925519
3.92,6.591689,38.008148
3.93,6.613867,38.090778
3.94,6.636044,38.173407
3.95,6.658222,38.256037
3.96,6.680400,38.338667
3.97,6.702578,38.421296
3.98,6.724756,38.503926
3.99,6.746933,38.586556
4.00,6.769111,38.669185
4.01,6.791289,38.751815
4.02,6.813467,38.834444
4.03,6.835644,38.917074
4.04,6.857822,38.999704
4.05,6.880000,39.082333
4.06,6.902178,39.164963
4.07,6.924356,39.247593
4.08,6.946533,39.330222
4.09,6.968711,39.412852
4.10,6.990889,39.495481
4.11,7.013067,39.578111
4.12,7.035244,39.660741
4.13,7.057422,39.743370
4.14,7.102803,39.910700
4.15,7.126007,39.995400
4.16,7.149210,40.080100
4.17,7.172413,40.164800
4.18,7.195617,40.249500
4.19,7.218820,40.334200
4.20,7.242023,40.418900
4.21,7.265227,40.503600
4.22,7.288430,40.588300
4.23,7.311633,40.673000
4.24,7.334837,40.757700
4.25,7.358040,40.842400
4.26,7.381243,40.927100
4.27,7.404447,41.011800
4.28,7.427650,41.096500
4.29,7.450853,41.181200
4.30,7.474057,41.265900
4.31,7.497260,41.350600
4.32,7.520463,41.435300
4.33,7.543667,41.520000
4.34,7.566870,41.604700
4.35,7.590073,41.689400
4.36,7.613277,41.774100
4.37,7.636480,41.858800
4.38,7.659683,41.943500
4.39,7.682887,42.028200
4.40,7.706090,42.112900
4.41,7.729293,42.197600
4.42,7.752497,42.282300
4.43,7.798911,42.449571
4.44,7.822123,42.532143
4.45,7.845334,42.614714
4.46,7.868546,42.697286
4.47,7.891757,42.779857
4.48,7.914969,42.862429
4.49,7.938180,42.945000
4.50,7.961391,43.027571
4.51,7.984603,43.110143
4.52,8.007814,43.192714
4.53,8.031026,43.275286
4.54,8.054237,43.357857
4.55,8.077449,43.440429
4.56,8.100660,43.523000
4.57,8.123871,43.605571
4.58,8.147083,43.688143
4.59,8.170294,43.770714
4.60,8.193506,43.853286
4.61,8.216717,43.935857
4.62,8.239929,44.018429
4.63,8.263140,44.101000
4.64,8.286351,44.183571
4.65,8.309563,44.266143
4.66,8.332774,44.348714
4.67,8.355986,44.431286
4.68,8.379197,44.513857
4.69,8.402409,44.596429
4.70,8.425620,44.679000
4.71,8.448831,44.761571
4.72,8.472043,44.844143
4.73,8.495254,44.926714
4.74,8.518466,45.009286
4.75,8.541677,45.091857
4.76,8.564889,45.174429
4.77,8.611756,45.338366
4.78,8.635412,45.419732
4.79,8.659068,45.501098
4.80,8.682724,45.582463
4.81,8.706380,45.663829
4.82,8.730037,45.745195
4.83,8.753693,45.826561
4.84,8.777349,45.907927
4.85,8.801005,45.989293
4.86,8.824661,46.070659
4.87,8.848317,46.152024
4.88,8.871973,46.233390
4.89,8.895629,46.314756
4.90,8.919285,46.396122
4.91,8.942941,46.477488
4.92,8.966598,46.558854
4.93,8.990254,46.640220
4.94,9.013910,46.721585
4.95,9.037566,46.802951
4.96,9.061222,46.884317
4.97,9.084878,46.965683
4.98,9.108534,47.047049
4.99,9.132190,47.128415
5.00,9.155846,47.209780
5.01,9.179502,47.291146
5.02,9.203159,47.372512
5.03,9.226815,47.453878
5.04,9.250471,47.535244
5.05,9.274127,47.616610
5.06,9.297783,47.697976
5.07,9.321439,47.779341
5.08,9.345095,47.860707
5.09,9.368751,47.942073
5.10,9.392407,48.023439
5.11,9.416063,48.104805
5.12,9.439720,48.186171
5.13,9.463376,48.267537
5.14,9.487032,48.348902
5.15,9.510688,48.430268
5.16,9.534344,48.511634
5.17,9.582667,48.674771
5.18,9.607333,48.756542
5.19,9.632000,48.838313
5.20,9.656667,48.920083
5.21,9.681333,49.001854
5.22,9.706000,49.083625
5.23,9.730667,49.165396
5.24,9.755333,49.247167
5.25,9.780000,49.328938
5.26,9.804667,49.410708
5.27,9.829333,49.492479
5.28,9.854000,49.574250
5.29,9.878667,49.656021
5.30,9.903333,49.737792
5.31,9.928000,49.819563
5.32,9.952667,49.901333
5.33,9.977333,49.983104
5.34,10.002000,50.064875
5.35,10.026667,50.146646
5.36,10.051333,50.228417
5.37,10.076000,50.310188
5.38,10.100667,50.391958
5.39,10.125333,50.473729
5.40,10.150000,50.555500
5.41,10.174667,50.637271
5.42,10.199333,50.719042
5.43,10.224000,50.800812
5.44,10.248667,50.882583
5.45,10.273333,50.964354
5.46,10.298000,51.046125
5.47,10.322667,51.127896
5.48,10.347333,51.209667
5.49,10.372000,51.291438
5.50,10.396667,51.373208
5.51,10.421333,51.454979
5.52,10.446000,51.536750
5.53,10.470667,51.618521
5.54,10.495333,51.700292
5.55,10.520000,51.782063
5.56,10.544667,51.863833
5.57,10.569333,51.945604
5.58,10.594000,52.027375
5.59,10.618667,52.109146
5.60,10.643333,52.190917
5.61,10.668000,52.272688
5.62,10.692667,52.354458
5.63,10.717333,52.436229
5.64,10.767491,52.599368
5.65,10.792982,52.680737
5.66,10.818474,52.762105
5.67,10.843965,52.843474
5.68,10.869456,52.924842
5.69,10.894947,53.006211
5.70,10.920439,53.087579
5.71,10.945930,53.168947
5.72,10.971421,53.250316
5.73,10.996912,53.331684
5.74,11.022404,53.413053
5.75,11.047895,53.494421
5.76,11.073386,53.575789
5.77,11.098877,53.657158
5.78,11.124368,53.738526
5.79,11.149860,53.819895
5.80,11.175351,53.901263
5.81,11.200842,53.982632
5.82,11.226333,54.064000
5.83,11.251825,54.145368
5.84,11.277316,54.226737
5.85,11.302807,54.308105
5.86,11.328298,54.389474
5.87,11.353789,54.470842
5.88,11.379281,54.552211
5.89,11.404772,54.633579
5.90,11.430263,54.714947
5.91,11.455754,54.796316
5.92,11.481246,54.877684
5.93,11.506737,54.959053
5.94,11.532228,55.040421
5.95,11.557719,55.121789
5.96,11.583211,55.203158
5.97,11.608702,55.284526
5.98,11.634193,55.365895
5.99,11.659684,55.447263
6.00,11.685175,55.528632
6.01,11.710667,55.610000
6.02,11.736158,55.691368
6.03,11.761649,55.772737
6.04,11.787140,55.854105
6.05,11.812632,55.935474
6.06,11.838123,56.016842
6.07,11.863614,56.098211
6.08,11.889105,56.179579
6.09,11.914596,56.260947
6.10,11.940088,56.342316
6.11,11.965579,56.423684
6.12,11.991070,56.505053
6.13,12.016561,56.586421
6.14,12.042053,56.667789
6.15,12.067544,56.749158
6.16,12.093035,56.830526
6.17,12.118526,56.911895
6.18,12.144018,56.993263
6.19,12.169509,57.074632
6.20,12.222043,57.237214
6.21,12.249086,57.318429
6.22,12.276129,57.399643
6.23,12.303171,57.480857
6.24,12.330214,57.562071
6.25,12.357257,57.643286
6.26,12.384300,57.724500
6.27,12.411343,57.805714
6.28,12.438386,57.886929
6.29,12.465429,57.968143
6.30,12.492471,58.049357
6.31,12.519514,58.130571
6.32,12.546557,58.211786
6.33,12.573600,58.293000
6.34,12.600643,58.374214
6.35,12.627686,58.455429
6.36,12.654729,58.536643
6.37,12.681771,58.617857
6.38,12.708814,58.699071
6.39,12.735857,58.780286
6.40,12.762900,58.861500
6.41,12.789943,58.942714
6.42,12.816986,59.023929
6.43,12.844029,59.105143
6.44,12.871071,59.186357
6.45,12.898114,59.267571
6.46,12.925157,59.348786
6.47,12.952200,59.430000
6.48,12.979243,59.511214
6.49,13.006286,59.592429
6.50,13.033329,59.673643
6.51,13.060371,59.754857
6.52,13.087414,59.836071
6.53,13.114457,59.917286
6.54,13.141500,59.998500
6.55,13.168543,60.079714
6.56,13.195586,60.160929
6.57,13.222629,60.242143
6.58,13.249671,60.323357
6.59,13.276714,60.404571
6.60,13.303757,60.485786
6.61,13.330800,60.567000
6.62,13.357843,60.648214
6.63,13.384886,60.729429
6.64,13.411929,60.810643
6.65,13.438971,60.891857
6.66,13.466014,60.973071
6.67,13.493057,61.054286
6.68,13.520100,61.135500
6.69,13.547143,61.216714
6.70,13.574186,61.297929
6.71,13.601229,61.379143
6.72,13.628271,61.460357
6.73,13.655314,61.541571
6.74,13.682357,61.622786
6.75,13.709400,61.704000
6.76,13.736443,61.785214
6.77,13.763486,61.866429
6.78,13.790529,61.947643
6.79,13.817571,62.028857
6.80,13.844614,62.110071
6.81,13.871657,62.191286
6.82,13.898700,62.272500
6.83,13.925743,62.353714
6.84,13.952786,62.434929
6.85,13.979829,62.516143
6.86,14.006871,62.597357
6.87,14.033914,62.678571
6.88,14.060957,62.759786
6.89,14.118655,62.921644
6.90,14.149310,63.002287
6.91,14.179966,63.082931
6.92,14.210621,63.163575
6.93,14.241276,63.244218
6.94,14.271931,63.324862
6.95,14.302586,63.405506
6.96,14.333241,63.486149
6.97,14.363897,63.566793
6.98,14.394552,63.647437
6.99,14.425207,63.728080
7.00,14.455862,63.808724
7.01,14.486517,63.889368
7.02,14.517172,63.970011
7.03,14.547828,64.050655
7.04,14.578483,64.131299
7.05,14.609138,64.211943
7.06,14.639793,64.292586
7.07,14.670448,64.373230
7.08,14.701103,64.453874
7.09,14.731759,64.534517
7.10,14.762414,64.615161
7.11,14.793069,64.695805
7.12,14.823724,64.776448
7.13,14.854379,64.857092
7.14,14.885034,64.937736
7.15,14.915690,65.018379
7.16,14.946345,65.099023
7.17,14.977000,65.179667
7.18,15.007655,65.260310
7.19,15.038310,65.340954
7.20,15.068966,65.421598
7.21,15.099621,65.502241
7.22,15.130276,65.582885
7.23,15.160931,65.663529
7.24,15.191586,65.744172
7.25,15.222241,65.824816
7.26,15.252897,65.905460
7.27,15.283552,65.986103
7.28,15.314207,66.066747
7.29,15.344862,66.147391
7.30,15.375517,66.228034
7.31,15.406172,66.308678
7.32,15.436828,66.389322
7.33,15.467483,66.469966
7.34,15.498138,66.550609
7.35,15.528793,66.631253
7.36,15.559448,66.711897
7.37,15.590103,66.792540
7.38,15.620759,66.873184
7.39,15.651414,66.953828
7.40,15.682069,67.034471
7.41,15.712724,67.115115
7.42,15.743379,67.195759
7.43,15.774034,67.276402
7.44,15.804690,67.357046
7.45,15.835345,67.437690
7.46,15.866000,67.518333
7.47,15.896655,67.598977
7.48,15.927310,67.679621
7.49,15.957966,67.760264
7.50,15.988621,67.840908
7.51,16.019276,67.921552
7.52,16.049931,68.002195
7.53,16.080586,68.082839
7.54,16.111241,68.163483
7.55,16.141897,68.244126
7.56,16.172552,68.324770
7.57,16.203207,68.405414
7.58,16.233862,68.486057
7.59,16.264517,68.566701
7.60,16.295172,68.647345
7.61,16.325828,68.727989
7.62,16.356483,68.808632
7.63,16.387138,68.889276
7.64,16.417793,68.969920
7.65,16.448448,69.050563
7.66,16.479103,69.131207
7.67,16.509759,69.211851
7.68,16.540414,69.292494
7.69,16.571069,69.373138
7.70,16.601724,69.453782
7.71,16.632379,69.534425
7.72,16.663034,69.615069
7.73,16.693690,69.695713
7.74,16.724345,69.776356
7.75,16.791446,69.932152
7.76,16.827893,70.007304
7.77,16.864339,70.082455
7.78,16.900786,70.157607
7.79,16.937232,70.232759
7.80,16.973679,70.307911
7.81,17.010125,70.383062
7.82,17.046571,70.458214
7.83,17.083018,70.533366
7.84,17.119464,70.608518
7.85,17.155911,70.683670
7.86,17.192357,70.758821
7.87,17.228804,70.833973
7.88,17.265250,70.909125
7.89,17.301696,70.984277
7.90,17.338143,71.059429
7.91,17.374589,71.134580
7.92,17.411036,71.209732
7.93,17.447482,71.284884
7.94,17.483929,71.360036
7.95,17.520375,71.435187
7.96,17.556821,71.510339
7.97,17.593268,71.585491
7.98,17.629714,71.660643
7.99,17.666161,71.735795
8.00,17.702607,71.810946
8.01,17.739054,71.886098
8.02,17.775500,71.961250
8.03,17.811946,72.036402
8.04,17.848393,72.111554
8.05,17.884839,72.186705
8.06,17.921286,72.261857
8.07,17.957732,72.337009
8.08,17.994179,72.412161
8.09,18.030625,72.487313
8.10,18.067071,72.562464
8.11,18.103518,72.637616
8.12,18.139964,72.712768
8.13,18.176411,72.787920
8.14,18.212857,72.863071
8.15,18.249304,72.938223
8.16,18.285750,73.013375
8.17,18.322196,73.088527
8.18,18.358643,73.163679
8.19,18.395089,73.238830
8.20,18.431536,73.313982
8.21,18.467982,73.389134
8.22,18.504429,73.464286
8.23,18.540875,73.539438
8.24,18.577321,73.614589
8.25,18.613768,73.689741
8.26,18.650214,73.764893
8.27,18.686661,73.840045
8.28,18.723107,73.915196
8.29,18.759554,73.990348
8.30,18.796000,74.065500
8.31,18.832446,74.140652
8.32,18.868893,74.215804
8.33,18.905339,74.290955
8.34,18.941786,74.366107
8.35,18.978232,74.441259
8.36,19.014679,74.516411
8.37,19.051125,74.591562
8.38,19.087571,74.666714
8.39,19.124018,74.741866
8.40,19.160464,74.817018
8.41,19.196911,74.892170
8.42,19.233357,74.967321
8.43,19.269804,75.042473
8.44,19.306250,75.117625
8.45,19.342696,75.192777
8.46,19.379143,75.267929
8.47,19.415589,75.343080
8.48,19.452036,75.418232
8.49,19.488482,75.493384
8.50,19.524929,75.568536
8.51,19.561375,75.643687
8.52,19.597821,75.718839
8.53,19.634268,75.793991
8.54,19.670714,75.869143
8.55,19.707161,75.944295
8.56,19.743607,76.019446
8.57,19.780054,76.094598
8.58,19.816500,76.169750
8.59,19.852946,76.244902
8.60,19.889393,76.320054
8.61,19.925839,76.395205
8.62,19.962286,76.470357
8.63,19.998732,76.545509
8.64,20.035179,76.620661
8.65,20.071625,76.695813
8.66,20.108071,76.770964
8.67,20.144518,76.846116
8.68,20.180964,76.921268
8.69,20.217411,76.996420
8.70,20.253857,77.071571
8.71,20.290304,77.146723
8.72,20.326750,77.221875
8.73,20.363196,77.297027
8.74,20.399643,77.372179
8.75,20.436089,77.447330
8.76,20.472536,77.522482
8.77,20.508982,77.597634
8.78,20.545429,77.672786
8.79,20.581875,77.747938
8.80,20.618321,77.823089
8.81,20.654768,77.898241
8.82,20.691214,77.973393
8.83,20.727661,78.048545
8.84,20.764107,78.123696
8.85,20.800554,78.198848
8.86,20.873101,78.340597
8.87,20.909201,78.407195
8.88,20.945302,78.473792
8.89,20.981403,78.540389
8.90,21.017503,78.606987
8.91,21.053604,78.673584
8.92,21.089705,78.740181
8.93,21.125805,78.806779
8.94,21.161906,78.873376
8.95,21.198007,78.939973
8.96,21.234107,79.006570
8.97,21.270208,79.073168
8.98,21.306309,79.139765
8.99,21.342409,79.206362
9.00,21.378510,79.272960
9.01,21.414611,79.339557
9.02,21.450711,79.406154
9.03,21.486812,79.472752
9.04,21.522913,79.539349
9.05,21.559013,79.605946
9.06,21.595114,79.672544
9.07,21.631215,79.739141
9.08,21.667315,79.805738
9.09,21.703416,79.872336
9.10,21.739517,79.938933
9.11,21.775617,80.005530
9.12,21.811718,80.072128
9.13,21.847819,80.138725
9.14,21.883919,80.205322
9.15,21.920020,80.271919
9.16,21.956121,80.338517
9.17,21.992221,80.405114
9.18,22.028322,80.471711
9.19,22.064423,80.538309
9.20,22.100523,80.604906
9.21,22.136624,80.671503
9.22,22.172725,80.738101
9.23,22.208826,80.804698
9.24,22.244926,80.871295
9.25,22.281027,80.937893
9.26,22.317128,81.004490
9.27,22.353228,81.071087
9.28,22.389329,81.137685
9.29,22.425430,81.204282
9.30,22.461530,81.270879
9.31,22.497631,81.337477
9.32,22.533732,81.404074
9.33,22.569832,81.470671
9.34,22.605933,81.537268
9.35,22.642034,81.603866
9.36,22.678134,81.670463
9.37,22.714235,81.737060
9.38,22.750336,81.803658
9.39,22.786436,81.870255
9.40,22.822537,81.936852
9.41,22.858638,82.003450
9.42,22.894738,82.070047
9.43,22.930839,82.136644
9.44,22.966940,82.203242
9.45,23.003040,82.269839
9.46,23.039141,82.336436
9.47,23.075242,82.403034
9.48,23.111342,82.469631
9.49,23.147443,82.536228
9.50,23.183544,82.602826
9.51,23.219644,82.669423
9.52,23.255745,82.736020
9.53,23.291846,82.802617
9.54,23.327946,82.869215
9.55,23.364047,82.935812
9.56,23.400148,83.002409
9.57,23.436248,83.069007
9.58,23.472349,83.135604
9.59,23.508450,83.202201
9.60,23.544550,83.268799
9.61,23.580651,83.335396
9.62,23.616752,83.401993
9.63,23.652852,83.468591
9.64,23.688953,83.535188
9.65,23.725054,83.601785
9.66,23.761154,83.668383
9.67,23.797255,83.734980
9.68,23.833356,83.801577
9.69,23.869456,83.868174
9.70,23.905557,83.934772
9.71,23.941658,84.001369
9.72,23.977758,84.067966
9.73,24.013859,84.134564
9.74,24.049960,84.201161
9.75,24.086060,84.267758
9.76,24.122161,84.334356
9.77,24.158262,84.400953
9.78,24.194362,84.467550
9.79,24.230463,84.534148
9.80,24.266564,84.600745
9.81,24.302664,84.667342
9.82,24.338765,84.733940
9.83,24.374866,84.800537
9.84,24.410966,84.867134
9.85,24.447067,84.933732
9.86,24.483168,85.000329
9.87,24.519268,85.066926
9.88,24.555369,85.133523
9.89,24.591470,85.200121
9.90,24.627570,85.266718
9.91,24.663671,85.333315
9.92,24.699772,85.399913
9.93,24.735872,85.466510
9.94,24.771973,85.533107
9.95,24.808074,85.599705
9.96,24.844174,85.666302
9.97,24.880275,85.732899
9.98,24.916376,85.799497
9.99,24.952477,85.866094
10.00,24.988577,85.932691
10.01,25.024678,85.999289
10.02,25.060779,86.065886
10.03,25.096879,86.132483
10.04,25.132980,86.199081
10.05,25.169081,86.265678
10.06,25.205181,86.332275
10.07,25.241282,86.398872
10.08,25.277383,86.465470
10.09,25.313483,86.532067
10.10,25.349584,86.598664
10.11,25.385685,86.665262
10.12,25.421785,86.731859
10.13,25.457886,86.798456
10.14,25.493987,86.865054
10.15,25.530087,86.931651
10.16,25.566188,86.998248
10.17,25.602289,87.064846
10.18,25.638389,87.131443
10.19,25.674490,87.198040
10.20,25.710591,87.264638
10.21,25.746691,87.331235
10.22,25.782792,87.397832
10.23,25.818893,87.464430
10.24,25.854993,87.531027
10.25,25.891094,87.597624
10.26,25.927195,87.664221
10.27,25.963295,87.730819
10.28,25.999396,87.797416
10.29,26.035497,87.864013
10.30,26.071597,87.930611
10.31,26.107698,87.997208
10.32,26.143799,88.063805
10.33,26.179899,88.130403
10.34,26.251280,88.260203
10.35,26.286560,88.323406
10.36,26.321841,88.386609
10.37,26.357121,88.449812
10.38,26.392401,88.513014
10.39,26.427681,88.576217
10.40,26.462961,88.639420
10.41,26.498242,88.702623
10.42,26.533522,88.765826
10.43,26.568802,88.829029
10.44,26.604082,88.892232
10.45,26.639362,88.955435
10.46,26.674643,89.018638
10.47,26.709923,89.081841
10.48,26.745203,89.145043
10.49,26.780483,89.208246
10.50,26.815763,89.271449
10.51,26.851043,89.334652
10.52,26.886324,89.397855
10.53,26.921604,89.461058
10.54,26.956884,89.524261
10.55,26.992164,89.587464
10.56,27.027444,89.650667
10.57,27.062725,89.713870
10.58,27.098005,89.777072
10.59,27.133285,89.840275
10.60,27.168565,89.903478
10.61,27.203845,89.966681
10.62,27.239126,90.029884
10.63,27.274406,90.093087
10.64,27.309686,90.156290
10.65,27.344966,90.219493
10.66,27.380246,90.282696
10.67,27.415527,90.345899
10.68,27.450807,90.409101
10.69,27.486087,90.472304
10.70,27.521367,90.535507
10.71,27.556647,90.598710
10.72,27.591928,90.661913
10.73,27.627208,90.725116
10.74,27.662488,90.788319
10.75,27.697768,90.851522
10.76,27.733048,90.914725
10.77,27.768329,90.977928
10.78,27.803609,91.041130
10.79,27.838889,91.104333
10.80,27.874169,91.167536
10.81,27.909449,91.230739
10.82,27.944729,91.293942
10.83,27.980010,91.357145
10.84,28.015290,91.420348
10.85,28.050570,91.483551
10.86,28.085850,91.546754
10.87,28.121130,91.609957
10.88,28.156411,91.673159
10.89,28.191691,91.736362
10.90,28.226971,91.799565
10.91,28.262251,91.862768
10.92,28.297531,91.925971
10.93,28.332812,91.989174
10.94,28.368092,92.052377
10.95,28.403372,92.115580
10.96,28.438652,92.178783
10.97,28.473932,92.241986
10.98,28.509213,92.305188
10.99,28.544493,92.368391
11.00,28.579773,92.431594
11.01,28.615053,92.494797
11.02,28.650333,92.558000
11.03,28.685614,92.621203
11.04,28.720894,92.684406
11.05,28.756174,92.747609
11.06,28.791454,92.810812
11.07,28.826734,92.874014
11.08,28.862014,92.937217
11.09,28.897295,93.000420
11.10,28.932575,93.063623
11.11,28.967855,93.126826
11.12,29.003135,93.190029
11.13,29.038415,93.253232
11.14,29.073696,93.316435
11.15,29.108976,93.379638
11.16,29.144256,93.442841
11.17,29.179536,93.506043
11.18,29.214816,93.569246
11.19,29.250097,93.632449
11.20,29.285377,93.695652
11.21,29.320657,93.758855
11.22,29.355937,93.822058
11.23,29.391217,93.885261
11.24,29.426498,93.948464
11.25,29.461778,94.011667
11.26,29.497058,94.074870
11.27,29.532338,94.138072
11.28,29.567618,94.201275
11.29,29.602899,94.264478
11.30,29.638179,94.327681
11.31,29.673459,94.390884
11.32,29.708739,94.454087
11.33,29.744019,94.517290
11.34,29.779300,94.580493
11.35,29.814580,94.643696
11.36,29.849860,94.706899
11.37,29.885140,94.770101
11.38,29.920420,94.833304
11.39,29.955700,94.896507
11.40,29.990981,94.959710
11.41,30.026261,95.022913
11.42,30.061541,95.086116
11.43,30.096821,95.149319
11.44,30.132101,95.212522
11.45,30.167382,95.275725
11.46,30.202662,95.338928
11.47,30.237942,95.402130
11.48,30.273222,95.465333
11.49,30.308502,95.528536
11.50,30.343783,95.591739
11.51,30.379063,95.654942
11.52,30.414343,95.718145
11.53,30.449623,95.781348
11.54,30.484903,95.844551
11.55,30.520184,95.907754
11.56,30.555464,95.970957
11.57,30.590744,96.034159
11.58,30.626024,96.097362
11.59,30.661304,96.160565
11.60,30.696585,96.223768
11.61,30.731865,96.286971
11.62,30.767145,96.350174
11.63,30.802425,96.413377
11.64,30.837705,96.476580
11.65,30.872986,96.539783
11.66,30.908266,96.602986
11.67,30.943546,96.666188
11.68,30.978826,96.729391
11.69,31.014106,96.792594
11.70,31.049386,96.855797
11.71,31.084667,96.919000
11.72,31.119947,96.982203
11.73,31.155227,97.045406
11.74,31.190507,97.108609
11.75,31.225787,97.171812
11.76,31.261068,97.235014
11.77,31.296348,97.298217
11.78,31.331628,97.361420
11.79,31.366908,97.424623
11.80,31.402188,97.487826
11.81,31.437469,97.551029
11.82,31.472749,97.614232
11.83,31.508029,97.677435
11.84,31.543309,97.740638
11.85,31.578589,97.803841
11.86,31.613870,97.867043
11.87,31.649150,97.930246
11.88,31.684430,97.993449
11.89,31.719710,98.056652
11.90,31.754990,98.119855
11.91,31.790271,98.183058
11.92,31.825551,98.246261
11.93,31.860831,98.309464
11.94,31.896111,98.372667
11.95,31.931391,98.435870
11.96,31.966671,98.499072
11.97,32.001952,98.562275
11.98,32.037232,98.625478
11.99,32.072512,98.688681
12.00,32.107792,98.751884
12.01,32.143072,98.815087
12.02,32.178353,98.878290
12.03,32.213633,98.941493
12.04,32.248913,99.004696
12.05,32.284193,99.067899
12.06,32.319473,99.131101
12.07,32.354754,99.194304
12.08,32.390034,99.257507
12.09,32.425314,99.320710
12.10,32.460594,99.383913
12.11,32.495874,99.447116
12.12,32.531155,99.510319
12.13,32.566435,99.573522
12.14,32.601715,99.636725
12.15,32.636995,99.699928
12.16,32.672275,99.763130
12.17,32.707556,99.826333
12.18,32.742836,99.889536
12.19,32.778116,99.952739
12.20,32.813396,100.015942
12.21,32.848676,100.079145
12.22,32.883957,100.142348
12.23,32.919237,100.205551
12.24,32.954517,100.268754
12.25,32.989797,100.331957
12.26,33.025077,100.395159
12.27,33.060357,100.458362
12.28,33.095638,100.521565
12.29,33.130918,100.584768
12.30,33.166198,100.647971
12.31,33.201478,100.711174
12.32,33.236758,100.774377
12.33,33.272039,100.837580
12.34,33.307319,100.900783
12.35,33.342599,100.963986
12.36,33.377879,101.027188
12.37,33.413159,101.090391
12.38,33.448440,101.153594
12.39,33.483720,101.216797
12.40,33.554554,101.335252
12.41,33.590108,101.390504
12.42,33.625662,101.445755
12.43,33.661216,101.501007
12.44,33.696770,101.556259
12.45,33.732324,101.611511
12.46,33.767878,101.666763
12.47,33.803432,101.722014
12.48,33.838986,101.777266
12.49,33.874540,101.832518
12.50,33.910094,101.887770
12.51,33.945647,101.943022
12.52,33.981201,101.998273
12.53,34.016755,102.053525
12.54,34.052309,102.108777
12.55,34.087863,102.164029
12.56,34.123417,102.219281
12.57,34.158971,102.274532
12.58,34.194525,102.329784
12.59,34.230079,102.385036
12.60,34.265633,102.440288
12.61,34.301187,102.495540
12.62,34.336741,102.550791
12.63,34.372295,102.606043
12.64,34.407849,102.661295
12.65,34.443403,102.716547
12.66,34.478957,102.771799
12.67,34.514511,102.827050
12.68,34.550065,102.882302
12.69,34.585619,102.937554
12.70,34.621173,102.992806
12.71,34.656727,103.048058
12.72,34.692281,103.103309
12.73,34.727835,103.158561
12.74,34.763388,103.213813
12.75,34.798942,103.269065
12.76,34.834496,103.324317
12.77,34.870050,103.379568
12.78,34.905604,103.434820
12.79,34.941158,103.490072
12.80,34.976712,103.545324
12.81,35.012266,103.600576
12.82,35.047820,103.655827
12.83,35.083374,103.711079
12.84,35.118928,103.766331
12.85,35.154482,103.821583
12.86,35.190036,103.876835
12.87,35.225590,103.932086
12.88,35.261144,103.987338
12.89,35.296698,104.042590
12.90,35.332252,104.097842
12.91,35.367806,104.153094
12.92,35.403360,104.208345
12.93,35.438914,104.263597
12.94,35.474468,104.318849
12.95,35.510022,104.374101
12.96,35.545576,104.429353
12.97,35.581129,104.484604
12.98,35.616683,104.539856
12.99,35.652237,104.595108
13.00,35.687791,104.650360
13.01,35.723345,104.705612
13.02,35.758899,104.760863
13.03,35.794453,104.816115
13.04,35.830007,104.871367
13.05,35.865561,104.926619
13.06,35.901115,104.981871
13.07,35.936669,105.037122
13.08,35.972223,105.092374
13.09,36.007777,105.147626
13.10,36.043331,105.202878
13.11,36.078885,105.258129
13.12,36.114439,105.313381
13.13,36.149993,105.368633
13.14,36.185547,105.423885
13.15,36.221101,105.479137
13.16,36.256655,105.534388
13.17,36.292209,105.589640
13.18,36.327763,105.644892
13.19,36.363317,105.700144
13.20,36.398871,105.755396
13.21,36.434424,105.810647
13.22,36.469978,105.865899
13.23,36.505532,105.921151
13.24,36.541086,105.976403
13.25,36.576640,106.031655
13.26,36.612194,106.086906
13.27,36.647748,106.142158
13.28,36.683302,106.197410
13.29,36.718856,106.252662
13.30,36.754410,106.307914
13.31,36.789964,106.363165
13.32,36.825518,106.418417
13.33,36.861072,106.473669
13.34,36.896626,106.528921
13.35,36.932180,106.584173
13.36,36.967734,106.639424
13.37,37.003288,106.694676
13.38,37.038842,106.749928
13.39,37.074396,106.805180
13.40,37.109950,106.860432
13.41,37.145504,106.915683
13.42,37.181058,106.970935
13.43,37.216612,107.026187
13.44,37.252165,107.081439
13.45,37.287719,107.136691
13.46,37.323273,107.191942
13.47,37.358827,107.247194
13.48,37.394381,107.302446
13.49,37.429935,107.357698
13.50,37.465489,107.412950
13.51,37.501043,107.468201
13.52,37.536597,107.523453
13.53,37.572151,107.578705
13.54,37.607705,107.633957
13.55,37.643259,107.689209
13.56,37.678813,107.744460
13.57,37.714367,107.799712
13.58,37.749921,107.854964
13.59,37.785475,107.910216
13.60,37.821029,107.965468
13.61,37.856583,108.020719
13.62,37.892137,108.075971
13.63,37.927691,108.131223
13.64,37.963245,108.186475
13.65,37.998799,108.241727
13.66,38.034353,108.296978
13.67,38.069906,108.352230
13.68,38.105460,108.407482
13.69,38.141014,108.462734
13.70,38.176568,108.517986
13.71,38.212122,108.573237
13.72,38.247676,108.628489
13.73,38.283230,108.683741
13.74,38.318784,108.738993
13.75,38.354338,108.794245
13.76,38.389892,108.849496
13.77,38.425446,108.904748
13.78,38.491717,109.014509
13.79,38.522434,109.069017
13.80,38.553150,109.123526
13.81,38.583867,109.178035
13.82,38.614584,109.232543
13.83,38.645301,109.287052
13.84,38.676017,109.341561
13.85,38.706734,109.396069
13.86,38.737451,109.450578
13.87,38.768168,109.505087
13.88,38.798884,109.559595
13.89,38.829601,109.614104
13.90,38.860318,109.668613
13.91,38.891035,109.723121
13.92,38.921751,109.777630
13.93,38.952468,109.832139
13.94,38.983185,109.886647
13.95,39.013902,109.941156
13.96,39.044618,109.995665
13.97,39.075335,110.050173
13.98,39.106052,110.104682
13.99,39.136769,110.159191
14.00,39.167486,110.213699
14.01,39.198202,110.268208
14.02,39.228919,110.322717
14.03,39.259636,110.377225
14.04,39.290353,110.431734
14.05,39.321069,110.486243
14.06,39.351786,110.540751
14.07,39.382503,110.595260
14.08,39.413220,110.649769
14.09,39.443936,110.704277
14.10,39.474653,110.758786
14.11,39.505370,110.813295
14.12,39.536087,110.867803
14.13,39.566803,110.922312
14.14,39.597520,110.976821
14.15,39.628237,111.031329
14.16,39.658954,111.085838
14.17,39.689671,111.140347
14.18,39.720387,111.194855
14.19,39.751104,111.249364
14.20,39.781821,111.303873
14.21,39.812538,111.358382
14.22,39.843254,111.412890
14.23,39.873971,111.467399
14.24,39.904688,111.521908
14.25,39.935405,111.576416
14.26,39.966121,111.630925
14.27,39.996838,111.685434
14.28,40.027555,111.739942
14.29,40.058272,111.794451
14.30,40.088988,111.848960
14.31,40.119705,111.903468
14.32,40.150422,111.957977
14.33,40.181139,112.012486
14.34,40.211855,112.066994
14.35,40.242572,112.121503
14.36,40.273289,112.176012
14.37,40.304006,112.230520
14.38,40.334723,112.285029
14.39,40.365439,112.339538
14.40,40.396156,112.394046
14.41,40.426873,112.448555
14.42,40.457590,112.503064
14.43,40.488306,112.557572
14.44,40.519023,112.612081
14.45,40.549740,112.666590
14.46,40.580457,112.721098
14.47,40.611173,112.775607
14.48,40.641890,112.830116
14.49,40.672607,112.884624
14.50,40.703324,112.939133
14.51,40.734040,112.993642
14.52,40.764757,113.048150
14.53,40.795474,113.102659
14.54,40.826191,113.157168
14.55,40.856908,113.211676
14.56,40.887624,113.266185
14.57,40.918341,113.320694
14.58,40.949058,113.375202
14.59,40.979775,113.429711
14.60,41.010491,113.484220
14.61,41.041208,113.538728
14.62,41.071925,113.593237
14.63,41.102642,113.647746
14.64,41.133358,113.702254
14.65,41.164075,113.756763
14.66,41.194792,113.811272
14.67,41.225509,113.865780
14.68,41.256225,113.920289
14.69,41.286942,113.974798
14.70,41.317659,114.029306
14.71,41.348376,114.083815
14.72,41.379092,114.138324
14.73,41.409809,114.192832
14.74,41.440526,114.247341
14.75,41.471243,114.301850
14.76,41.501960,114.356358
14.77,41.532676,114.410867
14.78,41.563393,114.465376
14.79,41.594110,114.519884
14.80,41.624827,114.574393
14.81,41.655543,114.628902
14.82,41.686260,114.683410
14.83,41.716977,114.737919
14.84,41.747694,114.792428
14.85,41.778410,114.846936
14.86,41.809127,114.901445
14.87,41.839844,114.955954
14.88,41.870561,115.010462
14.89,41.901277,115.064971
14.90,41.931994,115.119480
14.91,41.962711,115.173988
14.92,41.993428,115.228497
14.93,42.024145,115.283006
14.94,42.054861,115.337514
14.95,42.085578,115.392023
14.96,42.116295,115.446532
14.97,42.147012,115.501040
14.98,42.177728,115.555549
14.99,42.208445,115.610058
15.00,42.239162,115.664566
15.01,42.269879,115.719075
15.02,42.300595,115.773584
15.03,42.331312,115.828092
15.04,42.362029,115.882601
15.05,42.392746,115.937110
15.06,42.423462,115.991618
15.07,42.454179,116.046127
15.08,42.484896,116.100636
15.09,42.515613,116.155145
15.10,42.546329,116.209653
15.11,42.577046,116.264162
15.12,42.607763,116.318671
15.13,42.638480,116.373179
15.14,42.669197,116.427688
15.15,42.699913,116.482197
15.16,42.730630,116.536705
15.17,42.761347,116.591214
15.18,42.792064,116.645723
15.19,42.822780,116.700231
15.20,42.853497,116.754740
15.21,42.884214,116.809249
15.22,42.914931,116.863757
15.23,42.945647,116.918266
15.24,42.976364,116.972775
15.25,43.007081,117.027283
15.26,43.037798,117.081792
15.27,43.068514,117.136301
15.28,43.099231,117.190809
15.29,43.129948,117.245318
15.30,43.160665,117.299827
15.31,43.191382,117.354335
15.32,43.222098,117.408844
15.33,43.252815,117.463353
15.34,43.283532,117.517861
15.35,43.314249,117.572370
15.36,43.344965,117.626879
15.37,43.375682,117.681387
15.38,43.406399,117.735896
15.39,43.437116,117.790405
15.40,43.467832,117.844913
15.41,43.498549,117.899422
15.42,43.529266,117.953931
15.43,43.559983,118.008439
15.44,43.590699,118.062948
15.45,43.621416,118.117457
15.46,43.652133,118.171965
15.47,43.682850,118.226474
15.48,43.713566,118.280983
15.49,43.744283,118.335491
15.50,43.807179,118.439776
15.51,43.839359,118.489552
15.52,43.871538,118.539327
15.53,43.903717,118.589103
15.54,43.935897,118.638879
15.55,43.968076,118.688655
15.56,44.000256,118.738430
15.57,44.032435,118.788206
15.58,44.064614,118.837982
15.59,44.096794,118.887758
15.60,44.128973,118.937534
15.61,44.161152,118.987309
15.62,44.193332,119.037085
15.63,44.225511,119.086861
15.64,44.257691,119.136637
15.65,44.289870,119.186413
15.66,44.322049,119.236188
15.67,44.354229,119.285964
15.68,44.386408,119.335740
15.69,44.418587,119.385516
15.70,44.450767,119.435291
15.71,44.482946,119.485067
15.72,44.515126,119.534843
15.73,44.547305,119.584619
15.74,44.579484,119.634395
15.75,44.611664,119.684170
15.76,44.643843,119.733946
15.77,44.676022,119.783722
15.78,44.708202,119.833498
15.79,44.740381,119.883274
15.80,44.772561,119.933049
15.81,44.804740,119.982825
15.82,44.836919,120.032601
15.83,44.869099,120.082377
15.84,44.901278,120.132152
15.85,44.933457,120.181928
15.86,44.965637,120.231704
15.87,44.997816,120.281480
15.88,45.029996,120.331256
15.89,45.062175,120.381031
15.90,45.094354,120.430807
15.91,45.126534,120.480583
15.92,45.158713,120.530359
15.93,45.190892,120.580135
15.94,45.223072,120.629910
15.95,45.255251,120.679686
15.96,45.287430,120.729462
15.97,45.319610,120.779238
15.98,45.351789,120.829013
15.99,45.383969,120.878789
16.00,45.416148,120.928565
16.01,45.448327,120.978341
16.02,45.480507,121.028117
16.03,45.512686,121.077892
16.04,45.544865,121.127668
16.05,45.577045,121.177444
16.06,45.609224,121.227220
16.07,45.641404,121.276996
16.08,45.673583,121.326771
16.09,45.705762,121.376547
16.10,45.737942,121.426323
16.11,45.770121,121.476099
16.12,45.802300,121.525874
16.13,45.834480,121.575650
16.14,45.866659,121.625426
16.15,45.898839,121.675202
16.16,45.931018,121.724978
16.17,45.963197,121.774753
16.18,45.995377,121.824529
16.19,46.027556,121.874305
16.20,46.059735,121.924081
16.21,46.091915,121.973857
16.22,46.124094,122.023632
16.23,46.156274,122.073408
16.24,46.188453,122.123184
16.25,46.220632,122.172960
16.26,46.252812,122.222735
16.27,46.284991,122.272511
16.28,46.317170,122.322287
16.29,46.349350,122.372063
16.30,46.381529,122.421839
16.31,46.413709,122.471614
16.32,46.445888,122.521390
16.33,46.478067,122.571166
16.34,46.510247,122.620942
16.35,46.542426,122.670717
16.36,46.574605,122.720493
16.37,46.606785,122.770269
16.38,46.638964,122.820045
16.39,46.671143,122.869821
16.40,46.703323,122.919596
16.41,46.735502,122.969372
16.42,46.767682,123.019148
16.43,46.799861,123.068924
16.44,46.832040,123.118700
16.45,46.864220,123.168475
16.46,46.896399,123.218251
16.47,46.928578,123.268027
16.48,46.960758,123.317803
16.49,46.992937,123.367578
16.50,47.025117,123.417354
16.51,47.057296,123.467130
16.52,47.089475,123.516906
16.53,47.121655,123.566682
16.54,47.153834,123.616457
16.55,47.186013,123.666233
16.56,47.218193,123.716009
16.57,47.250372,123.765785
16.58,47.282552,123.815561
16.59,47.314731,123.865336
16.60,47.346910,123.915112
16.61,47.379090,123.964888
16.62,47.411269,124.014664
16.63,47.443448,124.064439
16.64,47.475628,124.114215
16.65,47.507807,124.163991
16.66,47.539987,124.213767
16.67,47.572166,124.263543
16.68,47.604345,124.313318
16.69,47.636525,124.363094
16.70,47.668704,124.412870
16.71,47.700883,124.462646
16.72,47.733063,124.512422
16.73,47.765242,124.562197
16.74,47.797422,124.611973
16.75,47.829601,124.661749
16.76,47.861780,124.711525
16.77,47.893960,124.761300
16.78,47.926139,124.811076
16.79,47.958318,124.860852
16.80,47.990498,124.910628
16.81,48.022677,124.960404
16.82,48.054857,125.010179
16.83,48.087036,125.059955
16.84,48.119215,125.109731
16.85,48.151395,125.159507
16.86,48.183574,125.209283
16.87,48.215753,125.259058
16.88,48.247933,125.308834
16.89,48.280112,125.358610
16.90,48.312291,125.408386
16.91,48.344471,125.458161
16.92,48.376650,125.507937
16.93,48.408830,125.557713
16.94,48.441009,125.607489
16.95,48.473188,125.657265
16.96,48.505368,125.707040
16.97,48.537547,125.756816
16.98,48.569726,125.806592
16.99,48.601906,125.856368
17.00,48.634085,125.906143
17.01,48.666265,125.955919
17.02,48.698444,126.005695
17.03,48.730623,126.055471
17.04,48.762803,126.105247
17.05,48.794982,126.155022
17.06,48.827161,126.204798
17.07,48.859341,126.254574
17.08,48.891520,126.304350
17.09,48.923700,126.354126
17.10,48.955879,126.403901
17.11,48.988058,126.453677
17.12,49.020238,126.503453
17.13,49.052417,126.553229
17.14,49.084596,126.603004
17.15,49.116776,126.652780
17.16,49.148955,126.702556
17.17,49.181135,126.752332
17.18,49.213314,126.802108
17.19,49.245493,126.851883
17.20,49.277673,126.901659
17.21,49.309852,126.951435
17.22,49.342031,127.001211
17.23,49.374211,127.050987
17.24,49.406390,127.100762
17.25,49.438570,127.150538
17.26,49.470749,127.200314
17.27,49.502928,127.250090
17.28,49.535108,127.299865
17.29,49.567287,127.349641
17.30,49.599466,127.399417
17.31,49.631646,127.449193
17.32,49.663825,127.498969
17.33,49.696004,127.548744
17.34,49.728184,127.598520
17.35,49.760363,127.648296
17.36,49.792543,127.698072
17.37,49.824722,127.747848
17.38,49.856901,127.797623
17.39,49.889081,127.847399
17.40,49.921260,127.897175
17.41,49.953439,127.946951
17.42,49.985619,127.996726
17.43,50.017798,128.046502
17.44,50.049978,128.096278
17.45,50.082157,128.146054
17.46,50.114336,128.195830
17.47,50.146516,128.245605
17.48,50.178695,128.295381
17.49,50.210874,128.345157
17.50,50.243054,128.394933
17.51,50.275233,128.444709
17.52,50.307413,128.494484
17.53,50.339592,128.544260
17.54,50.371771,128.594036
17.55,50.403951,128.643812
17.56,50.436130,128.693587
17.57,50.468309,128.743363
17.58,50.500489,128.793139
17.59,50.532668,128.842915
17.60,50.564848,128.892691
17.61,50.597027,128.942466
17.62,50.629206,128.992242
17.63,50.661386,129.042018
17.64,50.693565,129.091794
17.65,50.725744,129.141570
17.66,50.757924,129.191345
17.67,50.790103,129.241121
17.68,50.822283,129.290897
17.69,50.854462,129.340673
17.70,50.886641,129.390448
17.71,50.918821,129.440224
17.72,50.976270,129.538175
17.73,51.001540,129.586350
17.74,51.026810,129.634526
17.75,51.052080,129.682701
17.76,51.077350,129.730876
17.77,51.102620,129.779051
17.78,51.127891,129.827226
17.79,51.153161,129.875401
17.80,51.178431,129.923577
17.81,51.203701,129.971752
17.82,51.228971,130.019927
17.83,51.254241,130.068102
17.84,51.279511,130.116277
17.85,51.304781,130.164453
17.86,51.330051,130.212628
17.87,51.355321,130.260803
17.88,51.380591,130.308978
17.89,51.405861,130.357153
17.90,51.431131,130.405328
17.91,51.456401,130.453504
17.92,51.481672,130.501679
17.93,51.506942,130.549854
17.94,51.532212,130.598029
17.95,51.557482,130.646204
17.96,51.582752,130.694380
17.97,51.608022,130.742555
17.98,51.633292,130.790730
17.99,51.658562,130.838905
18.00,51.683832,130.887080
18.01,51.709102,130.935255
18.02,51.734372,130.983431
18.03,51.759642,131.031606
18.04,51.784912,131.079781
18.05,51.810182,131.127956
18.06,51.835453,131.176131
18.07,51.860723,131.224307
18.08,51.885993,131.272482
18.09,51.911263,131.320657
18.10,51.936533,131.368832
18.11,51.961803,131.417007
18.12,51.987073,131.465182
18.13,52.012343,131.513358
18.14,52.037613,131.561533
18.15,52.062883,131.609708
18.16,52.088153,131.657883
18.17,52.113423,131.706058
18.18,52.138693,131.754234
18.19,52.163964,131.802409
18.20,52.189234,131.850584
18.21,52.214504,131.898759
18.22,52.239774,131.946934
18.23,52.265044,131.995109
18.24,52.290314,132.043285
18.25,52.315584,132.091460
18.26,52.340854,132.139635
18.27,52.366124,132.187810
18.28,52.391394,132.235985
18.29,52.416664,132.284161
18.30,52.441934,132.332336
18.31,52.467204,132.380511
18.32,52.492474,132.428686
18.33,52.517745,132.476861
18.34,52.543015,132.525036
18.35,52.568285,132.573212
18.36,52.593555,132.621387
18.37,52.618825,132.669562
18.38,52.644095,132.717737
18.39,52.669365,132.765912
18.40,52.694635,132.814088
18.41,52.719905,132.862263
18.42,52.745175,132.910438
18.43,52.770445,132.958613
18.44,52.795715,133.006788
18.45,52.820985,133.054964
18.46,52.846255,133.103139
18.47,52.871526,133.151314
18.48,52.896796,133.199489
18.49,52.922066,133.247664
18.50,52.947336,133.295839
18.51,52.972606,133.344015
18.52,52.997876,133.392190
18.53,53.023146,133.440365
18.54,53.048416,133.488540
18.55,53.073686,133.536715
18.56,53.098956,133.584891
18.57,53.124226,133.633066
18.58,53.149496,133.681241
18.59,53.174766,133.729416
18.60,53.200036,133.777591
18.61,53.225307,133.825766
18.62,53.250577,133.873942
18.63,53.275847,133.922117
18.64,53.301117,133.970292
18.65,53.326387,134.018467
18.66,53.351657,134.066642
18.67,53.376927,134.114818
18.68,53.402197,134.162993
18.69,53.427467,134.211168
18.70,53.452737,134.259343
18.71,53.478007,134.307518
18.72,53.503277,134.355693
18.73,53.528547,134.403869
18.74,53.553818,134.452044
18.75,53.579088,134.500219
18.76,53.604358,134.548394
18.77,53.629628,134.596569
18.78,53.654898,134.644745
18.79,53.680168,134.692920
18.80,53.705438,134.741095
18.81,53.730708,134.789270
18.82,53.755978,134.837445
18.83,53.781248,134.885620
18.84,53.806518,134.933796
18.85,53.831788,134.981971
18.86,53.857058,135.030146
18.87,53.882328,135.078321
18.88,53.907599,135.126496
18.89,53.932869,135.174672
18.90,53.958139,135.222847
18.91,53.983409,135.271022
18.92,54.008679,135.319197
18.93,54.033949,135.367372
18.94,54.059219,135.415547
18.95,54.084489,135.463723
18.96,54.109759,135.511898
18.97,54.135029,135.560073
18.98,54.160299,135.608248
18.99,54.185569,135.656423
19.00,54.210839,135.704599
19.01,54.236109,135.752774
19.02,54.261380,135.800949
19.03,54.286650,135.849124
19.04,54.311920,135.897299
19.05,54.337190,135.945474
19.06,54.362460,135.993650
19.07,54.387730,136.041825
19.08,54.413000,136.090000
19.09,54.413000,136.090000
19.10,54.413000,136.090000
19.11,54.413000,136.090000
19.12,54.413000,136.090000
19.13,54.413000,136.090000
19.14,54.413000,136.090000
19.15,54.413000,136.090000
19.16,54.413000,136.090000
19.17,54.413000,136.090000
19.18,54.413000,136.090000
19.19,54.413000,136.090000
19.20,54.413000,136.090000
19.21,54.413000,136.090000
19.22,54.413000,136.090000
19.23,54.413000,136.090000
19.24,54.413000,136.090000
19.25,54.413000,136.090000
19.26,54.413000,136.090000
19.27,54.413000,136.090000
19.28,54.413000,136.090000
19.29,54.413000,136.090000
19.30,54.413000,136.090000
19.31,54.413000,136.090000
19.32,54.413000,136.090000
19.33,54.413000,136.090000
19.34,54.413000,136.090000
19.35,54.413000,136.090000
19.36,54.413000,136.090000
19.37,54.413000,136.090000
19.38,54.413000,136.090000
19.39,54.413000,136.090000
19.40,54.413000,136.090000
19.41,54.413000,136.090000
19.42,54.413000,136.090000
19.43,54.413000,136.090000
19.44,54.413000,136.090000
19.45,54.413000,136.090000
19.46,54.413000,136.090000
19.47,54.413000,136.090000
19.48,54.413000,136.090000
19.49,54.413000,136.090000
19.50,54.413000,136.090000
19.51,54.413000,136.090000
19.52,54.413000,136.090000
19.53,54.413000,136.090000
19.54,54.413000,136.090000
19.55,54.413000,136.090000
19.56,54.413000,136.090000
19.57,54.413000,136.090000
19.58,54.413000,136.090000
19.59,54.413000,136.090000
19.60,54.413000,136.090000
19.61,54.413000,136.090000
19.62,54.413000,136.090000
19.63,54.413000,136.090000
19.64,54.413000,136.090000
19.65,54.413000,136.090000
19.66,54.413000,136.090000
19.67,54.413000,136.090000
19.68,54.413000,136.090000
19.69,54.413000,136.090000
19.70,54.413000,136.090000
19.71,54.413000,136.090000
19.72,54.413000,136.090000
19.73,54.413000,136.090000
19.74,54.413000,136.090000
19.75,54.413000,136.090000
19.76,54.413000,136.090000
19.77,54.413000,136.090000
19.78,54.413000,136.090000
19.79,54.413000,136.090000
19.80,54.413000,136.090000
19.81,54.413000,136.090000
19.82,54.413000,136.090000
19.83,54.413000,136.090000
19.84,54.413000,136.090000
19.85,54.413000,136.090000
19.86,54.413000,136.090000
19.87,54.413000,136.090000
19.88,54.413000,136.090000
19.89,54.413000,136.090000
19.90,54.413000,136.090000
19.91,54.413000,136.090000
19.92,54.413000,136.090000
19.93,54.413000,136.090000
19.94,54.413000,136.090000
19.95,54.413000,136.090000
19.96,54.413000,136.090000
19.97,54.413000,136.090000
19.98,54.413000,136.090000
19.99,54.413000,136.090000
20.00,54.413000,136.090000