wl,SIO2_n,SIO2_k
0.40,1.487256,0.00007637
0.41,1.486186,0.00006519
0.42,1.485217,0.00005600
0.43,1.484204,0.00004733
0.44,1.483329,0.00004058
0.45,1.482576,0.00003532
0.46,1.481776,0.00003026
0.47,1.481088,0.00002633
0.48,1.480427,0.00002291
0.49,1.479793,0.00001993
0.50,1.479184,0.00001735
0.51,1.478599,0.00001511
0.52,1.478097,0.00001336
0.53,1.477613,0.00001182
0.54,1.477145,0.00001046
0.55,1.476692,0.00000927
0.56,1.476254,0.00000821
0.57,1.475830,0.00000728
0.58,1.475419,0.00000646
0.59,1.475070,0.00000582
0.60,1.474730,0.00000525
0.61,1.474399,0.00000474
0.62,1.474076,0.00000428
0.63,1.473761,0.00000386
0.64,1.473454,0.00000349
0.65,1.473154,0.00000316
0.66,1.472861,0.00000286
0.67,1.472615,0.00000263
0.68,1.472334,0.00000238
0.69,1.472098,0.00000219
0.70,1.471866,0.00000202
0.71,1.471638,0.00000186
0.72,1.471414,0.00000171
0.73,1.471193,0.00000158
0.74,1.470975,0.00000145
0.75,1.470761,0.00000134
0.76,1.470550,0.00000124
0.77,1.470341,0.00000115
0.78,1.470170,0.00000107
0.79,1.469966,0.00000099
0.80,1.469798,0.00000093
0.81,1.469599,0.00000086
0.82,1.469434,0.00000081
0.83,1.469271,0.00000076
0.84,1.469108,0.00000071
0.85,1.468915,0.00000066
0.86,1.468755,0.00000062
0.87,1.468596,0.00000059
0.88,1.468438,0.00000055
0.89,1.468312,0.00000053
0.90,1.468156,0.00000050
0.91,1.467999,0.00000047
0.92,1.467843,0.00000044
0.93,1.467688,0.00000041
0.94,1.467564,0.00000040
0.95,1.467409,0.00000037
0.96,1.467285,0.00000036
0.97,1.467130,0.00000034
0.98,1.467006,0.00000032
0.99,1.466851,0.00000030
1.00,1.466727,0.00000029
1.01,1.466602,0.00000028
1.02,1.466447,0.00000026
1.03,1.466322,0.00000025
1.04,1.466196,0.00000024
1.05,1.466071,0.00000023
1.06,1.465945,0.00000022
1.07,1.465818,0.00000021
1.08,1.465659,0.00000020
1.09,1.465531,0.00000019
1.10,1.465435,0.00000019
1.11,1.465306,0.00000018
1.12,1.465176,0.00000017
1.13,1.465045,0.00000017
1.14,1.464914,0.00000016
1.15,1.464781,0.00000015
1.16,1.464648,0.00000015
1.17,1.464547,0.00000014
1.18,1.464412,0.00000014
1.19,1.464276,0.00000013
1.20,1.464173,0.00000013
1.21,1.464035,0.00000012
1.22,1.463930,0.00000012
1.23,1.463789,0.00000012
1.24,1.463647,0.00000011
1.25,1.463540,0.00000011
1.26,1.463431,0.00000011
1.27,1.463286,0.00000011
1.28,1.463175,0.00000011
1.29,1.463027,0.00000011
1.30,1.462914,0.00000011
1.31,1.462800,0.00000011
1.32,1.462647,0.00000012
1.33,1.462531,0.00000013
1.34,1.462413,0.00000015
1.35,1.462295,0.00000017
1.36,1.462135,0.00000021
1.37,1.462014,0.00000025
1.38,1.461891,0.00000031
1.39,1.461767,0.00000039
1.40,1.461642,0.00000048
1.41,1.461515,0.00000060
1.42,1.461387,0.00000076
1.43,1.461257,0.00000095
1.44,1.461126,0.00000120
1.45,1.460993,0.00000150
1.46,1.460859,0.00000188
1.47,1.460723,0.00000234
1.48,1.460585,0.00000291
1.49,1.460445,0.00000359
1.50,1.460304,0.00000442
1.51,1.460161,0.00000540
1.52,1.460015,0.00000658
1.53,1.459868,0.00000797
1.54,1.459719,0.00000961
1.55,1.459618,0.00001085
1.56,1.459465,0.00001298
1.57,1.459310,0.00001545
1.58,1.459153,0.00001830
1.59,1.459047,0.00002043
1.60,1.458886,0.00002401
1.61,1.458723,0.00002809
1.62,1.458557,0.00003271
1.63,1.458446,0.00003612
1.64,1.458276,0.00004175
1.65,1.458104,0.00004805
1.66,1.457988,0.00005264
1.67,1.457812,0.00006016
1.68,1.457694,0.00006560
1.69,1.457514,0.00007444
1.70,1.457331,0.00008414
1.71,1.457208,0.00009109
1.72,1.457021,0.00010228
1.73,1.456896,0.00011025
1.74,1.456705,0.00012300
1.75,1.456577,0.00013204
1.76,1.456382,0.00014639
1.77,1.456251,0.00015650
1.78,1.456052,0.00017246
1.79,1.455918,0.00018364
1.80,1.455783,0.00019524
1.81,1.455579,0.00021341
1.82,1.455441,0.00022603
1.83,1.455232,0.00024568
1.84,1.455092,0.00025925
1.85,1.454951,0.00027317
1.86,1.454737,0.00029467
1.87,1.454593,0.00030940
1.88,1.454447,0.00032441
1.89,1.454227,0.00034741
1.90,1.454079,0.00036304
1.91,1.453930,0.00037886
1.92,1.453780,0.00039486
1.93,1.453552,0.00041911
1.94,1.453398,0.00043541
1.95,1.453244,0.00045178
1.96,1.453088,0.00046818
1.97,1.452851,0.00049278
1.98,1.452692,0.00050913
1.99,1.452531,0.00052539
2.00,1.452368,0.00054155
2.01,1.452204,0.00055755
2.02,1.452038,0.00057338
2.03,1.451786,0.00059671
2.04,1.451616,0.00061194
2.05,1.451444,0.00062687
2.06,1.451270,0.00064148
2.07,1.451094,0.00065574
2.08,1.450916,0.00066960
2.09,1.450736,0.00068306
2.10,1.450553,0.00069608
2.11,1.450367,0.00070862
2.12,1.450180,0.00072068
2.13,1.449989,0.00073223
2.14,1.449698,0.00074854
2.15,1.449500,0.00075871
2.16,1.449299,0.00076831
2.17,1.449094,0.00077730
2.18,1.448886,0.00078570
2.19,1.448674,0.00079347
2.20,1.448458,0.00080063
2.21,1.448349,0.00080397
2.22,1.448127,0.00081019
2.23,1.447900,0.00081581
2.24,1.447669,0.00082083
2.25,1.447432,0.00082530
2.26,1.447190,0.00082926
2.27,1.446943,0.00083279
2.28,1.446689,0.00083599
2.29,1.446429,0.00083901
2.30,1.446162,0.00084202
2.31,1.445888,0.00084525
2.32,1.445607,0.00084897
2.33,1.445463,0.00085112
2.34,1.445169,0.00085622
2.35,1.444867,0.00086272
2.36,1.444556,0.00087103
2.37,1.444236,0.00088158
2.38,1.443907,0.00089477
2.39,1.443739,0.00090246
2.40,1.443397,0.00092020
2.41,1.443046,0.00094124
2.42,1.442685,0.00096560
2.43,1.442316,0.00099311
2.44,1.442128,0.00100794
2.45,1.441744,0.00103942
2.46,1.441352,0.00107271
2.47,1.440948,0.00110691
2.48,1.440534,0.00114095
2.49,1.440321,0.00115755
2.50,1.439886,0.00118917
2.51,1.439433,0.00121770
2.52,1.439081,0.00123659
2.53,1.438715,0.00125249
2.54,1.438202,0.00126928
2.55,1.437656,0.00128067
2.56,1.437369,0.00128450
2.57,1.436758,0.00128936
2.58,1.436093,0.00129324
2.59,1.435736,0.00129646
2.60,1.434967,0.00131020
2.61,1.434118,0.00134073
2.62,1.433660,0.00136435
2.63,1.432669,0.00142902
2.64,1.431556,0.00151312
2.65,1.430937,0.00156108
2.66,1.429518,0.00167614
2.67,1.427721,0.00187682
2.68,1.426611,0.00207387
2.69,1.423867,0.00299395
2.70,1.422289,0.00393489
2.71,1.419381,0.00726765
2.72,1.418271,0.01218491
2.73,1.418733,0.01465620
2.74,1.421074,0.01831339
2.75,1.422424,0.01935826
2.76,1.424604,0.02049658
2.77,1.426143,0.02127059
2.78,1.426821,0.02162000
2.79,1.428059,0.02217031
2.80,1.428588,0.02238263
2.81,1.429464,0.02280597
2.82,1.429850,0.02305238
2.83,1.430626,0.02360831
2.84,1.431038,0.02389376
2.85,1.431908,0.02442812
2.86,1.432357,0.02466876
2.87,1.433267,0.02509826
2.88,1.433728,0.02528971
2.89,1.434666,0.02562622
2.90,1.435146,0.02576840
2.91,1.436126,0.02599020
2.92,1.436624,0.02606592
2.93,1.437626,0.02614023
2.94,1.438126,0.02613724
2.95,1.439113,0.02604924
2.96,1.439596,0.02596430
2.97,1.440527,0.02571536
2.98,1.440971,0.02555388
2.99,1.441804,0.02516719
3.00,1.442191,0.02494736
3.01,1.442905,0.02446922
3.02,1.443233,0.02421615
3.03,1.443840,0.02369117
3.04,1.444122,0.02342086
3.05,1.444393,0.02314526
3.06,1.444906,0.02257468
3.07,1.445149,0.02227725
3.08,1.445605,0.02165191
3.09,1.445817,0.02132222
3.10,1.446016,0.02098065
3.11,1.446368,0.02026302
3.12,1.446518,0.01988862
3.13,1.446762,0.01911534
3.14,1.446854,0.01871976
3.15,1.446926,0.01832054
3.16,1.447009,0.01751784
3.17,1.447022,0.01711731
3.18,1.446995,0.01632375
3.19,1.446957,0.01593235
3.20,1.446904,0.01554525
3.21,1.446755,0.01478496
3.22,1.446661,0.01441192
3.23,1.446555,0.01404359
3.24,1.446308,0.01332073
3.25,1.446167,0.01296612
3.26,1.446016,0.01261608
3.27,1.445679,0.01193026
3.28,1.445494,0.01159495
3.29,1.445297,0.01126516
3.30,1.444872,0.01062373
3.31,1.444643,0.01031299
3.32,1.444402,0.01000953
3.33,1.443885,0.00942641
3.34,1.443602,0.00915013
3.35,1.443296,0.00889728
3.36,1.442979,0.00869607
3.37,1.442530,0.00840516
3.38,1.442387,0.00815032
3.39,1.442160,0.00781768
3.40,1.441479,0.00731353
3.41,1.441177,0.00716369
3.42,1.440939,0.00700721
3.43,1.440727,0.00679687
3.44,1.440191,0.00626743
3.45,1.439859,0.00602431
3.46,1.439517,0.00581083
3.47,1.439175,0.00561582
3.48,1.438482,0.00525622
3.49,1.438124,0.00511048
3.50,1.437797,0.00499930
3.51,1.437523,0.00486311
3.52,1.436884,0.00446349
3.53,1.436512,0.00430165
3.54,1.436147,0.00416262
3.55,1.435788,0.00403216
3.56,1.435075,0.00378766
3.57,1.434718,0.00367268
3.58,1.434362,0.00356209
3.59,1.434005,0.00345564
3.60,1.433648,0.00335317
3.61,1.432931,0.00315986
3.62,1.432570,0.00306901
3.63,1.432209,0.00298206
3.64,1.431847,0.00289909
3.65,1.431484,0.00282011
3.66,1.430756,0.00267419
3.67,1.430392,0.00260715
3.68,1.430027,0.00254390
3.69,1.429662,0.00248430
3.70,1.429297,0.00242812
3.71,1.428933,0.00237515
3.72,1.428206,0.00227777
3.73,1.427842,0.00223284
3.74,1.427479,0.00219007
3.75,1.427117,0.00214924
3.76,1.426754,0.00211014
3.77,1.426391,0.00207262
3.78,1.425665,0.00200187
3.79,1.425301,0.00196851
3.80,1.424937,0.00193646
3.81,1.424572,0.00190575
3.82,1.424205,0.00187640
3.83,1.423838,0.00184848
3.84,1.423469,0.00182205
3.85,1.422729,0.00177390
3.86,1.422357,0.00175230
3.87,1.421984,0.00173238
3.88,1.421610,0.00171418
3.89,1.421235,0.00169770
3.90,1.420859,0.00168292
3.91,1.420482,0.00166980
3.92,1.420105,0.00165830
3.93,1.419726,0.00164835
3.94,1.418967,0.00163284
3.95,1.418586,0.00162712
3.96,1.418205,0.00162263
3.97,1.417823,0.00161932
3.98,1.417439,0.00161709
3.99,1.417055,0.00161588
4.00,1.416670,0.00161564
4.01,1.416284,0.00161630
4.02,1.415897,0.00161782
4.03,1.415509,0.00162017
4.04,1.415120,0.00162333
4.05,1.414338,0.00163201
4.06,1.413945,0.00163753
4.07,1.413550,0.00164383
4.08,1.413154,0.00165094
4.09,1.412756,0.00165885
4.10,1.412357,0.00166758
4.11,1.411956,0.00167715
4.12,1.411554,0.00168756
4.13,1.411150,0.00169883
4.14,1.410744,0.00171095
4.15,1.410337,0.00172392
4.16,1.409927,0.00173774
4.17,1.409516,0.00175237
4.18,1.409102,0.00176780
4.19,1.408686,0.00178399
4.20,1.408268,0.00180089
4.21,1.407845,0.00181843
4.22,1.407418,0.00183657
4.23,1.406981,0.00185526
4.24,1.406527,0.00187642
4.25,1.406030,0.00192649
4.26,1.405230,0.00237165
4.27,1.405137,0.00241195
4.28,1.404873,0.00218971
4.29,1.404376,0.00203430
4.30,1.403865,0.00201355
4.31,1.403396,0.00202902
4.32,1.402944,0.00204707
4.33,1.402499,0.00206459
4.34,1.402055,0.00208142
4.35,1.401612,0.00209748
4.36,1.401169,0.00211274
4.37,1.400724,0.00212713
4.38,1.400277,0.00214065
4.39,1.399829,0.00215327
4.40,1.399377,0.00216500
4.41,1.398923,0.00217586
4.42,1.398466,0.00218587
4.43,1.398083,0.00219360
4.44,1.397929,0.00219654
4.45,1.397542,0.00220353
4.46,1.397074,0.00221131
4.47,1.396603,0.00221848
4.48,1.396128,0.00222513
4.49,1.395648,0.00223135
4.50,1.395165,0.00223723
4.51,1.394677,0.00224286
4.52,1.394184,0.00224835
4.53,1.393687,0.00225379
4.54,1.393185,0.00225928
4.55,1.392678,0.00226493
4.56,1.392167,0.00227082
4.57,1.391650,0.00227705
4.58,1.391128,0.00228372
4.59,1.390601,0.00229093
4.60,1.390068,0.00229876
4.61,1.389530,0.00230734
4.62,1.388986,0.00231678
4.63,1.388437,0.00232721
4.64,1.387881,0.00233879
4.65,1.387414,0.00234942
4.66,1.387225,0.00235396
4.67,1.386752,0.00236613
4.68,1.386177,0.00238236
4.69,1.385595,0.00240068
4.70,1.385007,0.00242145
4.71,1.384412,0.00244508
4.72,1.383809,0.00247206
4.73,1.383199,0.00250291
4.74,1.382581,0.00253825
4.75,1.381956,0.00257874
4.76,1.381324,0.00262508
4.77,1.380686,0.00267804
4.78,1.380148,0.00272765
4.79,1.379932,0.00274905
4.80,1.379389,0.00280678
4.81,1.378733,0.00288402
4.82,1.378072,0.00297072
4.83,1.377408,0.00306737
4.84,1.376743,0.00317436
4.85,1.376076,0.00329185
4.86,1.375411,0.00341978
4.87,1.374747,0.00355786
4.88,1.374197,0.00368011
4.89,1.373978,0.00373084
4.90,1.373433,0.00386175
4.91,1.372785,0.00402550
4.92,1.372145,0.00419526
4.93,1.371513,0.00436932
4.94,1.370891,0.00454576
4.95,1.370277,0.00472251
4.96,1.369773,0.00486853
4.97,1.369573,0.00492636
4.98,1.369078,0.00506841
4.99,1.368490,0.00523338
5.00,1.367909,0.00539049
5.01,1.367332,0.00553818
5.02,1.366757,0.00567522
5.03,1.366182,0.00580083
5.04,1.365702,0.00589670
5.05,1.365509,0.00593269
5.06,1.365024,0.00601700
5.07,1.364435,0.00610847
5.08,1.363837,0.00619031
5.09,1.363227,0.00626419
5.10,1.362604,0.00633216
5.11,1.362075,0.00638603
5.12,1.361860,0.00640712
5.13,1.361317,0.00645998
5.14,1.360651,0.00652499
5.15,1.359972,0.00659416
5.16,1.359280,0.00666985
5.17,1.358696,0.00673927
5.18,1.358460,0.00676893
5.19,1.357867,0.00684854
5.20,1.357151,0.00695427
5.21,1.356431,0.00707177
5.22,1.355711,0.00720091
5.23,1.355113,0.00731668
5.24,1.354875,0.00736504
5.25,1.354283,0.00749018
5.26,1.353579,0.00764678
5.27,1.352886,0.00780807
5.28,1.352204,0.00797102
5.29,1.351645,0.00810566
5.30,1.351424,0.00815883
5.31,1.350877,0.00828823
5.32,1.350232,0.00843537
5.33,1.349598,0.00857017
5.34,1.349075,0.00867095
5.35,1.348868,0.00870784
5.36,1.348352,0.00879015
5.37,1.347736,0.00887003
5.38,1.347119,0.00892720
5.39,1.346603,0.00895694
5.40,1.346395,0.00896396
5.41,1.345870,0.00896924
5.42,1.345230,0.00895373
5.43,1.344573,0.00891472
5.44,1.344012,0.00886561
5.45,1.343783,0.00884172
5.46,1.343200,0.00877256
5.47,1.342476,0.00867390
5.48,1.341724,0.00856056
5.49,1.341075,0.00845734
5.50,1.340809,0.00841407
5.51,1.340129,0.00830268
5.52,1.339285,0.00816491
5.53,1.338408,0.00802577
5.54,1.337653,0.00791113
5.55,1.337345,0.00786597
5.56,1.336559,0.00775629
5.57,1.335589,0.00763181
5.58,1.334592,0.00751756
5.59,1.333740,0.00743151
5.60,1.333394,0.00739976
5.61,1.332519,0.00732776
5.62,1.331448,0.00725523
5.63,1.330540,0.00720695
5.64,1.330173,0.00719096
5.65,1.329248,0.00715948
5.66,1.328123,0.00713696
5.67,1.327176,0.00713082
5.68,1.326794,0.00713169
5.69,1.325835,0.00714189
5.70,1.324675,0.00716818
5.71,1.323701,0.00720120
5.72,1.323310,0.00721726
5.73,1.322328,0.00726395
5.74,1.321144,0.00733118
5.75,1.319953,0.00740966
5.76,1.318956,0.00748261
5.77,1.318556,0.00751367
5.78,1.317553,0.00759542
5.79,1.316342,0.00770042
5.80,1.315328,0.00779310
5.81,1.314920,0.00783147
5.82,1.313896,0.00793047
5.83,1.312658,0.00805488
5.84,1.311618,0.00816353
5.85,1.311199,0.00820841
5.86,1.310144,0.00832493
5.87,1.309079,0.00844800
5.88,1.308650,0.00849944
5.89,1.307569,0.00863517
5.90,1.306257,0.00881288
5.91,1.305152,0.00897612
5.92,1.304707,0.00904596
5.93,1.303588,0.00923409
5.94,1.302238,0.00948615
5.95,1.301110,0.00972021
5.96,1.300659,0.00982051
5.97,1.299535,0.01008817
5.98,1.298198,0.01043872
5.99,1.297097,0.01075312
6.00,1.296661,0.01088431
6.01,1.295585,0.01122290
6.02,1.294528,0.01157379
6.03,1.294110,0.01171729
6.04,1.293080,0.01208270
6.05,1.291868,0.01253454
6.06,1.290881,0.01292560
6.07,1.290493,0.01308673
6.08,1.289549,0.01350501
6.09,1.288650,0.01394317
6.10,1.288308,0.01412417
6.11,1.287512,0.01457944
6.12,1.286684,0.01510488
6.13,1.286112,0.01548265
6.14,1.285916,0.01560923
6.15,1.285489,0.01582221
6.16,1.285120,0.01587542
6.17,1.284982,0.01584223
6.18,1.284605,0.01561222
6.19,1.284148,0.01519738
6.20,1.283931,0.01497935
6.21,1.283258,0.01434459
6.22,1.282204,0.01347389
6.23,1.281113,0.01272579
6.24,1.280621,0.01243168
6.25,1.279281,0.01174576
6.26,1.277816,0.01113804
6.27,1.277199,0.01092212
6.28,1.275609,0.01045261
6.29,1.273974,0.01007124
6.30,1.273312,0.00994346
6.31,1.271647,0.00967294
6.32,1.269643,0.00942335
6.33,1.267974,0.00926199
6.34,1.267306,0.00920750
6.35,1.265638,0.00908858
6.36,1.263968,0.00898921
6.37,1.263299,0.00895428
6.38,1.261622,0.00887560
6.39,1.259938,0.00880703
6.40,1.259262,0.00878221
6.41,1.257563,0.00872533
6.42,1.255851,0.00867479
6.43,1.255163,0.00865631
6.44,1.253430,0.00861398
6.45,1.251681,0.00857663
6.46,1.250976,0.00856313
6.47,1.249201,0.00853292
6.48,1.247408,0.00850745
6.49,1.246684,0.00849868
6.50,1.244861,0.00848046
6.51,1.243018,0.00846725
6.52,1.242274,0.00846350
6.53,1.240399,0.00845818
6.54,1.238501,0.00845839
6.55,1.237736,0.00846017
6.56,1.235805,0.00846909
6.57,1.233851,0.00848410
6.58,1.233063,0.00849197
6.59,1.231074,0.00851652
6.60,1.229061,0.00854769
6.61,1.228249,0.00856218
6.62,1.226200,0.00860363
6.63,1.224127,0.00865215
6.64,1.223290,0.00867371
6.65,1.221179,0.00873314
6.66,1.219044,0.00880000
6.67,1.218182,0.00882900
6.68,1.216009,0.00890723
6.69,1.213810,0.00899316
6.70,1.212922,0.00902985
6.71,1.211135,0.00910715
6.72,1.210234,0.00914776
6.73,1.207963,0.00925517
6.74,1.205666,0.00937046
6.75,1.204739,0.00941894
6.76,1.202401,0.00954603
6.77,1.200036,0.00968096
6.78,1.199081,0.00973727
6.79,1.196675,0.00988386
6.80,1.194240,0.01003813
6.81,1.193257,0.01010212
6.82,1.190780,0.01026770
6.83,1.188273,0.01044067
6.84,1.187261,0.01051205
6.85,1.185223,0.01065835
6.86,1.184196,0.01073327
6.87,1.181607,0.01092571
6.88,1.178987,0.01112486
6.89,1.177929,0.01120649
6.90,1.175261,0.01141528
6.91,1.172561,0.01163016
6.92,1.171471,0.01171790
6.93,1.169275,0.01189615
6.94,1.168168,0.01198668
6.95,1.165375,0.01221687
6.96,1.162546,0.01245204
6.97,1.161404,0.01254754
6.98,1.158521,0.01278954
6.99,1.155600,0.01303563
7.00,1.154420,0.01313523
7.01,1.152041,0.01333612
7.02,1.150841,0.01343741
7.03,1.147811,0.01369280
7.04,1.144739,0.01395082
7.05,1.143498,0.01405474
7.06,1.140360,0.01431592
7.07,1.137177,0.01457868
7.08,1.135890,0.01468418
7.09,1.133291,0.01489555
7.10,1.131979,0.01500143
7.11,1.128662,0.01526631
7.12,1.125293,0.01553114
7.13,1.123930,0.01563697
7.14,1.121174,0.01584823
7.15,1.119783,0.01595364
7.16,1.116260,0.01621615
7.17,1.112677,0.01647705
7.18,1.111225,0.01658084
7.19,1.108289,0.01678727
7.20,1.106804,0.01688989
7.21,1.103042,0.01714436
7.22,1.099209,0.01739583
7.23,1.097654,0.01749546
7.24,1.094506,0.01769296
7.25,1.092913,0.01779082
7.26,1.088870,0.01803260
7.27,1.084742,0.01827046
7.28,1.083066,0.01836439
7.29,1.079667,0.01855019
7.30,1.077945,0.01864206
7.31,1.073567,0.01886866
7.32,1.069089,0.01909123
7.33,1.067267,0.01917908
7.34,1.063569,0.01935300
7.35,1.061692,0.01943907
7.36,1.056913,0.01965201
7.37,1.052013,0.01986241
7.38,1.050016,0.01994593
7.39,1.045954,0.02011254
7.40,1.043890,0.02019563
7.41,1.038624,0.02040388
7.42,1.033211,0.02061393
7.43,1.031000,0.02069880
7.44,1.026496,0.02087134
7.45,1.024203,0.02095901
7.46,1.019531,0.02113885
7.47,1.017151,0.02123102
7.48,1.011060,0.02147147
7.49,1.004775,0.02172791
7.50,1.002201,0.02183608
7.51,0.996945,0.02206504
7.52,0.994262,0.02218582
7.53,0.988782,0.02244397
7.54,0.985984,0.02258134
7.55,0.978803,0.02295689
7.56,0.971364,0.02338106
7.57,0.968309,0.02356705
7.58,0.962055,0.02397317
7.59,0.958857,0.02419330
7.60,0.952308,0.02467592
7.61,0.948957,0.02493841
7.62,0.940335,0.02567279
7.63,0.931376,0.02652282
7.64,0.927689,0.02690095
7.65,0.920128,0.02773416
7.66,0.916255,0.02818924
7.67,0.908314,0.02919195
7.68,0.904245,0.02973958
7.69,0.893763,0.03127468
7.70,0.882856,0.03305208
7.71,0.878362,0.03384200
7.72,0.869148,0.03557758
7.73,0.864427,0.03652323
7.74,0.854748,0.03859789
7.75,0.849790,0.03972689
7.76,0.837031,0.04287181
7.77,0.823779,0.04648248
7.78,0.818329,0.04807725
7.79,0.807179,0.05155831
7.80,0.801478,0.05344458
7.81,0.789831,0.05755443
7.82,0.783883,0.05977800
7.83,0.771749,0.06461359
7.84,0.765563,0.06722561
7.85,0.749765,0.07442328
7.86,0.733550,0.08257277
7.87,0.726948,0.08613661
7.88,0.713588,0.09383668
7.89,0.706832,0.09797290
7.90,0.693223,0.10688501
7.91,0.686370,0.11166090
7.92,0.672649,0.12191716
7.93,0.665779,0.12739753
7.94,0.652128,0.13911836
7.95,0.645345,0.14535883
7.96,0.628713,0.16215531
7.97,0.612664,0.18055117
7.98,0.606465,0.18839103
7.99,0.594601,0.20483531
8.00,0.588935,0.21343972
8.01,0.578297,0.23132299
8.02,0.573324,0.24060185
8.03,0.564207,0.25969275
8.04,0.560061,0.26950478
8.05,0.552685,0.28948269
8.06,0.549453,0.29964856
8.07,0.542784,0.32530180
8.08,0.537964,0.35108747
8.09,0.536582,0.36138577
8.10,0.534650,0.38179807
8.11,0.534100,0.39191206
8.12,0.533725,0.41183564
8.13,0.533901,0.42164523
8.14,0.534859,0.44087862
8.15,0.535642,0.45030243
8.16,0.537692,0.46871788
8.17,0.538959,0.47770953
8.18,0.541865,0.49524347
8.19,0.543502,0.50378576
8.20,0.547044,0.52042691
8.21,0.548948,0.52852578
8.22,0.553970,0.54814394
8.23,0.557089,0.55966323
8.24,0.560356,0.57060997
8.25,0.565839,0.58852012
8.26,0.568056,0.59548353
8.27,0.572484,0.60912898
8.28,0.574695,0.61581101
8.29,0.579083,0.62894893
8.30,0.581261,0.63540482
8.31,0.585569,0.64814366
8.32,0.587700,0.65442661
8.33,0.591916,0.66686722
8.34,0.594002,0.67302487
8.35,0.598139,0.68525343
8.36,0.600191,0.69132434
8.37,0.604281,0.70340630
8.38,0.606320,0.70941735
8.39,0.610403,0.72139370
8.40,0.612449,0.72735900
8.41,0.616568,0.73924550
8.42,0.618641,0.74516671
8.43,0.622828,0.75695638
8.44,0.624941,0.76282484
8.45,0.629210,0.77449420
8.46,0.631365,0.78029509
8.47,0.635709,0.79181289
8.48,0.637898,0.79752979
8.49,0.643386,0.81167718
8.50,0.648866,0.82562731
8.51,0.651047,0.83114696
8.52,0.655353,0.84209337
8.53,0.657478,0.84752013
8.54,0.661637,0.85830190
8.55,0.663671,0.86365691
8.56,0.667617,0.87432905
8.57,0.669529,0.87964617
8.58,0.673208,0.89028612
8.59,0.674976,0.89560895
8.60,0.678359,0.90630909
8.61,0.679974,0.91168641
8.62,0.683057,0.92254397
8.63,0.684524,0.92802422
8.64,0.687327,0.93913024
8.65,0.688662,0.94475601
8.66,0.691224,0.95618562
8.67,0.692450,0.96198946
8.68,0.694818,0.97379576
8.69,0.695960,0.97979823
8.70,0.698177,0.99201142
8.71,0.699252,0.99822214
8.72,0.701343,1.01085480
8.73,0.702357,1.01727674
8.74,0.704316,1.03033556
8.75,0.705260,1.03697244
8.76,0.707048,1.05047498
8.77,0.707892,1.05734062
8.78,0.709438,1.07133545
8.79,0.710139,1.07846464
8.80,0.711345,1.09305199
8.81,0.711851,1.10051017
8.82,0.712619,1.11586012
8.83,0.712882,1.12375190
8.84,0.713134,1.14011722
8.85,0.713124,1.14859076
8.86,0.712841,1.16631043
8.87,0.712567,1.17555657
8.88,0.711943,1.19248591
8.89,0.711592,1.20016911
8.90,0.711241,1.20785232
8.91,0.710373,1.22702178
8.92,0.709857,1.23850803
8.93,0.709017,1.26295883
8.94,0.708694,1.27592337
8.95,0.708585,1.30352550
8.96,0.708799,1.31816308
8.97,0.710203,1.34922449
8.98,0.711393,1.36564831
8.99,0.715266,1.40027245
9.00,0.717948,1.41847277
9.01,0.725356,1.45648128
9.02,0.730082,1.47628947
9.03,0.742109,1.51716470
9.04,0.749409,1.53823173
9.05,0.767024,1.58109677
9.06,0.777340,1.60289478
9.07,0.801268,1.64654738
9.08,0.814881,1.66840196
9.09,0.845471,1.71140998
9.10,0.862449,1.73256341
9.11,0.899599,1.77341448
9.12,0.919771,1.79311211
9.13,0.962920,1.83039228
9.14,0.985896,1.84797482
9.15,1.027791,1.87679206
9.16,1.046709,1.88802677
9.17,1.065628,1.89926147
9.18,1.111387,1.92259653
9.19,1.138228,1.93469689
9.20,1.192906,1.95594918
9.21,1.220744,1.96510112
9.22,1.276879,1.98054938
9.23,1.305178,1.98684571
9.24,1.361822,1.99677083
9.25,1.390168,2.00039962
9.26,1.446608,2.00520762
9.27,1.474702,2.00638683
9.28,1.530429,2.00650007
9.29,1.558061,2.00543411
9.30,1.612697,2.00123373
9.31,1.639701,1.99809930
9.32,1.686378,1.99118167
9.33,1.706050,1.98739845
9.34,1.725723,1.98361524
9.35,1.770711,1.97303780
9.36,1.796027,1.96624358
9.37,1.845622,1.95108136
9.38,1.869901,1.94271336
9.39,1.917328,1.92459836
9.40,1.940477,1.91485137
9.41,1.985596,1.89418173
9.42,2.007565,1.88325910
9.43,2.050326,1.86043226
9.44,2.071116,1.84852806
9.45,2.106648,1.82708443
9.46,2.121389,1.81754500
9.47,2.136130,1.80800557
9.48,2.169462,1.78505758
9.49,2.188052,1.77164901
9.50,2.224251,1.74422192
9.51,2.241860,1.73020341
9.52,2.276172,1.70159210
9.53,2.292874,1.68699930
9.54,2.325428,1.65724056
9.55,2.341279,1.64207461
9.56,2.368398,1.61508871
9.57,2.379665,1.60326876
9.58,2.390933,1.59144881
9.59,2.416386,1.56324642
9.60,2.430572,1.54686399
9.61,2.458065,1.51345330
9.62,2.471372,1.49642505
9.63,2.497041,1.46171517
9.64,2.509402,1.44403356
9.65,2.533095,1.40803230
9.66,2.544425,1.38971265
9.67,2.563412,1.35720624
9.68,2.571067,1.34301948
9.69,2.578723,1.32883271
9.70,2.595369,1.29520329
9.71,2.604360,1.27576063
9.72,2.621042,1.23644251
9.73,2.628733,1.21656704
9.74,2.642745,1.17649865
9.75,2.649066,1.15630572
9.76,2.659064,1.12082870
9.77,2.662740,1.10554459
9.78,2.666417,1.09026048
9.79,2.673547,1.05455404
9.80,2.677002,1.03413170
9.81,2.682459,0.99339109
9.82,2.684461,0.97307283
9.83,2.687033,0.93268827
9.84,2.687602,0.91262198
9.85,2.687554,0.87780264
9.86,2.686936,0.86304959
9.87,2.686318,0.84829655
9.88,2.683545,0.81440381
9.89,2.681390,0.79526413
9.90,2.675826,0.75764015
9.91,2.672417,0.73915585
9.92,2.665581,0.70738302
9.93,2.662154,0.69409449
9.94,2.658728,0.68080595
9.95,2.649677,0.65066122
9.96,2.644054,0.63380503
9.97,2.631867,0.60103376
9.98,2.625304,0.58511868
9.99,2.611359,0.55429200
10.00,2.603977,0.53938040
10.01,2.590539,0.51407164
10.02,2.584483,0.50367448
10.03,2.578426,0.49327733
10.04,2.563727,0.47009446
10.05,2.555085,0.45730874
10.06,2.537357,0.43282663
10.07,2.528272,0.42113023
10.08,2.512132,0.40147607
10.09,2.505077,0.39351830
10.10,2.498023,0.38556054
10.11,2.481358,0.36806089
10.12,2.471747,0.35851900
10.13,2.452431,0.34047311
10.14,2.442725,0.33196910
10.15,2.425745,0.31783390
10.16,2.418470,0.31220271
10.17,2.411195,0.30657151
10.18,2.394318,0.29437575
10.19,2.384716,0.28781119
10.20,2.365690,0.27556551
10.21,2.356266,0.26988439
10.22,2.339960,0.26055501
10.23,2.333078,0.25690674
10.24,2.326196,0.25325847
10.25,2.310446,0.24549128
10.26,2.301577,0.24137235
10.27,2.284193,0.23380574
10.28,2.275678,0.23035806
10.29,2.261070,0.22477155
10.30,2.254976,0.22263272
10.31,2.248882,0.22049388
10.32,2.235077,0.21602425
10.33,2.227366,0.21369345
10.34,2.214194,0.20995049
10.35,2.208733,0.20853832
10.36,2.203272,0.20712616
10.37,2.190964,0.20420908
10.38,2.184118,0.20270416
10.39,2.170857,0.20000647
10.40,2.164443,0.19881370
10.41,2.153535,0.19691483
10.42,2.149041,0.19620873
10.43,2.144547,0.19550262
10.44,2.134468,0.19405102
10.45,2.128883,0.19330552
10.46,2.119399,0.19211078
10.47,2.115500,0.19166155
10.48,2.111601,0.19121232
10.49,2.102865,0.19026722
10.50,2.098028,0.18977136
10.51,2.088690,0.18884533
10.52,2.084188,0.18841518
10.53,2.076540,0.18768799
10.54,2.073393,0.18739096
10.55,2.070247,0.18709393
10.56,2.063182,0.18640891
10.57,2.059264,0.18602092
10.58,2.052593,0.18533226
10.59,2.049840,0.18503160
10.60,2.047087,0.18473093
10.61,2.040882,0.18400021
10.62,2.037430,0.18357016
10.63,2.031531,0.18278664
10.64,2.029085,0.18243317
10.65,2.026639,0.18207971
10.66,2.021094,0.18120537
10.67,2.017995,0.18068450
10.68,2.012676,0.17973193
10.69,2.010456,0.17930024
10.70,2.008236,0.17886854
10.71,2.003169,0.17780419
10.72,2.000322,0.17717154
10.73,1.994722,0.17584917
10.74,1.991968,0.17515945
10.75,1.987202,0.17391114
10.76,1.985190,0.17335253
10.77,1.983179,0.17279393
10.78,1.978539,0.17143904
10.79,1.975911,0.17064274
10.80,1.971339,0.16921430
10.81,1.969395,0.16858214
10.82,1.967452,0.16794999
10.83,1.962939,0.16643438
10.84,1.960370,0.16555092
10.85,1.955881,0.16397957
10.86,1.953961,0.16329168
10.87,1.952041,0.16260378
10.88,1.947558,0.16097246
10.89,1.944994,0.16002903
10.90,1.940498,0.15836440
10.91,1.938566,0.15764319
10.92,1.936633,0.15692198
10.93,1.932101,0.15522945
10.94,1.929502,0.15425812
10.95,1.924929,0.15255761
10.96,1.922956,0.15182842
10.97,1.920984,0.15109924
10.98,1.917010,0.14964701
10.99,1.915009,0.14892397
11.00,1.913007,0.14820092
11.01,1.908294,0.14653133
11.02,1.905582,0.14558479
11.03,1.900799,0.14394868
11.04,1.898729,0.14325912
11.05,1.896658,0.14256955
11.06,1.891773,0.14099751
11.07,1.888958,0.14011503
11.08,1.883991,0.13860598
11.09,1.881838,0.13797941
11.10,1.879685,0.13735284
11.11,1.874602,0.13594825
11.12,1.871672,0.13517024
11.13,1.866499,0.13385982
11.14,1.864256,0.13332740
11.15,1.862013,0.13279499
11.16,1.856717,0.13163187
11.17,1.853664,0.13100117
11.18,1.848276,0.12996538
11.19,1.845940,0.12956029
11.20,1.843605,0.12915521
11.21,1.838888,0.12842185
11.22,1.836507,0.12809357
11.23,1.834126,0.12776529
11.24,1.828511,0.12711391
11.25,1.825278,0.12679082
11.26,1.819578,0.12632079
11.27,1.817112,0.12617385
11.28,1.814645,0.12602692
11.29,1.808840,0.12582416
11.30,1.805501,0.12576834
11.31,1.799625,0.12578559
11.32,1.797088,0.12585865
11.33,1.794551,0.12593172
11.34,1.789450,0.12620274
11.35,1.786886,0.12640069
11.36,1.784322,0.12659864
11.37,1.778313,0.12724031
11.38,1.774868,0.12768402
11.39,1.768829,0.12860511
11.40,1.766235,0.12908248
11.41,1.763641,0.12955986
11.42,1.757588,0.13087903
11.43,1.754129,0.13172083
11.44,1.748088,0.13335672
11.45,1.745506,0.13415082
11.46,1.742924,0.13494491
11.47,1.737787,0.13670372
11.48,1.735232,0.13766844
11.49,1.732677,0.13863315
11.50,1.726771,0.14112055
11.51,1.723420,0.14264323
11.52,1.717617,0.14549032
11.53,1.715164,0.14681473
11.54,1.712712,0.14813913
11.55,1.707886,0.15097353
11.56,1.705513,0.15248352
11.57,1.703140,0.15399351
11.58,1.697737,0.15776537
11.59,1.694707,0.16002725
11.60,1.689527,0.16417013
11.61,1.687378,0.16605112
11.62,1.685228,0.16793212
11.63,1.681074,0.17187377
11.64,1.679070,0.17393443
11.65,1.677067,0.17599508
11.66,1.672616,0.18103181
11.67,1.670170,0.18400787
11.68,1.666082,0.18937548
11.69,1.664440,0.19176702
11.70,1.662798,0.19415856
11.71,1.659729,0.19908550
11.72,1.658302,0.20162089
11.73,1.656875,0.20415629
11.74,1.653860,0.21023819
11.75,1.652273,0.21378469
11.76,1.649750,0.22009252
11.77,1.648814,0.22285385
11.78,1.647879,0.22561518
11.79,1.646280,0.23121296
11.80,1.645616,0.23404941
11.81,1.644952,0.23688585
11.82,1.643908,0.24260458
11.83,1.643528,0.24548687
11.84,1.643148,0.24836915
11.85,1.642652,0.25511356
11.86,1.642536,0.25897569
11.87,1.642630,0.26571557
11.88,1.642839,0.26859332
11.89,1.643049,0.27147107
11.90,1.643764,0.27717375
11.91,1.644270,0.27999868
11.92,1.644776,0.28282361
11.93,1.646079,0.28838671
11.94,1.646876,0.29112488
11.95,1.647673,0.29386305
11.96,1.649905,0.30009239
11.97,1.651342,0.30358356
11.98,1.654121,0.30954192
11.99,1.655463,0.31200912
12.00,1.656806,0.31447633
12.01,1.659738,0.31923058
12.02,1.661327,0.32151764
12.03,1.662916,0.32380470
12.04,1.666318,0.32817272
12.05,1.668131,0.33025368
12.06,1.669944,0.33233463
12.07,1.674438,0.33688548
12.08,1.677119,0.33935536
12.09,1.681981,0.34343051
12.10,1.684161,0.34503579
12.11,1.686342,0.34664106
12.12,1.690843,0.34958996
12.13,1.693163,0.35093358
12.14,1.695483,0.35227721
12.15,1.700232,0.35469246
12.16,1.702661,0.35576409
12.17,1.705089,0.35683572
12.18,1.710024,0.35870079
12.19,1.712530,0.35949423
12.20,1.715036,0.36028766
12.21,1.720943,0.36176522
12.22,1.724345,0.36244933
12.23,1.730313,0.36336783
12.24,1.732880,0.36360222
12.25,1.735446,0.36383661
12.26,1.740564,0.36403194
12.27,1.743116,0.36399287
12.28,1.745668,0.36395380
12.29,1.750729,0.36361070
12.30,1.753238,0.36330667
12.31,1.755747,0.36300263
12.32,1.760697,0.36214100
12.33,1.763137,0.36158341
12.34,1.765578,0.36102582
12.35,1.770366,0.35967104
12.36,1.772714,0.35887385
12.37,1.775061,0.35807666
12.38,1.780387,0.35591862
12.39,1.783365,0.35455776
12.40,1.788444,0.35197075
12.41,1.790544,0.35074460
12.42,1.792645,0.34951845
12.43,1.796696,0.34688002
12.44,1.798646,0.34546773
12.45,1.800597,0.34405544
12.46,1.804335,0.34106517
12.47,1.806122,0.33948719
12.48,1.807910,0.33790921
12.49,1.811310,0.33460870
12.50,1.812923,0.33288618
12.51,1.814535,0.33116366
12.52,1.817578,0.32759562
12.53,1.819008,0.32575010
12.54,1.820438,0.32390458
12.55,1.823110,0.32011217
12.56,1.824351,0.31816527
12.57,1.825592,0.31621837
12.58,1.827883,0.31224460
12.59,1.828932,0.31021773
12.60,1.829981,0.30819086
12.61,1.832172,0.30338275
12.62,1.833314,0.30060152
12.63,1.835120,0.29569553
12.64,1.835784,0.29357078
12.65,1.836448,0.29144602
12.66,1.837588,0.28717695
12.67,1.838064,0.28503264
12.68,1.838539,0.28288833
12.69,1.839307,0.27859835
12.70,1.839599,0.27645268
12.71,1.839891,0.27430700
12.72,1.840298,0.27003121
12.73,1.840413,0.26790109
12.74,1.840528,0.26577097
12.75,1.840589,0.26154182
12.76,1.840535,0.25944279
12.77,1.840481,0.25734376
12.78,1.840214,0.25319085
12.79,1.840001,0.25113696
12.80,1.839788,0.24908308
12.81,1.839212,0.24503296
12.82,1.838850,0.24303672
12.83,1.838488,0.24104048
12.84,1.837625,0.23711657
12.85,1.837125,0.23518889
12.86,1.836624,0.23326121
12.87,1.835497,0.22948372
12.88,1.834871,0.22763390
12.89,1.834244,0.22578408
12.90,1.832877,0.22217001
12.91,1.832137,0.22040575
12.92,1.831396,0.21864149
12.93,1.829813,0.21520468
12.94,1.828971,0.21353211
12.95,1.828129,0.21185955
12.96,1.826355,0.20861074
12.97,1.825423,0.20703449
12.98,1.824491,0.20545823
12.99,1.822551,0.20240521
13.00,1.821542,0.20092844
13.01,1.820533,0.19945167
13.02,1.818450,0.19659943
13.03,1.817375,0.19522395
13.04,1.816301,0.19384847
13.05,1.814099,0.19119937
13.06,1.812971,0.18992575
13.07,1.811842,0.18865212
13.08,1.809543,0.18620613
13.09,1.808372,0.18503376
13.10,1.807201,0.18386139
13.11,1.804826,0.18161630
13.12,1.803622,0.18054357
13.13,1.802419,0.17947085
13.14,1.799988,0.17742252
13.15,1.798761,0.17644692
13.16,1.797534,0.17547132
13.17,1.795066,0.17361396
13.18,1.793824,0.17273219
13.19,1.792583,0.17185043
13.20,1.790094,0.17017680
13.21,1.788846,0.16938494
13.22,1.787598,0.16859308
13.23,1.785103,0.16709480
13.24,1.783856,0.16638839
13.25,1.782608,0.16568198
13.26,1.780121,0.16434975
13.27,1.778881,0.16372393
13.28,1.777640,0.16309812
13.29,1.775172,0.16192195
13.30,1.773944,0.16137160
13.31,1.772716,0.16082125
13.32,1.770277,0.15979070
13.33,1.769066,0.15931050
13.34,1.767854,0.15883031
13.35,1.765453,0.15793468
13.36,1.764262,0.15751924
13.37,1.763072,0.15710381
13.38,1.760715,0.15633233
13.39,1.759548,0.15597628
13.40,1.758382,0.15562023
13.41,1.756075,0.15496221
13.42,1.754934,0.15466025
13.43,1.753794,0.15435828
13.44,1.752653,0.15405631
13.45,1.751541,0.15380329
13.46,1.750428,0.15355026
13.47,1.749316,0.15329723
13.48,1.747120,0.15283516
13.49,1.746037,0.15262612
13.50,1.744953,0.15241708
13.51,1.742817,0.15203830
13.52,1.741763,0.15186855
13.53,1.740710,0.15169880
13.54,1.738633,0.15139418
13.55,1.737609,0.15125930
13.56,1.736586,0.15112443
13.57,1.734569,0.15088543
13.58,1.733575,0.15078130
13.59,1.732581,0.15067718
13.60,1.730624,0.15049589
13.61,1.729660,0.15041872
13.62,1.728695,0.15034155
13.63,1.726796,0.15021068
13.64,1.725860,0.15015699
13.65,1.724925,0.15010330
13.66,1.723081,0.15001625
13.67,1.722173,0.14998288
13.68,1.721265,0.14994952
13.69,1.719652,0.14990347
13.70,1.718947,0.14989078
13.71,1.718242,0.14987809
13.72,1.717537,0.14986540
13.73,1.715976,0.14985183
13.74,1.715120,0.14985095
13.75,1.714264,0.14985007
13.76,1.712575,0.14986107
13.77,1.711743,0.14987295
13.78,1.710910,0.14988484
13.79,1.709268,0.14991943
13.80,1.708458,0.14994214
13.81,1.707648,0.14996484
13.82,1.706049,0.15001941
13.83,1.705260,0.15005126
13.84,1.704471,0.15008312
13.85,1.703066,0.15014664
13.86,1.702451,0.15017830
13.87,1.701835,0.15020996
13.88,1.701219,0.15024162
13.89,1.699852,0.15031937
13.90,1.699100,0.15036546
13.91,1.698349,0.15041155
13.92,1.696862,0.15050924
13.93,1.696127,0.15056084
13.94,1.695392,0.15061244
13.95,1.693937,0.15072033
13.96,1.693217,0.15077663
13.97,1.692497,0.15083292
13.98,1.691071,0.15094955
13.99,1.690365,0.15100988
14.00,1.689659,0.15107022
14.01,1.688399,0.15118164
14.02,1.687844,0.15123274
14.03,1.687289,0.15128383
14.04,1.686735,0.15133493
14.05,1.685498,0.15145305
14.06,1.684816,0.15152008
14.07,1.684134,0.15158710
14.08,1.682781,0.15172405
14.09,1.682109,0.15179397
14.10,1.681438,0.15186389
14.11,1.680104,0.15200646
14.12,1.679442,0.15207911
14.13,1.678779,0.15215176
14.14,1.677594,0.15228465
14.15,1.677071,0.15234488
14.16,1.676548,0.15240512
14.17,1.676025,0.15246536
14.18,1.674855,0.15260353
14.19,1.674209,0.15268146
14.20,1.673563,0.15275940
14.21,1.672277,0.15291796
14.22,1.671637,0.15299858
14.23,1.670997,0.15307920
14.24,1.669724,0.15324324
14.25,1.669090,0.15332665
14.26,1.668457,0.15341007
14.27,1.667320,0.15356256
14.28,1.666818,0.15363163
14.29,1.666315,0.15370071
14.30,1.665812,0.15376979
14.31,1.664686,0.15392832
14.32,1.664063,0.15401778
14.33,1.663439,0.15410723
14.34,1.662196,0.15428946
14.35,1.661577,0.15438223
14.36,1.660958,0.15447499
14.37,1.659846,0.15464480
14.38,1.659354,0.15472184
14.39,1.658861,0.15479888
14.40,1.658369,0.15487593
14.41,1.657264,0.15505304
14.42,1.656652,0.15515311
14.43,1.656040,0.15525318
14.44,1.654819,0.15545734
14.45,1.654210,0.15556142
14.46,1.653601,0.15566551
14.47,1.652508,0.15585627
14.48,1.652023,0.15594295
14.49,1.651538,0.15602963
14.50,1.651053,0.15611631
14.51,1.649964,0.15631586
14.52,1.649361,0.15642872
14.53,1.648757,0.15654159
14.54,1.647553,0.15677209
14.55,1.646951,0.15688972
14.56,1.646350,0.15700735
14.57,1.645270,0.15722308
14.58,1.644791,0.15732119
14.59,1.644312,0.15741930
14.60,1.643833,0.15751741
14.61,1.642757,0.15774340
14.62,1.642160,0.15787128
14.63,1.641563,0.15799915
14.64,1.640372,0.15826037
14.65,1.639778,0.15839372
14.66,1.639183,0.15852706
14.67,1.638114,0.15877162
14.68,1.637640,0.15888283
14.69,1.637166,0.15899405
14.70,1.636692,0.15910527
14.71,1.635628,0.15936137
14.72,1.635038,0.15950627
14.73,1.634447,0.15965116
14.74,1.633386,0.15991681
14.75,1.632915,0.16003757
14.76,1.632445,0.16015832
14.77,1.631974,0.16027908
14.78,1.630917,0.16055700
14.79,1.630331,0.16071416
14.80,1.629745,0.16087132
14.81,1.628575,0.16119201
14.82,1.627992,0.16135553
14.83,1.627408,0.16151905
14.84,1.626359,0.16181857
14.85,1.625894,0.16195457
14.86,1.625429,0.16209058
14.87,1.624964,0.16222658
14.88,1.623920,0.16253917
14.89,1.623341,0.16271575
14.90,1.622762,0.16289234
14.91,1.621722,0.16321552
14.92,1.621261,0.16336212
14.93,1.620800,0.16350872
14.94,1.620339,0.16365532
14.95,1.619305,0.16399188
14.96,1.618732,0.16418185
14.97,1.618158,0.16437181
14.98,1.617129,0.16471915
14.99,1.616672,0.16487652
15.00,1.616216,0.16503389
15.01,1.615760,0.16519127
15.02,1.614737,0.16555211
15.03,1.614169,0.16575558
15.04,1.613602,0.16595905
15.05,1.612472,0.16637273
15.06,1.611908,0.16658294
15.07,1.611344,0.16679314
15.08,1.610332,0.16717687
15.09,1.609884,0.16735040
15.10,1.609436,0.16752392
15.11,1.608988,0.16769744
15.12,1.607984,0.16809449
15.13,1.607428,0.16831802
15.14,1.606871,0.16854154
15.15,1.605873,0.16894912
15.16,1.605431,0.16913316
15.17,1.604990,0.16931721
15.18,1.604548,0.16950125
15.19,1.603558,0.16992177
15.20,1.603010,0.17015823
15.21,1.602462,0.17039470
15.22,1.601479,0.17082535
15.23,1.601044,0.17101953
15.24,1.600610,0.17121372
15.25,1.600175,0.17140790
15.26,1.599201,0.17185090
15.27,1.598662,0.17209972
15.28,1.598123,0.17234854
15.29,1.597157,0.17280113
15.30,1.596730,0.17300490
15.31,1.596302,0.17320867
15.32,1.595875,0.17341244
15.33,1.595025,0.17382452
15.34,1.594601,0.17403283
15.35,1.594178,0.17424114
15.36,1.593755,0.17444944
15.37,1.592808,0.17492356
15.38,1.592284,0.17518937
15.39,1.591760,0.17545518
15.40,1.590821,0.17593776
15.41,1.590406,0.17615453
15.42,1.589992,0.17637130
15.43,1.589577,0.17658808
15.44,1.588649,0.17708068
15.45,1.588136,0.17735651
15.46,1.587623,0.17763233
15.47,1.586704,0.17813246
15.48,1.586298,0.17835677
15.49,1.585892,0.17858107
15.50,1.585486,0.17880537
15.51,1.584579,0.17931427
15.52,1.584077,0.17959886
15.53,1.583576,0.17988345
15.54,1.582677,0.18039881
15.55,1.582281,0.18062957
15.56,1.581884,0.18086034
15.57,1.581487,0.18109110
15.58,1.580601,0.18161381
15.59,1.580111,0.18190575
15.60,1.579621,0.18219769
15.61,1.578744,0.18272567
15.62,1.578357,0.18296170
15.63,1.577970,0.18319774
15.64,1.577583,0.18343377
15.65,1.576813,0.18390799
15.66,1.576431,0.18414618
15.67,1.576048,0.18438437
15.68,1.575666,0.18462256
15.69,1.574812,0.18516077
15.70,1.574340,0.18546078
15.71,1.573868,0.18576079
15.72,1.573023,0.18630229
15.73,1.572650,0.18654378
15.74,1.572277,0.18678527
15.75,1.571904,0.18702675
15.76,1.571163,0.18751085
15.77,1.570795,0.18775346
15.78,1.570427,0.18799607
15.79,1.570058,0.18823868
15.80,1.569236,0.18878551
15.81,1.568781,0.18908973
15.82,1.568327,0.18939394
15.83,1.567513,0.18994193
15.84,1.567154,0.19018570
15.85,1.566795,0.19042947
15.86,1.566436,0.19067324
15.87,1.565723,0.19116081
15.88,1.565368,0.19140461
15.89,1.565013,0.19164840
15.90,1.564659,0.19189220
15.91,1.563866,0.19244032
15.92,1.563428,0.19274463
15.93,1.562990,0.19304895
15.94,1.562206,0.19359600
15.95,1.561859,0.19383873
15.96,1.561513,0.19408147
15.97,1.561167,0.19432420
15.98,1.560478,0.19480858
15.99,1.560135,0.19505022
16.00,1.559793,0.19529187
16.01,1.559450,0.19553351
16.02,1.558684,0.19607538
16.03,1.558261,0.19637561
16.04,1.557837,0.19667584
16.05,1.557078,0.19721442
16.06,1.556742,0.19745277
16.07,1.556407,0.19769112
16.08,1.556071,0.19792948
16.09,1.555403,0.19840400
16.10,1.555071,0.19864016
16.11,1.554738,0.19887632
16.12,1.554406,0.19911249
16.13,1.553662,0.19964067
16.14,1.553249,0.19993270
16.15,1.552837,0.20022472
16.16,1.552098,0.20074748
16.17,1.551771,0.20097821
16.18,1.551443,0.20120894
16.19,1.551116,0.20143967
16.20,1.550464,0.20189791
16.21,1.550139,0.20212541
16.22,1.549813,0.20235292
16.23,1.549488,0.20258042
16.24,1.548839,0.20303188
16.25,1.548516,0.20325584
16.26,1.548192,0.20347979
16.27,1.547869,0.20370375
16.28,1.547142,0.20420283
16.29,1.546739,0.20447795
16.30,1.546336,0.20475307
16.31,1.545612,0.20524413
16.32,1.545290,0.20546007
16.33,1.544969,0.20567601
16.34,1.544647,0.20589195
16.35,1.544004,0.20631939
16.36,1.543683,0.20653090
16.37,1.543362,0.20674240
16.38,1.543040,0.20695391
16.39,1.542398,0.20737222
16.40,1.542076,0.20757903
16.41,1.541755,0.20778583
16.42,1.541433,0.20799264
16.43,1.540709,0.20845177
16.44,1.540306,0.20870410
16.45,1.539903,0.20895643
16.46,1.539177,0.20940546
16.47,1.538853,0.20960216
16.48,1.538530,0.20979886
16.49,1.538206,0.20999556
16.50,1.537557,0.21038358
16.51,1.537232,0.21057491
16.52,1.536906,0.21076624
16.53,1.536581,0.21095757
16.54,1.535928,0.21133468
16.55,1.535600,0.21152046
16.56,1.535272,0.21170624
16.57,1.534944,0.21189202
16.58,1.534285,0.21225788
16.59,1.533954,0.21243795
16.60,1.533623,0.21261803
16.61,1.533292,0.21279810
16.62,1.532543,0.21319597
16.63,1.532125,0.21341376
16.64,1.531706,0.21363156
16.65,1.530949,0.21401765
16.66,1.530610,0.21418594
16.67,1.530270,0.21435423
16.68,1.529931,0.21452252
16.69,1.529248,0.21485308
16.70,1.528904,0.21501534
16.71,1.528560,0.21517761
16.72,1.528215,0.21533988
16.73,1.527521,0.21565833
16.74,1.527171,0.21581452
16.75,1.526821,0.21597071
16.76,1.526471,0.21612689
16.77,1.525764,0.21643317
16.78,1.525408,0.21658325
16.79,1.525051,0.21673334
16.80,1.524695,0.21688342
16.81,1.523974,0.21717750
16.82,1.523611,0.21732148
16.83,1.523247,0.21746547
16.84,1.522883,0.21760946
16.85,1.522147,0.21789137
16.86,1.521775,0.21802929
16.87,1.521404,0.21816722
16.88,1.521032,0.21830514
16.89,1.520184,0.21860797
16.90,1.519708,0.21877288
16.91,1.519232,0.21893779
16.92,1.518756,0.21910269
16.93,1.518269,0.21926022
16.94,1.517781,0.21941775
16.95,1.517293,0.21957528
16.96,1.516404,0.21985306
16.97,1.516004,0.21997331
16.98,1.515603,0.22009356
16.99,1.515202,0.22021382
17.00,1.514389,0.22044871
17.01,1.513977,0.22056335
17.02,1.513565,0.22067799
17.03,1.513153,0.22079263
17.04,1.512317,0.22101649
17.05,1.511893,0.22112572
17.06,1.511469,0.22123495
17.07,1.511045,0.22134417
17.08,1.510184,0.22155744
17.09,1.509747,0.22166148
17.10,1.509310,0.22176553
17.11,1.508873,0.22186957
17.12,1.507985,0.22207273
17.13,1.507534,0.22217186
17.14,1.507083,0.22227099
17.15,1.506632,0.22237011
17.16,1.505716,0.22256375
17.17,1.505250,0.22265826
17.18,1.504784,0.22275277
17.19,1.504319,0.22284728
17.20,1.503372,0.22303203
17.21,1.502891,0.22312227
17.22,1.502409,0.22321251
17.23,1.501928,0.22330274
17.24,1.500949,0.22347933
17.25,1.500451,0.22356567
17.26,1.499953,0.22365202
17.27,1.499455,0.22373836
17.28,1.498442,0.22390758
17.29,1.497927,0.22399045
17.30,1.497412,0.22407332
17.31,1.496896,0.22415620
17.32,1.495847,0.22431893
17.33,1.495313,0.22439879
17.34,1.494779,0.22447865
17.35,1.494246,0.22455851
17.36,1.493159,0.22471572
17.37,1.492605,0.22479307
17.38,1.492052,0.22487043
17.39,1.491499,0.22494778
17.40,1.490372,0.22510053
17.41,1.489798,0.22517593
17.42,1.489225,0.22525132
17.43,1.488651,0.22532672
17.44,1.487482,0.22547615
17.45,1.486887,0.22555018
17.46,1.486292,0.22562422
17.47,1.485697,0.22569825
17.48,1.484485,0.22584560
17.49,1.483867,0.22591892
17.50,1.483250,0.22599224
17.51,1.482632,0.22606556
17.52,1.481374,0.22621218
17.53,1.480733,0.22628547
17.54,1.480092,0.22635877
17.55,1.479451,0.22643207
17.56,1.478145,0.22657940
17.57,1.477479,0.22665343
17.58,1.476814,0.22672746
17.59,1.476148,0.22680149
17.60,1.474792,0.22695108
17.61,1.474101,0.22702665
17.62,1.473410,0.22710221
17.63,1.472719,0.22717778
17.64,1.471310,0.22733132
17.65,1.470592,0.22740929
17.66,1.469874,0.22748726
17.67,1.469157,0.22756523
17.68,1.467693,0.22772451
17.69,1.466948,0.22780581
17.70,1.466202,0.22788712
17.71,1.465457,0.22796843
17.72,1.463937,0.22813537
17.73,1.463163,0.22822101
17.74,1.462388,0.22830665
17.75,1.461614,0.22839229
17.76,1.460035,0.22856897
17.77,1.459231,0.22866002
17.78,1.458426,0.22875106
17.79,1.457622,0.22884210
17.80,1.456121,0.22901447
17.81,1.455425,0.22909580
17.82,1.454729,0.22917713
17.83,1.454032,0.22925845
17.84,1.453336,0.22933978
17.85,1.451772,0.22952647
17.86,1.450904,0.22963184
17.87,1.450036,0.22973721
17.88,1.449168,0.22984258
17.89,1.447399,0.23006241
17.90,1.446497,0.23017687
17.91,1.445596,0.23029133
17.92,1.444694,0.23040579
17.93,1.442857,0.23064521
17.94,1.441921,0.23077017
17.95,1.440984,0.23089513
17.96,1.440048,0.23102009
17.97,1.438140,0.23128201
17.98,1.437168,0.23141897
17.99,1.436196,0.23155594
18.00,1.435223,0.23169290
18.01,1.433242,0.23198045
18.02,1.432233,0.23213104
18.03,1.431223,0.23228162
18.04,1.430214,0.23243221
18.05,1.428157,0.23274872
18.06,1.427109,0.23291465
18.07,1.426062,0.23308058
18.08,1.425014,0.23324651
18.09,1.423060,0.23356505
18.10,1.422154,0.23371765
18.11,1.421248,0.23387026
18.12,1.420342,0.23402287
18.13,1.419436,0.23417547
18.14,1.417401,0.23453038
18.15,1.416273,0.23473268
18.16,1.415145,0.23493498
18.17,1.414017,0.23513728
18.18,1.411718,0.23556318
18.19,1.410548,0.23578677
18.20,1.409377,0.23601037
18.21,1.408207,0.23623396
18.22,1.405823,0.23670472
18.23,1.404609,0.23695188
18.24,1.403396,0.23719903
18.25,1.402182,0.23744619
18.26,1.399710,0.23796650
18.27,1.398452,0.23823965
18.28,1.397193,0.23851279
18.29,1.395935,0.23878594
18.30,1.393373,0.23936083
18.31,1.392069,0.23966257
18.32,1.390765,0.23996430
18.33,1.389461,0.24026604
18.34,1.388157,0.24056778
18.35,1.386806,0.24090088
18.36,1.385455,0.24123399
18.37,1.384104,0.24156709
18.38,1.382753,0.24190020
18.39,1.380004,0.24260075
18.40,1.378605,0.24296820
18.41,1.377206,0.24333565
18.42,1.375807,0.24370309
18.43,1.372960,0.24447551
18.44,1.371512,0.24488048
18.45,1.370064,0.24528545
18.46,1.368616,0.24569042
18.47,1.365670,0.24654128
18.48,1.364172,0.24698717
18.49,1.362673,0.24743306
18.50,1.361175,0.24787895
18.51,1.358386,0.24873355
18.52,1.357095,0.24914225
18.53,1.355804,0.24955095
18.54,1.354513,0.24995965
18.55,1.353222,0.25036836
18.56,1.350330,0.25131593
18.57,1.348729,0.25185481
18.58,1.347128,0.25239368
18.59,1.345527,0.25293255
18.60,1.342272,0.25406287
18.61,1.340619,0.25465431
18.62,1.338965,0.25524575
18.63,1.337312,0.25583720
18.64,1.334236,0.25696899
18.65,1.332813,0.25750935
18.66,1.331391,0.25804970
18.67,1.329969,0.25859005
18.68,1.328546,0.25913041
18.69,1.325364,0.26038087
18.70,1.323603,0.26109098
18.71,1.321843,0.26180109
18.72,1.320083,0.26251120
18.73,1.316508,0.26399810
18.74,1.314694,0.26477490
18.75,1.312880,0.26555170
18.76,1.311066,0.26632850
18.77,1.307696,0.26781263
18.78,1.306139,0.26851998
18.79,1.304582,0.26922732
18.80,1.303026,0.26993466
18.81,1.301469,0.27064200
18.82,1.297992,0.27227581
18.83,1.296070,0.27320228
18.84,1.294149,0.27412875
18.85,1.292228,0.27505522
18.86,1.288332,0.27699180
18.87,1.286358,0.27800192
18.88,1.284384,0.27901204
18.89,1.282410,0.28002216
18.90,1.278747,0.28194904
18.91,1.277058,0.28286580
18.92,1.275370,0.28378255
18.93,1.273682,0.28469931
18.94,1.271993,0.28561607
18.95,1.268228,0.28772961
18.96,1.266151,0.28892640
18.97,1.264075,0.29012319
18.98,1.261998,0.29131998
18.99,1.257796,0.29381728
19.00,1.255671,0.29511779
19.01,1.253545,0.29641831
19.02,1.251420,0.29771882
19.03,1.247485,0.30019570
19.04,1.245675,0.30137206
19.05,1.243865,0.30254842
19.06,1.242055,0.30372478
19.07,1.240246,0.30490115
19.08,1.236221,0.30760800
19.09,1.234006,0.30913849
19.10,1.231791,0.31066898
19.11,1.229576,0.31219947
19.12,1.225482,0.31511113
19.13,1.223603,0.31649229
19.14,1.221724,0.31787346
19.15,1.219845,0.31925462
19.16,1.217966,0.32063578
19.17,1.213797,0.32380958
19.18,1.211507,0.32560221
19.19,1.209218,0.32739485
19.20,1.206928,0.32918748
19.21,1.202319,0.33291655
19.22,1.199999,0.33485298
19.23,1.197680,0.33678941
19.24,1.195360,0.33872584
19.25,1.191088,0.34240307
19.26,1.189136,0.34414387
19.27,1.187184,0.34588467
19.28,1.185231,0.34762547
19.29,1.183279,0.34936626
19.30,1.178968,0.35335734
19.31,1.176610,0.35560762
19.32,1.174251,0.35785790
19.33,1.171893,0.36010818
19.34,1.167563,0.36437541
19.35,1.165592,0.36639237
19.36,1.163620,0.36840933
19.37,1.161649,0.37042629
19.38,1.159678,0.37244325
19.39,1.155344,0.37705919
19.40,1.152981,0.37965817
19.41,1.150619,0.38225715
19.42,1.148256,0.38485613
19.43,1.143937,0.38977661
19.44,1.141980,0.39209810
19.45,1.140024,0.39441959
19.46,1.138067,0.39674109
19.47,1.136110,0.39906258
19.48,1.131833,0.40436427
19.49,1.129512,0.40734447
19.50,1.127192,0.41032466
19.51,1.124871,0.41330486
19.52,1.120652,0.41893619
19.53,1.118753,0.42158732
19.54,1.116854,0.42423845
19.55,1.114955,0.42688958
19.56,1.113056,0.42954071
19.57,1.108936,0.43558001
19.58,1.106715,0.43896817
19.59,1.104494,0.44235633
19.60,1.102274,0.44574449
19.61,1.098265,0.45213198
19.62,1.096476,0.45513131
19.63,1.094688,0.45813065
19.64,1.092900,0.46112998
19.65,1.091112,0.46412931
19.66,1.087272,0.47094138
19.67,1.085220,0.47475413
19.68,1.083168,0.47856687
19.69,1.081116,0.48237962
19.70,1.077449,0.48954803
19.71,1.075833,0.49290369
19.72,1.074218,0.49625935
19.73,1.072603,0.49961501
19.74,1.070987,0.50297068
19.75,1.067567,0.51056540
19.76,1.065763,0.51480447
19.77,1.063959,0.51904353
19.78,1.062154,0.52328260
19.79,1.058975,0.53122755
19.80,1.057601,0.53493344
19.81,1.056226,0.53863933
19.82,1.054852,0.54234521
19.83,1.053477,0.54605110
19.84,1.050629,0.55440516
19.85,1.049155,0.55905333
19.86,1.047682,0.56370150
19.87,1.046208,0.56834967
19.88,1.043670,0.57703094
19.89,1.042606,0.58106403
19.90,1.041542,0.58509713
19.91,1.040477,0.58913023
19.92,1.039413,0.59316332
19.93,1.037465,0.60137901
19.94,1.036580,0.60556160
19.95,1.035696,0.60974419
19.96,1.034812,0.61392678
19.97,1.033928,0.61810937
19.98,1.033043,0.62229195
19.99,1.033043,0.62229195
20.00,1.033043,0.62229195